image_path,original_class,label
/content/drive/MyDrive/Brain_Tumor_CNN_Project/dataset/Epic and CSCR hospital Dataset/Train/notumor/Tr-no_0343.jpg,notumor,0
/content/drive/MyDrive/Brain_Tumor_CNN_Project/dataset/Epic and CSCR hospital Dataset/Train/glioma/G_805_DA_.jpg,glioma,1
/content/drive/MyDrive/Brain_Tumor_CNN_Project/dataset/Epic and CSCR hospital Dataset/Train/glioma/G_771_DA_.jpg,glioma,1
/content/drive/MyDrive/Brain_Tumor_CNN_Project/dataset/Epic and CSCR hospital Dataset/Train/notumor/1591.jpg,notumor,0
/content/drive/MyDrive/Brain_Tumor_CNN_Project/dataset/Epic and CSCR hospital Dataset/Train/glioma/Tr-gl_0241.jpg,glioma,1
/content/drive/MyDrive/Brain_Tumor_CNN_Project/dataset/Epic and CSCR hospital Dataset/Train/pituitary/P_77_SP_.jpg,pituitary,1
/content/drive/MyDrive/Brain_Tumor_CNN_Project/dataset/Epic and CSCR hospital Dataset/Train/glioma/gg (43).jpg,glioma,1
/content/drive/MyDrive/Brain_Tumor_CNN_Project/dataset/Epic and CSCR hospital Dataset/Train/meningioma/Tr-me_0623.jpg,meningioma,1
/content/drive/MyDrive/Brain_Tumor_CNN_Project/dataset/Epic and CSCR hospital Dataset/Train/notumor/Tr-no_0274.jpg,notumor,0
/content/drive/MyDrive/Brain_Tumor_CNN_Project/dataset/Epic and CSCR hospital Dataset/Train/glioma/G_777_BR_.jpg,glioma,1
/content/drive/MyDrive/Brain_Tumor_CNN_Project/dataset/Epic and CSCR hospital Dataset/Train/pituitary/Tr-pi_1401.jpg,pituitary,1
/content/drive/MyDrive/Brain_Tumor_CNN_Project/dataset/Epic and CSCR hospital Dataset/Train/meningioma/M_862.jpg,meningioma,1
/content/drive/MyDrive/Brain_Tumor_CNN_Project/dataset/Epic and CSCR hospital Dataset/Train/glioma/gg (39).jpg,glioma,1
/content/drive/MyDrive/Brain_Tumor_CNN_Project/dataset/Epic and CSCR hospital Dataset/Train/pituitary/p (515).jpg,pituitary,1
/content/drive/MyDrive/Brain_Tumor_CNN_Project/dataset/Epic and CSCR hospital Dataset/Train/pituitary/Tr-pi_0411.jpg,pituitary,1
/content/drive/MyDrive/Brain_Tumor_CNN_Project/dataset/Epic and CSCR hospital Dataset/Train/glioma/gg (464).jpg,glioma,1
/content/drive/MyDrive/Brain_Tumor_CNN_Project/dataset/Epic and CSCR hospital Dataset/Train/pituitary/p (547).jpg,pituitary,1
/content/drive/MyDrive/Brain_Tumor_CNN_Project/dataset/Epic and CSCR hospital Dataset/Train/meningioma/M_882_BR_.jpg,meningioma,1
/content/drive/MyDrive/Brain_Tumor_CNN_Project/dataset/Epic and CSCR hospital Dataset/Train/notumor/34 no.jpg,notumor,0
/content/drive/MyDrive/Brain_Tumor_CNN_Project/dataset/Epic and CSCR hospital Dataset/Train/notumor/Tr-no_0073.jpg,notumor,0
/content/drive/MyDrive/Brain_Tumor_CNN_Project/dataset/Epic and CSCR hospital Dataset/Train/pituitary/Tr-pi_1136.jpg,pituitary,1
/content/drive/MyDrive/Brain_Tumor_CNN_Project/dataset/Epic and CSCR hospital Dataset/Train/pituitary/Te-pi_0130.jpg,pituitary,1
/content/drive/MyDrive/Brain_Tumor_CNN_Project/dataset/Epic and CSCR hospital Dataset/Train/meningioma/m2 (154).jpg,meningioma,1
/content/drive/MyDrive/Brain_Tumor_CNN_Project/dataset/Epic and CSCR hospital Dataset/Train/pituitary/Tr-pi_0594.jpg,pituitary,1
/content/drive/MyDrive/Brain_Tumor_CNN_Project/dataset/Epic and CSCR hospital Dataset/Train/pituitary/P_726_DA_.jpg,pituitary,1
/content/drive/MyDrive/Brain_Tumor_CNN_Project/dataset/Epic and CSCR hospital Dataset/Train/glioma/Tr-gl_0148.jpg,glioma,1
/content/drive/MyDrive/Brain_Tumor_CNN_Project/dataset/Epic and CSCR hospital Dataset/Train/notumor/1654.jpg,notumor,0
/content/drive/MyDrive/Brain_Tumor_CNN_Project/dataset/Epic and CSCR hospital Dataset/Train/glioma/G_769_VF_.jpg,glioma,1
/content/drive/MyDrive/Brain_Tumor_CNN_Project/dataset/Epic and CSCR hospital Dataset/Train/notumor/N_57_VF_.jpg,notumor,0
/content/drive/MyDrive/Brain_Tumor_CNN_Project/dataset/Epic and CSCR hospital Dataset/Train/glioma/G_882_DA_.jpg,glioma,1
/content/drive/MyDrive/Brain_Tumor_CNN_Project/dataset/Epic and CSCR hospital Dataset/Train/notumor/Te-no_0171.jpg,notumor,0
/content/drive/MyDrive/Brain_Tumor_CNN_Project/dataset/Epic and CSCR hospital Dataset/Train/glioma/Tr-gl_0477.jpg,glioma,1
/content/drive/MyDrive/Brain_Tumor_CNN_Project/dataset/Epic and CSCR hospital Dataset/Train/glioma/Tr-gl_0447.jpg,glioma,1
/content/drive/MyDrive/Brain_Tumor_CNN_Project/dataset/Epic and CSCR hospital Dataset/Train/pituitary/Tr-pi_0584.jpg,pituitary,1
/content/drive/MyDrive/Brain_Tumor_CNN_Project/dataset/Epic and CSCR hospital Dataset/Train/pituitary/Tr-pi_0521.jpg,pituitary,1
/content/drive/MyDrive/Brain_Tumor_CNN_Project/dataset/Epic and CSCR hospital Dataset/Train/pituitary/P_750_SP_.jpg,pituitary,1
/content/drive/MyDrive/Brain_Tumor_CNN_Project/dataset/Epic and CSCR hospital Dataset/Train/pituitary/Tr-pi_1096.jpg,pituitary,1
/content/drive/MyDrive/Brain_Tumor_CNN_Project/dataset/Epic and CSCR hospital Dataset/Train/glioma/G_849_BR_.jpg,glioma,1
/content/drive/MyDrive/Brain_Tumor_CNN_Project/dataset/Epic and CSCR hospital Dataset/Train/meningioma/M_863_BR_.jpg,meningioma,1
/content/drive/MyDrive/Brain_Tumor_CNN_Project/dataset/Epic and CSCR hospital Dataset/Train/meningioma/M_876_VF_.jpg,meningioma,1
/content/drive/MyDrive/Brain_Tumor_CNN_Project/dataset/Epic and CSCR hospital Dataset/Train/notumor/Te-no_0283.jpg,notumor,0
/content/drive/MyDrive/Brain_Tumor_CNN_Project/dataset/Epic and CSCR hospital Dataset/Train/pituitary/P_826_BR_.jpg,pituitary,1
/content/drive/MyDrive/Brain_Tumor_CNN_Project/dataset/Epic and CSCR hospital Dataset/Train/notumor/Tr-no_0540.jpg,notumor,0
/content/drive/MyDrive/Brain_Tumor_CNN_Project/dataset/Epic and CSCR hospital Dataset/Train/meningioma/Tr-me_0809.jpg,meningioma,1
/content/drive/MyDrive/Brain_Tumor_CNN_Project/dataset/Epic and CSCR hospital Dataset/Train/notumor/image(158) - Copy.jpg,notumor,0
/content/drive/MyDrive/Brain_Tumor_CNN_Project/dataset/Epic and CSCR hospital Dataset/Train/meningioma/M_827_BR_.jpg,meningioma,1
/content/drive/MyDrive/Brain_Tumor_CNN_Project/dataset/Epic and CSCR hospital Dataset/Train/meningioma/Te-me_0163.jpg,meningioma,1
/content/drive/MyDrive/Brain_Tumor_CNN_Project/dataset/Epic and CSCR hospital Dataset/Train/meningioma/Tr-me_1209.jpg,meningioma,1
/content/drive/MyDrive/Brain_Tumor_CNN_Project/dataset/Epic and CSCR hospital Dataset/Train/pituitary/P_831_VF_.jpg,pituitary,1
/content/drive/MyDrive/Brain_Tumor_CNN_Project/dataset/Epic and CSCR hospital Dataset/Train/notumor/Tr-no_0389.jpg,notumor,0
/content/drive/MyDrive/Brain_Tumor_CNN_Project/dataset/Epic and CSCR hospital Dataset/Train/pituitary/P_759_SP_.jpg,pituitary,1
/content/drive/MyDrive/Brain_Tumor_CNN_Project/dataset/Epic and CSCR hospital Dataset/Train/glioma/G_769_RO_.jpg,glioma,1
/content/drive/MyDrive/Brain_Tumor_CNN_Project/dataset/Epic and CSCR hospital Dataset/Train/notumor/1683.jpg,notumor,0
/content/drive/MyDrive/Brain_Tumor_CNN_Project/dataset/Epic and CSCR hospital Dataset/Train/glioma/Tr-gl_0125.jpg,glioma,1
/content/drive/MyDrive/Brain_Tumor_CNN_Project/dataset/Epic and CSCR hospital Dataset/Train/glioma/G_814_BR_.jpg,glioma,1
/content/drive/MyDrive/Brain_Tumor_CNN_Project/dataset/Epic and CSCR hospital Dataset/Train/meningioma/Tr-me_0383.jpg,meningioma,1
/content/drive/MyDrive/Brain_Tumor_CNN_Project/dataset/Epic and CSCR hospital Dataset/Train/glioma/Tr-gl_0303.jpg,glioma,1
/content/drive/MyDrive/Brain_Tumor_CNN_Project/dataset/Epic and CSCR hospital Dataset/Train/glioma/Tr-gl_0133.jpg,glioma,1
/content/drive/MyDrive/Brain_Tumor_CNN_Project/dataset/Epic and CSCR hospital Dataset/Train/meningioma/Tr-me_1025.jpg,meningioma,1
/content/drive/MyDrive/Brain_Tumor_CNN_Project/dataset/Epic and CSCR hospital Dataset/Train/meningioma/Tr-me_0897.jpg,meningioma,1
/content/drive/MyDrive/Brain_Tumor_CNN_Project/dataset/Epic and CSCR hospital Dataset/Train/glioma/image(19).jpg,glioma,1
/content/drive/MyDrive/Brain_Tumor_CNN_Project/dataset/Epic and CSCR hospital Dataset/Train/glioma/G_724_VF_.jpg,glioma,1
/content/drive/MyDrive/Brain_Tumor_CNN_Project/dataset/Epic and CSCR hospital Dataset/Train/meningioma/Tr-me_0820.jpg,meningioma,1
/content/drive/MyDrive/Brain_Tumor_CNN_Project/dataset/Epic and CSCR hospital Dataset/Train/meningioma/Te-me_0289.jpg,meningioma,1
/content/drive/MyDrive/Brain_Tumor_CNN_Project/dataset/Epic and CSCR hospital Dataset/Train/glioma/G_800_HF_.jpg,glioma,1
/content/drive/MyDrive/Brain_Tumor_CNN_Project/dataset/Epic and CSCR hospital Dataset/Train/glioma/G_774_VF_.jpg,glioma,1
/content/drive/MyDrive/Brain_Tumor_CNN_Project/dataset/Epic and CSCR hospital Dataset/Train/pituitary/Tr-pi_0543.jpg,pituitary,1
/content/drive/MyDrive/Brain_Tumor_CNN_Project/dataset/Epic and CSCR hospital Dataset/Train/pituitary/p (596).jpg,pituitary,1
/content/drive/MyDrive/Brain_Tumor_CNN_Project/dataset/Epic and CSCR hospital Dataset/Train/glioma/G_773_VF_.jpg,glioma,1
/content/drive/MyDrive/Brain_Tumor_CNN_Project/dataset/Epic and CSCR hospital Dataset/Train/meningioma/M_861_VF_.jpg,meningioma,1
/content/drive/MyDrive/Brain_Tumor_CNN_Project/dataset/Epic and CSCR hospital Dataset/Train/pituitary/P_785_SP_.jpg,pituitary,1
/content/drive/MyDrive/Brain_Tumor_CNN_Project/dataset/Epic and CSCR hospital Dataset/Train/pituitary/P_762.jpg,pituitary,1
/content/drive/MyDrive/Brain_Tumor_CNN_Project/dataset/Epic and CSCR hospital Dataset/Train/pituitary/Tr-pi_1051.jpg,pituitary,1
/content/drive/MyDrive/Brain_Tumor_CNN_Project/dataset/Epic and CSCR hospital Dataset/Train/glioma/G_850_VF_.jpg,glioma,1
/content/drive/MyDrive/Brain_Tumor_CNN_Project/dataset/Epic and CSCR hospital Dataset/Train/meningioma/Tr-me_0345.jpg,meningioma,1
/content/drive/MyDrive/Brain_Tumor_CNN_Project/dataset/Epic and CSCR hospital Dataset/Train/glioma/G_867_DA_.jpg,glioma,1
/content/drive/MyDrive/Brain_Tumor_CNN_Project/dataset/Epic and CSCR hospital Dataset/Train/notumor/N_422_VF_.jpg,notumor,0
/content/drive/MyDrive/Brain_Tumor_CNN_Project/dataset/Epic and CSCR hospital Dataset/Train/pituitary/Tr-pi_0627.jpg,pituitary,1
/content/drive/MyDrive/Brain_Tumor_CNN_Project/dataset/Epic and CSCR hospital Dataset/Train/pituitary/Tr-pi_0639.jpg,pituitary,1
/content/drive/MyDrive/Brain_Tumor_CNN_Project/dataset/Epic and CSCR hospital Dataset/Train/notumor/Tr-no_0671.jpg,notumor,0
/content/drive/MyDrive/Brain_Tumor_CNN_Project/dataset/Epic and CSCR hospital Dataset/Train/glioma/gg (448).jpg,glioma,1
/content/drive/MyDrive/Brain_Tumor_CNN_Project/dataset/Epic and CSCR hospital Dataset/Train/glioma/G_756_VF_.jpg,glioma,1
/content/drive/MyDrive/Brain_Tumor_CNN_Project/dataset/Epic and CSCR hospital Dataset/Train/pituitary/p (491).jpg,pituitary,1
/content/drive/MyDrive/Brain_Tumor_CNN_Project/dataset/Epic and CSCR hospital Dataset/Train/glioma/Tr-gl_0918.jpg,glioma,1
/content/drive/MyDrive/Brain_Tumor_CNN_Project/dataset/Epic and CSCR hospital Dataset/Train/glioma/G_770_RO_.jpg,glioma,1
/content/drive/MyDrive/Brain_Tumor_CNN_Project/dataset/Epic and CSCR hospital Dataset/Train/pituitary/Tr-pi_0237.jpg,pituitary,1
/content/drive/MyDrive/Brain_Tumor_CNN_Project/dataset/Epic and CSCR hospital Dataset/Train/glioma/Te-gl_0089.jpg,glioma,1
/content/drive/MyDrive/Brain_Tumor_CNN_Project/dataset/Epic and CSCR hospital Dataset/Train/glioma/Tr-gl_1205.jpg,glioma,1
/content/drive/MyDrive/Brain_Tumor_CNN_Project/dataset/Epic and CSCR hospital Dataset/Train/pituitary/Tr-pi_0701.jpg,pituitary,1
/content/drive/MyDrive/Brain_Tumor_CNN_Project/dataset/Epic and CSCR hospital Dataset/Train/meningioma/Tr-me_0526.jpg,meningioma,1
/content/drive/MyDrive/Brain_Tumor_CNN_Project/dataset/Epic and CSCR hospital Dataset/Train/meningioma/M_838_SP_.jpg,meningioma,1
/content/drive/MyDrive/Brain_Tumor_CNN_Project/dataset/Epic and CSCR hospital Dataset/Train/meningioma/M_865.jpg,meningioma,1
/content/drive/MyDrive/Brain_Tumor_CNN_Project/dataset/Epic and CSCR hospital Dataset/Train/meningioma/Tr-me_1136.jpg,meningioma,1
/content/drive/MyDrive/Brain_Tumor_CNN_Project/dataset/Epic and CSCR hospital Dataset/Train/meningioma/1386.jpg,meningioma,1
/content/drive/MyDrive/Brain_Tumor_CNN_Project/dataset/Epic and CSCR hospital Dataset/Train/glioma/Tr-gl_0538.jpg,glioma,1
/content/drive/MyDrive/Brain_Tumor_CNN_Project/dataset/Epic and CSCR hospital Dataset/Train/glioma/Tr-gl_0265.jpg,glioma,1
/content/drive/MyDrive/Brain_Tumor_CNN_Project/dataset/Epic and CSCR hospital Dataset/Train/notumor/Te-no_0247.jpg,notumor,0
/content/drive/MyDrive/Brain_Tumor_CNN_Project/dataset/Epic and CSCR hospital Dataset/Train/meningioma/Tr-me_0456.jpg,meningioma,1
/content/drive/MyDrive/Brain_Tumor_CNN_Project/dataset/Epic and CSCR hospital Dataset/Train/glioma/G_863_VF_.jpg,glioma,1
/content/drive/MyDrive/Brain_Tumor_CNN_Project/dataset/Epic and CSCR hospital Dataset/Train/glioma/G_708.jpg,glioma,1
/content/drive/MyDrive/Brain_Tumor_CNN_Project/dataset/Epic and CSCR hospital Dataset/Train/glioma/G_826_RO_.jpg,glioma,1
/content/drive/MyDrive/Brain_Tumor_CNN_Project/dataset/Epic and CSCR hospital Dataset/Train/pituitary/Tr-pi_0371.jpg,pituitary,1
/content/drive/MyDrive/Brain_Tumor_CNN_Project/dataset/Epic and CSCR hospital Dataset/Train/glioma/Tr-gl_0064.jpg,glioma,1
/content/drive/MyDrive/Brain_Tumor_CNN_Project/dataset/Epic and CSCR hospital Dataset/Train/glioma/G_832_HF_.jpg,glioma,1
/content/drive/MyDrive/Brain_Tumor_CNN_Project/dataset/Epic and CSCR hospital Dataset/Train/notumor/Tr-no_0596.jpg,notumor,0
/content/drive/MyDrive/Brain_Tumor_CNN_Project/dataset/Epic and CSCR hospital Dataset/Train/meningioma/Tr-me_1227.jpg,meningioma,1
/content/drive/MyDrive/Brain_Tumor_CNN_Project/dataset/Epic and CSCR hospital Dataset/Train/meningioma/M_870_VF_.jpg,meningioma,1
/content/drive/MyDrive/Brain_Tumor_CNN_Project/dataset/Epic and CSCR hospital Dataset/Train/glioma/gg (465).jpg,glioma,1
/content/drive/MyDrive/Brain_Tumor_CNN_Project/dataset/Epic and CSCR hospital Dataset/Train/meningioma/m2 (98).jpg,meningioma,1
/content/drive/MyDrive/Brain_Tumor_CNN_Project/dataset/Epic and CSCR hospital Dataset/Train/pituitary/P_819_RO_.jpg,pituitary,1
/content/drive/MyDrive/Brain_Tumor_CNN_Project/dataset/Epic and CSCR hospital Dataset/Train/glioma/Tr-gl_1156.jpg,glioma,1
/content/drive/MyDrive/Brain_Tumor_CNN_Project/dataset/Epic and CSCR hospital Dataset/Train/glioma/gg (564).jpg,glioma,1
/content/drive/MyDrive/Brain_Tumor_CNN_Project/dataset/Epic and CSCR hospital Dataset/Train/notumor/1691.jpg,notumor,0
/content/drive/MyDrive/Brain_Tumor_CNN_Project/dataset/Epic and CSCR hospital Dataset/Train/glioma/Te-gl_0141.jpg,glioma,1
/content/drive/MyDrive/Brain_Tumor_CNN_Project/dataset/Epic and CSCR hospital Dataset/Train/meningioma/Tr-me_0192.jpg,meningioma,1
/content/drive/MyDrive/Brain_Tumor_CNN_Project/dataset/Epic and CSCR hospital Dataset/Train/meningioma/m3 (101).jpg,meningioma,1
/content/drive/MyDrive/Brain_Tumor_CNN_Project/dataset/Epic and CSCR hospital Dataset/Train/meningioma/Tr-me_0312.jpg,meningioma,1
/content/drive/MyDrive/Brain_Tumor_CNN_Project/dataset/Epic and CSCR hospital Dataset/Train/meningioma/Tr-me_0108.jpg,meningioma,1
/content/drive/MyDrive/Brain_Tumor_CNN_Project/dataset/Epic and CSCR hospital Dataset/Train/notumor/Tr-no_0694.jpg,notumor,0
/content/drive/MyDrive/Brain_Tumor_CNN_Project/dataset/Epic and CSCR hospital Dataset/Train/glioma/G_770.jpg,glioma,1
/content/drive/MyDrive/Brain_Tumor_CNN_Project/dataset/Epic and CSCR hospital Dataset/Train/meningioma/M_842_DA_.jpg,meningioma,1
/content/drive/MyDrive/Brain_Tumor_CNN_Project/dataset/Epic and CSCR hospital Dataset/Train/glioma/G_871_SP_.jpg,glioma,1
/content/drive/MyDrive/Brain_Tumor_CNN_Project/dataset/Epic and CSCR hospital Dataset/Train/glioma/Tr-gl_0992.jpg,glioma,1
/content/drive/MyDrive/Brain_Tumor_CNN_Project/dataset/Epic and CSCR hospital Dataset/Train/glioma/Tr-gl_0196.jpg,glioma,1
/content/drive/MyDrive/Brain_Tumor_CNN_Project/dataset/Epic and CSCR hospital Dataset/Train/glioma/Tr-gl_0618.jpg,glioma,1
/content/drive/MyDrive/Brain_Tumor_CNN_Project/dataset/Epic and CSCR hospital Dataset/Train/notumor/1606.jpg,notumor,0
/content/drive/MyDrive/Brain_Tumor_CNN_Project/dataset/Epic and CSCR hospital Dataset/Train/pituitary/Tr-pi_1372.jpg,pituitary,1
/content/drive/MyDrive/Brain_Tumor_CNN_Project/dataset/Epic and CSCR hospital Dataset/Train/notumor/Tr-no_0199.jpg,notumor,0
/content/drive/MyDrive/Brain_Tumor_CNN_Project/dataset/Epic and CSCR hospital Dataset/Train/meningioma/M_847_BR_.jpg,meningioma,1
/content/drive/MyDrive/Brain_Tumor_CNN_Project/dataset/Epic and CSCR hospital Dataset/Train/notumor/N_39.jpg,notumor,0
/content/drive/MyDrive/Brain_Tumor_CNN_Project/dataset/Epic and CSCR hospital Dataset/Train/glioma/G_787_HF_.jpg,glioma,1
/content/drive/MyDrive/Brain_Tumor_CNN_Project/dataset/Epic and CSCR hospital Dataset/Train/notumor/N_374_SP_.jpg,notumor,0
/content/drive/MyDrive/Brain_Tumor_CNN_Project/dataset/Epic and CSCR hospital Dataset/Train/notumor/N_402.jpg,notumor,0
/content/drive/MyDrive/Brain_Tumor_CNN_Project/dataset/Epic and CSCR hospital Dataset/Train/notumor/N_404_HF_.jpg,notumor,0
/content/drive/MyDrive/Brain_Tumor_CNN_Project/dataset/Epic and CSCR hospital Dataset/Train/meningioma/M_829_BR_.jpg,meningioma,1
/content/drive/MyDrive/Brain_Tumor_CNN_Project/dataset/Epic and CSCR hospital Dataset/Train/pituitary/Tr-pi_0667.jpg,pituitary,1
/content/drive/MyDrive/Brain_Tumor_CNN_Project/dataset/Epic and CSCR hospital Dataset/Train/meningioma/Tr-me_0279.jpg,meningioma,1
/content/drive/MyDrive/Brain_Tumor_CNN_Project/dataset/Epic and CSCR hospital Dataset/Train/glioma/Tr-gl_0035.jpg,glioma,1
/content/drive/MyDrive/Brain_Tumor_CNN_Project/dataset/Epic and CSCR hospital Dataset/Train/glioma/Tr-gl_0566.jpg,glioma,1
/content/drive/MyDrive/Brain_Tumor_CNN_Project/dataset/Epic and CSCR hospital Dataset/Train/pituitary/P_747_HF_.jpg,pituitary,1
/content/drive/MyDrive/Brain_Tumor_CNN_Project/dataset/Epic and CSCR hospital Dataset/Train/meningioma/M_871_SP_.jpg,meningioma,1
/content/drive/MyDrive/Brain_Tumor_CNN_Project/dataset/Epic and CSCR hospital Dataset/Train/meningioma/Tr-me_0161.jpg,meningioma,1
/content/drive/MyDrive/Brain_Tumor_CNN_Project/dataset/Epic and CSCR hospital Dataset/Train/glioma/G_855_RO_.jpg,glioma,1
/content/drive/MyDrive/Brain_Tumor_CNN_Project/dataset/Epic and CSCR hospital Dataset/Train/meningioma/Tr-me_1054.jpg,meningioma,1
/content/drive/MyDrive/Brain_Tumor_CNN_Project/dataset/Epic and CSCR hospital Dataset/Train/glioma/G_710_RO_.jpg,glioma,1
/content/drive/MyDrive/Brain_Tumor_CNN_Project/dataset/Epic and CSCR hospital Dataset/Train/notumor/N_399_BR_.jpg,notumor,0
/content/drive/MyDrive/Brain_Tumor_CNN_Project/dataset/Epic and CSCR hospital Dataset/Train/glioma/Te-gl_0228.jpg,glioma,1
/content/drive/MyDrive/Brain_Tumor_CNN_Project/dataset/Epic and CSCR hospital Dataset/Train/pituitary/P_820_DA_.jpg,pituitary,1
/content/drive/MyDrive/Brain_Tumor_CNN_Project/dataset/Epic and CSCR hospital Dataset/Train/meningioma/1423.jpg,meningioma,1
/content/drive/MyDrive/Brain_Tumor_CNN_Project/dataset/Epic and CSCR hospital Dataset/Train/meningioma/Tr-me_0877.jpg,meningioma,1
/content/drive/MyDrive/Brain_Tumor_CNN_Project/dataset/Epic and CSCR hospital Dataset/Train/notumor/N_56_SP_.jpg,notumor,0
/content/drive/MyDrive/Brain_Tumor_CNN_Project/dataset/Epic and CSCR hospital Dataset/Train/meningioma/1410.jpg,meningioma,1
/content/drive/MyDrive/Brain_Tumor_CNN_Project/dataset/Epic and CSCR hospital Dataset/Train/pituitary/Tr-pi_0680.jpg,pituitary,1
/content/drive/MyDrive/Brain_Tumor_CNN_Project/dataset/Epic and CSCR hospital Dataset/Train/notumor/Tr-no_0555.jpg,notumor,0
/content/drive/MyDrive/Brain_Tumor_CNN_Project/dataset/Epic and CSCR hospital Dataset/Train/notumor/N_375_BR_.jpg,notumor,0
/content/drive/MyDrive/Brain_Tumor_CNN_Project/dataset/Epic and CSCR hospital Dataset/Train/glioma/G_708_HF_.jpg,glioma,1
/content/drive/MyDrive/Brain_Tumor_CNN_Project/dataset/Epic and CSCR hospital Dataset/Train/meningioma/Tr-me_0620.jpg,meningioma,1
/content/drive/MyDrive/Brain_Tumor_CNN_Project/dataset/Epic and CSCR hospital Dataset/Train/meningioma/1350.jpg,meningioma,1
/content/drive/MyDrive/Brain_Tumor_CNN_Project/dataset/Epic and CSCR hospital Dataset/Train/glioma/image(70).jpg,glioma,1
/content/drive/MyDrive/Brain_Tumor_CNN_Project/dataset/Epic and CSCR hospital Dataset/Train/glioma/Tr-gl_0343.jpg,glioma,1
/content/drive/MyDrive/Brain_Tumor_CNN_Project/dataset/Epic and CSCR hospital Dataset/Train/notumor/Tr-no_0644.jpg,notumor,0
/content/drive/MyDrive/Brain_Tumor_CNN_Project/dataset/Epic and CSCR hospital Dataset/Train/glioma/Tr-gl_0848.jpg,glioma,1
/content/drive/MyDrive/Brain_Tumor_CNN_Project/dataset/Epic and CSCR hospital Dataset/Train/glioma/Tr-gl_0140.jpg,glioma,1
/content/drive/MyDrive/Brain_Tumor_CNN_Project/dataset/Epic and CSCR hospital Dataset/Train/pituitary/P_767_RO_.jpg,pituitary,1
/content/drive/MyDrive/Brain_Tumor_CNN_Project/dataset/Epic and CSCR hospital Dataset/Train/meningioma/Tr-me_0372.jpg,meningioma,1
/content/drive/MyDrive/Brain_Tumor_CNN_Project/dataset/Epic and CSCR hospital Dataset/Train/pituitary/Tr-pi_0991.jpg,pituitary,1
/content/drive/MyDrive/Brain_Tumor_CNN_Project/dataset/Epic and CSCR hospital Dataset/Train/glioma/Tr-gl_0037.jpg,glioma,1
/content/drive/MyDrive/Brain_Tumor_CNN_Project/dataset/Epic and CSCR hospital Dataset/Train/glioma/G_715_RO_.jpg,glioma,1
/content/drive/MyDrive/Brain_Tumor_CNN_Project/dataset/Epic and CSCR hospital Dataset/Train/meningioma/Tr-me_1073.jpg,meningioma,1
/content/drive/MyDrive/Brain_Tumor_CNN_Project/dataset/Epic and CSCR hospital Dataset/Train/notumor/N_52_BR_.jpg,notumor,0
/content/drive/MyDrive/Brain_Tumor_CNN_Project/dataset/Epic and CSCR hospital Dataset/Train/meningioma/Te-me_0126.jpg,meningioma,1
/content/drive/MyDrive/Brain_Tumor_CNN_Project/dataset/Epic and CSCR hospital Dataset/Train/notumor/image(154) - Copy.jpg,notumor,0
/content/drive/MyDrive/Brain_Tumor_CNN_Project/dataset/Epic and CSCR hospital Dataset/Train/pituitary/Tr-pi_0948.jpg,pituitary,1
/content/drive/MyDrive/Brain_Tumor_CNN_Project/dataset/Epic and CSCR hospital Dataset/Train/pituitary/p (482).jpg,pituitary,1
/content/drive/MyDrive/Brain_Tumor_CNN_Project/dataset/Epic and CSCR hospital Dataset/Train/pituitary/P_717_HF_.jpg,pituitary,1
/content/drive/MyDrive/Brain_Tumor_CNN_Project/dataset/Epic and CSCR hospital Dataset/Train/glioma/G_864_DA_.jpg,glioma,1
/content/drive/MyDrive/Brain_Tumor_CNN_Project/dataset/Epic and CSCR hospital Dataset/Train/pituitary/P_728_SP_.jpg,pituitary,1
/content/drive/MyDrive/Brain_Tumor_CNN_Project/dataset/Epic and CSCR hospital Dataset/Train/pituitary/Tr-pi_0539.jpg,pituitary,1
/content/drive/MyDrive/Brain_Tumor_CNN_Project/dataset/Epic and CSCR hospital Dataset/Train/notumor/Tr-no_0140.jpg,notumor,0
/content/drive/MyDrive/Brain_Tumor_CNN_Project/dataset/Epic and CSCR hospital Dataset/Train/meningioma/Te-me_0191.jpg,meningioma,1
/content/drive/MyDrive/Brain_Tumor_CNN_Project/dataset/Epic and CSCR hospital Dataset/Train/notumor/1754.jpg,notumor,0
/content/drive/MyDrive/Brain_Tumor_CNN_Project/dataset/Epic and CSCR hospital Dataset/Train/glioma/G_834.jpg,glioma,1
/content/drive/MyDrive/Brain_Tumor_CNN_Project/dataset/Epic and CSCR hospital Dataset/Train/pituitary/Tr-pi_0618.jpg,pituitary,1
/content/drive/MyDrive/Brain_Tumor_CNN_Project/dataset/Epic and CSCR hospital Dataset/Train/notumor/N_379_DA_.jpg,notumor,0
/content/drive/MyDrive/Brain_Tumor_CNN_Project/dataset/Epic and CSCR hospital Dataset/Train/meningioma/Tr-me_0824.jpg,meningioma,1
/content/drive/MyDrive/Brain_Tumor_CNN_Project/dataset/Epic and CSCR hospital Dataset/Train/glioma/G_739_VF_.jpg,glioma,1
/content/drive/MyDrive/Brain_Tumor_CNN_Project/dataset/Epic and CSCR hospital Dataset/Train/pituitary/Tr-pi_0650.jpg,pituitary,1
/content/drive/MyDrive/Brain_Tumor_CNN_Project/dataset/Epic and CSCR hospital Dataset/Train/meningioma/m3 (167).jpg,meningioma,1
/content/drive/MyDrive/Brain_Tumor_CNN_Project/dataset/Epic and CSCR hospital Dataset/Train/meningioma/Tr-me_0761.jpg,meningioma,1
/content/drive/MyDrive/Brain_Tumor_CNN_Project/dataset/Epic and CSCR hospital Dataset/Train/meningioma/1327.jpg,meningioma,1
/content/drive/MyDrive/Brain_Tumor_CNN_Project/dataset/Epic and CSCR hospital Dataset/Train/meningioma/Tr-me_1152.jpg,meningioma,1
/content/drive/MyDrive/Brain_Tumor_CNN_Project/dataset/Epic and CSCR hospital Dataset/Train/notumor/Te-no_0182.jpg,notumor,0
/content/drive/MyDrive/Brain_Tumor_CNN_Project/dataset/Epic and CSCR hospital Dataset/Train/pituitary/Tr-pi_1343.jpg,pituitary,1
/content/drive/MyDrive/Brain_Tumor_CNN_Project/dataset/Epic and CSCR hospital Dataset/Train/glioma/G_810_SP_.jpg,glioma,1
/content/drive/MyDrive/Brain_Tumor_CNN_Project/dataset/Epic and CSCR hospital Dataset/Train/notumor/N_371_HF_.jpg,notumor,0
/content/drive/MyDrive/Brain_Tumor_CNN_Project/dataset/Epic and CSCR hospital Dataset/Train/pituitary/Te-pi_0177.jpg,pituitary,1
/content/drive/MyDrive/Brain_Tumor_CNN_Project/dataset/Epic and CSCR hospital Dataset/Train/pituitary/P_82_HF_.jpg,pituitary,1
/content/drive/MyDrive/Brain_Tumor_CNN_Project/dataset/Epic and CSCR hospital Dataset/Train/notumor/Tr-no_0570.jpg,notumor,0
/content/drive/MyDrive/Brain_Tumor_CNN_Project/dataset/Epic and CSCR hospital Dataset/Train/pituitary/Tr-pi_0478.jpg,pituitary,1
/content/drive/MyDrive/Brain_Tumor_CNN_Project/dataset/Epic and CSCR hospital Dataset/Train/meningioma/Tr-me_0310.jpg,meningioma,1
/content/drive/MyDrive/Brain_Tumor_CNN_Project/dataset/Epic and CSCR hospital Dataset/Train/meningioma/m2 (46).jpg,meningioma,1
/content/drive/MyDrive/Brain_Tumor_CNN_Project/dataset/Epic and CSCR hospital Dataset/Train/meningioma/Tr-me_0553.jpg,meningioma,1
/content/drive/MyDrive/Brain_Tumor_CNN_Project/dataset/Epic and CSCR hospital Dataset/Train/pituitary/Te-pi_0042.jpg,pituitary,1
/content/drive/MyDrive/Brain_Tumor_CNN_Project/dataset/Epic and CSCR hospital Dataset/Train/glioma/G_766_BR_.jpg,glioma,1
/content/drive/MyDrive/Brain_Tumor_CNN_Project/dataset/Epic and CSCR hospital Dataset/Train/notumor/Tr-no_0650.jpg,notumor,0
/content/drive/MyDrive/Brain_Tumor_CNN_Project/dataset/Epic and CSCR hospital Dataset/Train/notumor/1849.jpg,notumor,0
/content/drive/MyDrive/Brain_Tumor_CNN_Project/dataset/Epic and CSCR hospital Dataset/Train/glioma/G_805_RO_.jpg,glioma,1
/content/drive/MyDrive/Brain_Tumor_CNN_Project/dataset/Epic and CSCR hospital Dataset/Train/meningioma/M_826_SP_.jpg,meningioma,1
/content/drive/MyDrive/Brain_Tumor_CNN_Project/dataset/Epic and CSCR hospital Dataset/Train/meningioma/Te-me_0246.jpg,meningioma,1
/content/drive/MyDrive/Brain_Tumor_CNN_Project/dataset/Epic and CSCR hospital Dataset/Train/pituitary/Tr-pi_0545.jpg,pituitary,1
/content/drive/MyDrive/Brain_Tumor_CNN_Project/dataset/Epic and CSCR hospital Dataset/Train/pituitary/Tr-pi_0410.jpg,pituitary,1
/content/drive/MyDrive/Brain_Tumor_CNN_Project/dataset/Epic and CSCR hospital Dataset/Train/notumor/Te-no_0207.jpg,notumor,0
/content/drive/MyDrive/Brain_Tumor_CNN_Project/dataset/Epic and CSCR hospital Dataset/Train/pituitary/Tr-pi_0954.jpg,pituitary,1
/content/drive/MyDrive/Brain_Tumor_CNN_Project/dataset/Epic and CSCR hospital Dataset/Train/notumor/Tr-no_0071.jpg,notumor,0
/content/drive/MyDrive/Brain_Tumor_CNN_Project/dataset/Epic and CSCR hospital Dataset/Train/pituitary/Tr-pi_0626.jpg,pituitary,1
/content/drive/MyDrive/Brain_Tumor_CNN_Project/dataset/Epic and CSCR hospital Dataset/Train/pituitary/Tr-pi_1013.jpg,pituitary,1
/content/drive/MyDrive/Brain_Tumor_CNN_Project/dataset/Epic and CSCR hospital Dataset/Train/glioma/G_820.jpg,glioma,1
/content/drive/MyDrive/Brain_Tumor_CNN_Project/dataset/Epic and CSCR hospital Dataset/Train/pituitary/Tr-pi_1155.jpg,pituitary,1
/content/drive/MyDrive/Brain_Tumor_CNN_Project/dataset/Epic and CSCR hospital Dataset/Train/meningioma/Tr-me_1291.jpg,meningioma,1
/content/drive/MyDrive/Brain_Tumor_CNN_Project/dataset/Epic and CSCR hospital Dataset/Train/glioma/Te-gl_0291.jpg,glioma,1
/content/drive/MyDrive/Brain_Tumor_CNN_Project/dataset/Epic and CSCR hospital Dataset/Train/pituitary/P_745_BR_.jpg,pituitary,1
/content/drive/MyDrive/Brain_Tumor_CNN_Project/dataset/Epic and CSCR hospital Dataset/Train/notumor/Tr-no_0472.jpg,notumor,0
/content/drive/MyDrive/Brain_Tumor_CNN_Project/dataset/Epic and CSCR hospital Dataset/Train/glioma/G_779_DA_.jpg,glioma,1
/content/drive/MyDrive/Brain_Tumor_CNN_Project/dataset/Epic and CSCR hospital Dataset/Train/notumor/N_394_VF_.jpg,notumor,0
/content/drive/MyDrive/Brain_Tumor_CNN_Project/dataset/Epic and CSCR hospital Dataset/Train/glioma/G_732_DA_.jpg,glioma,1
/content/drive/MyDrive/Brain_Tumor_CNN_Project/dataset/Epic and CSCR hospital Dataset/Train/glioma/Tr-gl_0975.jpg,glioma,1
/content/drive/MyDrive/Brain_Tumor_CNN_Project/dataset/Epic and CSCR hospital Dataset/Train/glioma/G_771_SP_.jpg,glioma,1
/content/drive/MyDrive/Brain_Tumor_CNN_Project/dataset/Epic and CSCR hospital Dataset/Train/pituitary/Tr-pi_0711.jpg,pituitary,1
/content/drive/MyDrive/Brain_Tumor_CNN_Project/dataset/Epic and CSCR hospital Dataset/Train/pituitary/Tr-pi_0083.jpg,pituitary,1
/content/drive/MyDrive/Brain_Tumor_CNN_Project/dataset/Epic and CSCR hospital Dataset/Train/pituitary/P_719_VF_.jpg,pituitary,1
/content/drive/MyDrive/Brain_Tumor_CNN_Project/dataset/Epic and CSCR hospital Dataset/Train/meningioma/m2 (92).jpg,meningioma,1
/content/drive/MyDrive/Brain_Tumor_CNN_Project/dataset/Epic and CSCR hospital Dataset/Train/pituitary/P_754_SP_.jpg,pituitary,1
/content/drive/MyDrive/Brain_Tumor_CNN_Project/dataset/Epic and CSCR hospital Dataset/Train/meningioma/Tr-me_0909.jpg,meningioma,1
/content/drive/MyDrive/Brain_Tumor_CNN_Project/dataset/Epic and CSCR hospital Dataset/Train/meningioma/m2 (27).jpg,meningioma,1
/content/drive/MyDrive/Brain_Tumor_CNN_Project/dataset/Epic and CSCR hospital Dataset/Train/pituitary/Tr-pi_0681.jpg,pituitary,1
/content/drive/MyDrive/Brain_Tumor_CNN_Project/dataset/Epic and CSCR hospital Dataset/Train/meningioma/Tr-me_0840.jpg,meningioma,1
/content/drive/MyDrive/Brain_Tumor_CNN_Project/dataset/Epic and CSCR hospital Dataset/Train/notumor/1838.jpg,notumor,0
/content/drive/MyDrive/Brain_Tumor_CNN_Project/dataset/Epic and CSCR hospital Dataset/Train/meningioma/Tr-me_0340.jpg,meningioma,1
/content/drive/MyDrive/Brain_Tumor_CNN_Project/dataset/Epic and CSCR hospital Dataset/Train/glioma/Tr-gl_1001.jpg,glioma,1
/content/drive/MyDrive/Brain_Tumor_CNN_Project/dataset/Epic and CSCR hospital Dataset/Train/pituitary/Tr-pi_0716.jpg,pituitary,1
/content/drive/MyDrive/Brain_Tumor_CNN_Project/dataset/Epic and CSCR hospital Dataset/Train/pituitary/P_829.jpg,pituitary,1
/content/drive/MyDrive/Brain_Tumor_CNN_Project/dataset/Epic and CSCR hospital Dataset/Train/pituitary/Tr-pi_0704.jpg,pituitary,1
/content/drive/MyDrive/Brain_Tumor_CNN_Project/dataset/Epic and CSCR hospital Dataset/Train/glioma/Tr-gl_0101.jpg,glioma,1
/content/drive/MyDrive/Brain_Tumor_CNN_Project/dataset/Epic and CSCR hospital Dataset/Train/notumor/N_407_HF_.jpg,notumor,0
/content/drive/MyDrive/Brain_Tumor_CNN_Project/dataset/Epic and CSCR hospital Dataset/Train/notumor/Tr-no_0651.jpg,notumor,0
/content/drive/MyDrive/Brain_Tumor_CNN_Project/dataset/Epic and CSCR hospital Dataset/Train/notumor/image(153) - Copy.jpg,notumor,0
/content/drive/MyDrive/Brain_Tumor_CNN_Project/dataset/Epic and CSCR hospital Dataset/Train/glioma/G_769.jpg,glioma,1
/content/drive/MyDrive/Brain_Tumor_CNN_Project/dataset/Epic and CSCR hospital Dataset/Train/glioma/G_830_VF_.jpg,glioma,1
/content/drive/MyDrive/Brain_Tumor_CNN_Project/dataset/Epic and CSCR hospital Dataset/Train/pituitary/P_800_SP_.jpg,pituitary,1
/content/drive/MyDrive/Brain_Tumor_CNN_Project/dataset/Epic and CSCR hospital Dataset/Train/notumor/N_49_VF_.jpg,notumor,0
/content/drive/MyDrive/Brain_Tumor_CNN_Project/dataset/Epic and CSCR hospital Dataset/Train/glioma/G_797_BR_.jpg,glioma,1
/content/drive/MyDrive/Brain_Tumor_CNN_Project/dataset/Epic and CSCR hospital Dataset/Train/meningioma/m2 (176).jpg,meningioma,1
/content/drive/MyDrive/Brain_Tumor_CNN_Project/dataset/Epic and CSCR hospital Dataset/Train/pituitary/P_796_HF_.jpg,pituitary,1
/content/drive/MyDrive/Brain_Tumor_CNN_Project/dataset/Epic and CSCR hospital Dataset/Train/glioma/Tr-gl_0844.jpg,glioma,1
/content/drive/MyDrive/Brain_Tumor_CNN_Project/dataset/Epic and CSCR hospital Dataset/Train/meningioma/Tr-me_1001.jpg,meningioma,1
/content/drive/MyDrive/Brain_Tumor_CNN_Project/dataset/Epic and CSCR hospital Dataset/Train/meningioma/Tr-me_0252.jpg,meningioma,1
/content/drive/MyDrive/Brain_Tumor_CNN_Project/dataset/Epic and CSCR hospital Dataset/Train/meningioma/m2 (59).jpg,meningioma,1
/content/drive/MyDrive/Brain_Tumor_CNN_Project/dataset/Epic and CSCR hospital Dataset/Train/notumor/1881.jpg,notumor,0
/content/drive/MyDrive/Brain_Tumor_CNN_Project/dataset/Epic and CSCR hospital Dataset/Train/notumor/Tr-no_0453.jpg,notumor,0
/content/drive/MyDrive/Brain_Tumor_CNN_Project/dataset/Epic and CSCR hospital Dataset/Train/meningioma/Tr-me_0767.jpg,meningioma,1
/content/drive/MyDrive/Brain_Tumor_CNN_Project/dataset/Epic and CSCR hospital Dataset/Train/glioma/Tr-gl_0491.jpg,glioma,1
/content/drive/MyDrive/Brain_Tumor_CNN_Project/dataset/Epic and CSCR hospital Dataset/Train/meningioma/M_882_RO_.jpg,meningioma,1
/content/drive/MyDrive/Brain_Tumor_CNN_Project/dataset/Epic and CSCR hospital Dataset/Train/pituitary/P_841_BR_.jpg,pituitary,1
/content/drive/MyDrive/Brain_Tumor_CNN_Project/dataset/Epic and CSCR hospital Dataset/Train/meningioma/Tr-me_0128.jpg,meningioma,1
/content/drive/MyDrive/Brain_Tumor_CNN_Project/dataset/Epic and CSCR hospital Dataset/Train/glioma/G_747.jpg,glioma,1
/content/drive/MyDrive/Brain_Tumor_CNN_Project/dataset/Epic and CSCR hospital Dataset/Train/pituitary/Tr-pi_1266.jpg,pituitary,1
/content/drive/MyDrive/Brain_Tumor_CNN_Project/dataset/Epic and CSCR hospital Dataset/Train/meningioma/Tr-me_1069.jpg,meningioma,1
/content/drive/MyDrive/Brain_Tumor_CNN_Project/dataset/Epic and CSCR hospital Dataset/Train/meningioma/M_868_HF_.jpg,meningioma,1
/content/drive/MyDrive/Brain_Tumor_CNN_Project/dataset/Epic and CSCR hospital Dataset/Train/meningioma/Tr-me_0245.jpg,meningioma,1
/content/drive/MyDrive/Brain_Tumor_CNN_Project/dataset/Epic and CSCR hospital Dataset/Train/glioma/gg (535).jpg,glioma,1
/content/drive/MyDrive/Brain_Tumor_CNN_Project/dataset/Epic and CSCR hospital Dataset/Train/glioma/Tr-gl_0895.jpg,glioma,1
/content/drive/MyDrive/Brain_Tumor_CNN_Project/dataset/Epic and CSCR hospital Dataset/Train/glioma/Tr-gl_0528.jpg,glioma,1
/content/drive/MyDrive/Brain_Tumor_CNN_Project/dataset/Epic and CSCR hospital Dataset/Train/pituitary/P_75_DA_.jpg,pituitary,1
/content/drive/MyDrive/Brain_Tumor_CNN_Project/dataset/Epic and CSCR hospital Dataset/Train/notumor/Tr-no_0394.jpg,notumor,0
/content/drive/MyDrive/Brain_Tumor_CNN_Project/dataset/Epic and CSCR hospital Dataset/Train/notumor/Tr-no_0025.jpg,notumor,0
/content/drive/MyDrive/Brain_Tumor_CNN_Project/dataset/Epic and CSCR hospital Dataset/Train/pituitary/Tr-pi_1186.jpg,pituitary,1
/content/drive/MyDrive/Brain_Tumor_CNN_Project/dataset/Epic and CSCR hospital Dataset/Train/notumor/Tr-no_0452.jpg,notumor,0
/content/drive/MyDrive/Brain_Tumor_CNN_Project/dataset/Epic and CSCR hospital Dataset/Train/glioma/G_802_DA_.jpg,glioma,1
/content/drive/MyDrive/Brain_Tumor_CNN_Project/dataset/Epic and CSCR hospital Dataset/Train/notumor/N_410.jpg,notumor,0
/content/drive/MyDrive/Brain_Tumor_CNN_Project/dataset/Epic and CSCR hospital Dataset/Train/pituitary/P_765_SP_.jpg,pituitary,1
/content/drive/MyDrive/Brain_Tumor_CNN_Project/dataset/Epic and CSCR hospital Dataset/Train/glioma/Te-gl_0110.jpg,glioma,1
/content/drive/MyDrive/Brain_Tumor_CNN_Project/dataset/Epic and CSCR hospital Dataset/Train/meningioma/M_873_DA_.jpg,meningioma,1
/content/drive/MyDrive/Brain_Tumor_CNN_Project/dataset/Epic and CSCR hospital Dataset/Train/meningioma/M_834_DA_.jpg,meningioma,1
/content/drive/MyDrive/Brain_Tumor_CNN_Project/dataset/Epic and CSCR hospital Dataset/Train/glioma/Tr-gl_0380.jpg,glioma,1
/content/drive/MyDrive/Brain_Tumor_CNN_Project/dataset/Epic and CSCR hospital Dataset/Train/notumor/N_420_SP_.jpg,notumor,0
/content/drive/MyDrive/Brain_Tumor_CNN_Project/dataset/Epic and CSCR hospital Dataset/Train/meningioma/M_858_VF_.jpg,meningioma,1
/content/drive/MyDrive/Brain_Tumor_CNN_Project/dataset/Epic and CSCR hospital Dataset/Train/meningioma/m2 (13).jpg,meningioma,1
/content/drive/MyDrive/Brain_Tumor_CNN_Project/dataset/Epic and CSCR hospital Dataset/Train/notumor/N_437_DA_.jpg,notumor,0
/content/drive/MyDrive/Brain_Tumor_CNN_Project/dataset/Epic and CSCR hospital Dataset/Train/pituitary/P_731_DA_.jpg,pituitary,1
/content/drive/MyDrive/Brain_Tumor_CNN_Project/dataset/Epic and CSCR hospital Dataset/Train/meningioma/Tr-me_0556.jpg,meningioma,1
/content/drive/MyDrive/Brain_Tumor_CNN_Project/dataset/Epic and CSCR hospital Dataset/Train/glioma/Tr-gl_0360.jpg,glioma,1
/content/drive/MyDrive/Brain_Tumor_CNN_Project/dataset/Epic and CSCR hospital Dataset/Train/notumor/1719.jpg,notumor,0
/content/drive/MyDrive/Brain_Tumor_CNN_Project/dataset/Epic and CSCR hospital Dataset/Train/pituitary/P_75_RO_.jpg,pituitary,1
/content/drive/MyDrive/Brain_Tumor_CNN_Project/dataset/Epic and CSCR hospital Dataset/Train/glioma/G_849_HF_.jpg,glioma,1
/content/drive/MyDrive/Brain_Tumor_CNN_Project/dataset/Epic and CSCR hospital Dataset/Train/glioma/G_852_SP_.jpg,glioma,1
/content/drive/MyDrive/Brain_Tumor_CNN_Project/dataset/Epic and CSCR hospital Dataset/Train/meningioma/Tr-me_0933.jpg,meningioma,1
/content/drive/MyDrive/Brain_Tumor_CNN_Project/dataset/Epic and CSCR hospital Dataset/Train/glioma/gg (525).jpg,glioma,1
/content/drive/MyDrive/Brain_Tumor_CNN_Project/dataset/Epic and CSCR hospital Dataset/Train/meningioma/Te-me_0244.jpg,meningioma,1
/content/drive/MyDrive/Brain_Tumor_CNN_Project/dataset/Epic and CSCR hospital Dataset/Train/glioma/gg (562).jpg,glioma,1
/content/drive/MyDrive/Brain_Tumor_CNN_Project/dataset/Epic and CSCR hospital Dataset/Train/glioma/Tr-gl_0599.jpg,glioma,1
/content/drive/MyDrive/Brain_Tumor_CNN_Project/dataset/Epic and CSCR hospital Dataset/Train/meningioma/Tr-me_0199.jpg,meningioma,1
/content/drive/MyDrive/Brain_Tumor_CNN_Project/dataset/Epic and CSCR hospital Dataset/Train/notumor/N_378_VF_.jpg,notumor,0
/content/drive/MyDrive/Brain_Tumor_CNN_Project/dataset/Epic and CSCR hospital Dataset/Train/meningioma/Tr-me_1045.jpg,meningioma,1
/content/drive/MyDrive/Brain_Tumor_CNN_Project/dataset/Epic and CSCR hospital Dataset/Train/pituitary/P_803_BR_.jpg,pituitary,1
/content/drive/MyDrive/Brain_Tumor_CNN_Project/dataset/Epic and CSCR hospital Dataset/Train/pituitary/P_82_RO_.jpg,pituitary,1
/content/drive/MyDrive/Brain_Tumor_CNN_Project/dataset/Epic and CSCR hospital Dataset/Train/pituitary/Te-pi_0209.jpg,pituitary,1
/content/drive/MyDrive/Brain_Tumor_CNN_Project/dataset/Epic and CSCR hospital Dataset/Train/glioma/Tr-gl_1033.jpg,glioma,1
/content/drive/MyDrive/Brain_Tumor_CNN_Project/dataset/Epic and CSCR hospital Dataset/Train/glioma/G_727_DA_.jpg,glioma,1
/content/drive/MyDrive/Brain_Tumor_CNN_Project/dataset/Epic and CSCR hospital Dataset/Train/glioma/G_855_SP_.jpg,glioma,1
/content/drive/MyDrive/Brain_Tumor_CNN_Project/dataset/Epic and CSCR hospital Dataset/Train/glioma/Te-gl_0219.jpg,glioma,1
/content/drive/MyDrive/Brain_Tumor_CNN_Project/dataset/Epic and CSCR hospital Dataset/Train/pituitary/P_733.jpg,pituitary,1
/content/drive/MyDrive/Brain_Tumor_CNN_Project/dataset/Epic and CSCR hospital Dataset/Train/pituitary/P_807_SP_.jpg,pituitary,1
/content/drive/MyDrive/Brain_Tumor_CNN_Project/dataset/Epic and CSCR hospital Dataset/Train/meningioma/Tr-me_0382.jpg,meningioma,1
/content/drive/MyDrive/Brain_Tumor_CNN_Project/dataset/Epic and CSCR hospital Dataset/Train/notumor/N_381.jpg,notumor,0
/content/drive/MyDrive/Brain_Tumor_CNN_Project/dataset/Epic and CSCR hospital Dataset/Train/glioma/G_880.jpg,glioma,1
/content/drive/MyDrive/Brain_Tumor_CNN_Project/dataset/Epic and CSCR hospital Dataset/Train/notumor/Tr-no_0098.jpg,notumor,0
/content/drive/MyDrive/Brain_Tumor_CNN_Project/dataset/Epic and CSCR hospital Dataset/Train/glioma/G_792_VF_.jpg,glioma,1
/content/drive/MyDrive/Brain_Tumor_CNN_Project/dataset/Epic and CSCR hospital Dataset/Train/glioma/G_856.jpg,glioma,1
/content/drive/MyDrive/Brain_Tumor_CNN_Project/dataset/Epic and CSCR hospital Dataset/Train/pituitary/Tr-pi_0169.jpg,pituitary,1
/content/drive/MyDrive/Brain_Tumor_CNN_Project/dataset/Epic and CSCR hospital Dataset/Train/glioma/Tr-gl_1021.jpg,glioma,1
/content/drive/MyDrive/Brain_Tumor_CNN_Project/dataset/Epic and CSCR hospital Dataset/Train/pituitary/P_753_SP_.jpg,pituitary,1
/content/drive/MyDrive/Brain_Tumor_CNN_Project/dataset/Epic and CSCR hospital Dataset/Train/glioma/G_86_HF_.jpg,glioma,1
/content/drive/MyDrive/Brain_Tumor_CNN_Project/dataset/Epic and CSCR hospital Dataset/Train/glioma/G_730_BR_.jpg,glioma,1
/content/drive/MyDrive/Brain_Tumor_CNN_Project/dataset/Epic and CSCR hospital Dataset/Train/meningioma/Tr-me_0173.jpg,meningioma,1
/content/drive/MyDrive/Brain_Tumor_CNN_Project/dataset/Epic and CSCR hospital Dataset/Train/glioma/G_718_DA_.jpg,glioma,1
/content/drive/MyDrive/Brain_Tumor_CNN_Project/dataset/Epic and CSCR hospital Dataset/Train/pituitary/P_723_SP_.jpg,pituitary,1
/content/drive/MyDrive/Brain_Tumor_CNN_Project/dataset/Epic and CSCR hospital Dataset/Train/meningioma/Tr-me_1116.jpg,meningioma,1
/content/drive/MyDrive/Brain_Tumor_CNN_Project/dataset/Epic and CSCR hospital Dataset/Train/notumor/Tr-no_0427.jpg,notumor,0
/content/drive/MyDrive/Brain_Tumor_CNN_Project/dataset/Epic and CSCR hospital Dataset/Train/pituitary/Tr-pi_0421.jpg,pituitary,1
/content/drive/MyDrive/Brain_Tumor_CNN_Project/dataset/Epic and CSCR hospital Dataset/Train/pituitary/P_776_RO_.jpg,pituitary,1
/content/drive/MyDrive/Brain_Tumor_CNN_Project/dataset/Epic and CSCR hospital Dataset/Train/meningioma/M_882_VF_.jpg,meningioma,1
/content/drive/MyDrive/Brain_Tumor_CNN_Project/dataset/Epic and CSCR hospital Dataset/Train/pituitary/Tr-pi_0252.jpg,pituitary,1
/content/drive/MyDrive/Brain_Tumor_CNN_Project/dataset/Epic and CSCR hospital Dataset/Train/glioma/G_883_BR_.jpg,glioma,1
/content/drive/MyDrive/Brain_Tumor_CNN_Project/dataset/Epic and CSCR hospital Dataset/Train/glioma/Tr-gl_0815.jpg,glioma,1
/content/drive/MyDrive/Brain_Tumor_CNN_Project/dataset/Epic and CSCR hospital Dataset/Train/meningioma/Tr-me_0893.jpg,meningioma,1
/content/drive/MyDrive/Brain_Tumor_CNN_Project/dataset/Epic and CSCR hospital Dataset/Train/meningioma/Tr-me_1142.jpg,meningioma,1
/content/drive/MyDrive/Brain_Tumor_CNN_Project/dataset/Epic and CSCR hospital Dataset/Train/glioma/G_762_RO_.jpg,glioma,1
/content/drive/MyDrive/Brain_Tumor_CNN_Project/dataset/Epic and CSCR hospital Dataset/Train/pituitary/Tr-pi_0944.jpg,pituitary,1
/content/drive/MyDrive/Brain_Tumor_CNN_Project/dataset/Epic and CSCR hospital Dataset/Train/glioma/G_88_HF_.jpg,glioma,1
/content/drive/MyDrive/Brain_Tumor_CNN_Project/dataset/Epic and CSCR hospital Dataset/Train/pituitary/P_832_SP_.jpg,pituitary,1
/content/drive/MyDrive/Brain_Tumor_CNN_Project/dataset/Epic and CSCR hospital Dataset/Train/pituitary/P_814_HF_.jpg,pituitary,1
/content/drive/MyDrive/Brain_Tumor_CNN_Project/dataset/Epic and CSCR hospital Dataset/Train/pituitary/Tr-pi_0202.jpg,pituitary,1
/content/drive/MyDrive/Brain_Tumor_CNN_Project/dataset/Epic and CSCR hospital Dataset/Train/meningioma/Te-me_0183.jpg,meningioma,1
/content/drive/MyDrive/Brain_Tumor_CNN_Project/dataset/Epic and CSCR hospital Dataset/Train/glioma/G_744_BR_.jpg,glioma,1
/content/drive/MyDrive/Brain_Tumor_CNN_Project/dataset/Epic and CSCR hospital Dataset/Train/glioma/G_743.jpg,glioma,1
/content/drive/MyDrive/Brain_Tumor_CNN_Project/dataset/Epic and CSCR hospital Dataset/Train/pituitary/P_821_DA_.jpg,pituitary,1
/content/drive/MyDrive/Brain_Tumor_CNN_Project/dataset/Epic and CSCR hospital Dataset/Train/meningioma/Tr-me_0174.jpg,meningioma,1
/content/drive/MyDrive/Brain_Tumor_CNN_Project/dataset/Epic and CSCR hospital Dataset/Train/glioma/Tr-gl_0346.jpg,glioma,1
/content/drive/MyDrive/Brain_Tumor_CNN_Project/dataset/Epic and CSCR hospital Dataset/Train/glioma/G_774_RO_.jpg,glioma,1
/content/drive/MyDrive/Brain_Tumor_CNN_Project/dataset/Epic and CSCR hospital Dataset/Train/glioma/image(72).jpg,glioma,1
/content/drive/MyDrive/Brain_Tumor_CNN_Project/dataset/Epic and CSCR hospital Dataset/Train/meningioma/Tr-me_0521.jpg,meningioma,1
/content/drive/MyDrive/Brain_Tumor_CNN_Project/dataset/Epic and CSCR hospital Dataset/Train/pituitary/P_752.jpg,pituitary,1
/content/drive/MyDrive/Brain_Tumor_CNN_Project/dataset/Epic and CSCR hospital Dataset/Train/pituitary/Tr-pi_0623.jpg,pituitary,1
/content/drive/MyDrive/Brain_Tumor_CNN_Project/dataset/Epic and CSCR hospital Dataset/Train/meningioma/Tr-me_0515.jpg,meningioma,1
/content/drive/MyDrive/Brain_Tumor_CNN_Project/dataset/Epic and CSCR hospital Dataset/Train/notumor/33 no.jpg,notumor,0
/content/drive/MyDrive/Brain_Tumor_CNN_Project/dataset/Epic and CSCR hospital Dataset/Train/glioma/gg (612).jpg,glioma,1
/content/drive/MyDrive/Brain_Tumor_CNN_Project/dataset/Epic and CSCR hospital Dataset/Train/notumor/Tr-no_0479.jpg,notumor,0
/content/drive/MyDrive/Brain_Tumor_CNN_Project/dataset/Epic and CSCR hospital Dataset/Train/glioma/Tr-gl_1259.jpg,glioma,1
/content/drive/MyDrive/Brain_Tumor_CNN_Project/dataset/Epic and CSCR hospital Dataset/Train/meningioma/M_828_HF_.jpg,meningioma,1
/content/drive/MyDrive/Brain_Tumor_CNN_Project/dataset/Epic and CSCR hospital Dataset/Train/glioma/Tr-gl_0509.jpg,glioma,1
/content/drive/MyDrive/Brain_Tumor_CNN_Project/dataset/Epic and CSCR hospital Dataset/Train/meningioma/M_864_VF_.jpg,meningioma,1
/content/drive/MyDrive/Brain_Tumor_CNN_Project/dataset/Epic and CSCR hospital Dataset/Train/glioma/Tr-gl_0887.jpg,glioma,1
/content/drive/MyDrive/Brain_Tumor_CNN_Project/dataset/Epic and CSCR hospital Dataset/Train/glioma/G_749.jpg,glioma,1
/content/drive/MyDrive/Brain_Tumor_CNN_Project/dataset/Epic and CSCR hospital Dataset/Train/pituitary/Tr-pi_0120.jpg,pituitary,1
/content/drive/MyDrive/Brain_Tumor_CNN_Project/dataset/Epic and CSCR hospital Dataset/Train/meningioma/Tr-me_0872.jpg,meningioma,1
/content/drive/MyDrive/Brain_Tumor_CNN_Project/dataset/Epic and CSCR hospital Dataset/Train/notumor/Te-no_0127.jpg,notumor,0
/content/drive/MyDrive/Brain_Tumor_CNN_Project/dataset/Epic and CSCR hospital Dataset/Train/notumor/Tr-no_0520.jpg,notumor,0
/content/drive/MyDrive/Brain_Tumor_CNN_Project/dataset/Epic and CSCR hospital Dataset/Train/pituitary/Tr-pi_1402.jpg,pituitary,1
/content/drive/MyDrive/Brain_Tumor_CNN_Project/dataset/Epic and CSCR hospital Dataset/Train/pituitary/P_769_BR_.jpg,pituitary,1
/content/drive/MyDrive/Brain_Tumor_CNN_Project/dataset/Epic and CSCR hospital Dataset/Train/meningioma/m3 (130).jpg,meningioma,1
/content/drive/MyDrive/Brain_Tumor_CNN_Project/dataset/Epic and CSCR hospital Dataset/Train/pituitary/Te-pi_0112.jpg,pituitary,1
/content/drive/MyDrive/Brain_Tumor_CNN_Project/dataset/Epic and CSCR hospital Dataset/Train/notumor/Tr-no_0558.jpg,notumor,0
/content/drive/MyDrive/Brain_Tumor_CNN_Project/dataset/Epic and CSCR hospital Dataset/Train/pituitary/Tr-pi_1405.jpg,pituitary,1
/content/drive/MyDrive/Brain_Tumor_CNN_Project/dataset/Epic and CSCR hospital Dataset/Train/meningioma/Tr-me_1030.jpg,meningioma,1
/content/drive/MyDrive/Brain_Tumor_CNN_Project/dataset/Epic and CSCR hospital Dataset/Train/pituitary/P_790_VF_.jpg,pituitary,1
/content/drive/MyDrive/Brain_Tumor_CNN_Project/dataset/Epic and CSCR hospital Dataset/Train/glioma/Tr-gl_0476.jpg,glioma,1
/content/drive/MyDrive/Brain_Tumor_CNN_Project/dataset/Epic and CSCR hospital Dataset/Train/notumor/Tr-no_0455.jpg,notumor,0
/content/drive/MyDrive/Brain_Tumor_CNN_Project/dataset/Epic and CSCR hospital Dataset/Train/notumor/Tr-no_0524.jpg,notumor,0
/content/drive/MyDrive/Brain_Tumor_CNN_Project/dataset/Epic and CSCR hospital Dataset/Train/glioma/Tr-gl_0596.jpg,glioma,1
/content/drive/MyDrive/Brain_Tumor_CNN_Project/dataset/Epic and CSCR hospital Dataset/Train/meningioma/Tr-me_1063.jpg,meningioma,1
/content/drive/MyDrive/Brain_Tumor_CNN_Project/dataset/Epic and CSCR hospital Dataset/Train/glioma/Tr-gl_0137.jpg,glioma,1
/content/drive/MyDrive/Brain_Tumor_CNN_Project/dataset/Epic and CSCR hospital Dataset/Train/glioma/Tr-gl_1104.jpg,glioma,1
/content/drive/MyDrive/Brain_Tumor_CNN_Project/dataset/Epic and CSCR hospital Dataset/Train/pituitary/Te-pi_0088.jpg,pituitary,1
/content/drive/MyDrive/Brain_Tumor_CNN_Project/dataset/Epic and CSCR hospital Dataset/Train/meningioma/Te-me_0236.jpg,meningioma,1
/content/drive/MyDrive/Brain_Tumor_CNN_Project/dataset/Epic and CSCR hospital Dataset/Train/pituitary/Tr-pi_0149.jpg,pituitary,1
/content/drive/MyDrive/Brain_Tumor_CNN_Project/dataset/Epic and CSCR hospital Dataset/Train/glioma/Tr-gl_0682.jpg,glioma,1
/content/drive/MyDrive/Brain_Tumor_CNN_Project/dataset/Epic and CSCR hospital Dataset/Train/glioma/G_704_SP_.jpg,glioma,1
/content/drive/MyDrive/Brain_Tumor_CNN_Project/dataset/Epic and CSCR hospital Dataset/Train/meningioma/Tr-me_0450.jpg,meningioma,1
/content/drive/MyDrive/Brain_Tumor_CNN_Project/dataset/Epic and CSCR hospital Dataset/Train/pituitary/Tr-pi_0121.jpg,pituitary,1
/content/drive/MyDrive/Brain_Tumor_CNN_Project/dataset/Epic and CSCR hospital Dataset/Train/pituitary/P_769_DA_.jpg,pituitary,1
/content/drive/MyDrive/Brain_Tumor_CNN_Project/dataset/Epic and CSCR hospital Dataset/Train/meningioma/Tr-me_0229.jpg,meningioma,1
/content/drive/MyDrive/Brain_Tumor_CNN_Project/dataset/Epic and CSCR hospital Dataset/Train/notumor/N_36_HF_.jpg,notumor,0
/content/drive/MyDrive/Brain_Tumor_CNN_Project/dataset/Epic and CSCR hospital Dataset/Train/meningioma/Tr-me_1117.jpg,meningioma,1
/content/drive/MyDrive/Brain_Tumor_CNN_Project/dataset/Epic and CSCR hospital Dataset/Train/notumor/Tr-no_0358.jpg,notumor,0
/content/drive/MyDrive/Brain_Tumor_CNN_Project/dataset/Epic and CSCR hospital Dataset/Train/notumor/N_398_SP_.jpg,notumor,0
/content/drive/MyDrive/Brain_Tumor_CNN_Project/dataset/Epic and CSCR hospital Dataset/Train/meningioma/m2 (95).jpg,meningioma,1
/content/drive/MyDrive/Brain_Tumor_CNN_Project/dataset/Epic and CSCR hospital Dataset/Train/glioma/G_715.jpg,glioma,1
/content/drive/MyDrive/Brain_Tumor_CNN_Project/dataset/Epic and CSCR hospital Dataset/Train/glioma/gg (52).jpg,glioma,1
/content/drive/MyDrive/Brain_Tumor_CNN_Project/dataset/Epic and CSCR hospital Dataset/Train/notumor/Te-no_0205.jpg,notumor,0
/content/drive/MyDrive/Brain_Tumor_CNN_Project/dataset/Epic and CSCR hospital Dataset/Train/pituitary/P_742_SP_.jpg,pituitary,1
/content/drive/MyDrive/Brain_Tumor_CNN_Project/dataset/Epic and CSCR hospital Dataset/Train/pituitary/Tr-pi_0476.jpg,pituitary,1
/content/drive/MyDrive/Brain_Tumor_CNN_Project/dataset/Epic and CSCR hospital Dataset/Train/meningioma/Tr-me_1195.jpg,meningioma,1
/content/drive/MyDrive/Brain_Tumor_CNN_Project/dataset/Epic and CSCR hospital Dataset/Train/glioma/G_814_HF_.jpg,glioma,1
/content/drive/MyDrive/Brain_Tumor_CNN_Project/dataset/Epic and CSCR hospital Dataset/Train/pituitary/P_718.jpg,pituitary,1
/content/drive/MyDrive/Brain_Tumor_CNN_Project/dataset/Epic and CSCR hospital Dataset/Train/glioma/G_710_VF_.jpg,glioma,1
/content/drive/MyDrive/Brain_Tumor_CNN_Project/dataset/Epic and CSCR hospital Dataset/Train/meningioma/m2 (127).jpg,meningioma,1
/content/drive/MyDrive/Brain_Tumor_CNN_Project/dataset/Epic and CSCR hospital Dataset/Train/pituitary/Tr-pi_0694.jpg,pituitary,1
/content/drive/MyDrive/Brain_Tumor_CNN_Project/dataset/Epic and CSCR hospital Dataset/Train/notumor/Tr-no_0456.jpg,notumor,0
/content/drive/MyDrive/Brain_Tumor_CNN_Project/dataset/Epic and CSCR hospital Dataset/Train/notumor/N_436_DA_.jpg,notumor,0
/content/drive/MyDrive/Brain_Tumor_CNN_Project/dataset/Epic and CSCR hospital Dataset/Train/meningioma/m2 (3).jpg,meningioma,1
/content/drive/MyDrive/Brain_Tumor_CNN_Project/dataset/Epic and CSCR hospital Dataset/Train/meningioma/m2 (96).jpg,meningioma,1
/content/drive/MyDrive/Brain_Tumor_CNN_Project/dataset/Epic and CSCR hospital Dataset/Train/meningioma/M_884_SP_.jpg,meningioma,1
/content/drive/MyDrive/Brain_Tumor_CNN_Project/dataset/Epic and CSCR hospital Dataset/Train/pituitary/P_802_RO_.jpg,pituitary,1
/content/drive/MyDrive/Brain_Tumor_CNN_Project/dataset/Epic and CSCR hospital Dataset/Train/notumor/N_393_VF_.jpg,notumor,0
/content/drive/MyDrive/Brain_Tumor_CNN_Project/dataset/Epic and CSCR hospital Dataset/Train/notumor/1786.jpg,notumor,0
/content/drive/MyDrive/Brain_Tumor_CNN_Project/dataset/Epic and CSCR hospital Dataset/Train/meningioma/M_849_RO_.jpg,meningioma,1
/content/drive/MyDrive/Brain_Tumor_CNN_Project/dataset/Epic and CSCR hospital Dataset/Train/glioma/G_743_SP_.jpg,glioma,1
/content/drive/MyDrive/Brain_Tumor_CNN_Project/dataset/Epic and CSCR hospital Dataset/Train/meningioma/Tr-me_0990.jpg,meningioma,1
/content/drive/MyDrive/Brain_Tumor_CNN_Project/dataset/Epic and CSCR hospital Dataset/Train/pituitary/P_733_VF_.jpg,pituitary,1
/content/drive/MyDrive/Brain_Tumor_CNN_Project/dataset/Epic and CSCR hospital Dataset/Train/meningioma/Tr-me_1204.jpg,meningioma,1
/content/drive/MyDrive/Brain_Tumor_CNN_Project/dataset/Epic and CSCR hospital Dataset/Train/glioma/G_743_BR_.jpg,glioma,1
/content/drive/MyDrive/Brain_Tumor_CNN_Project/dataset/Epic and CSCR hospital Dataset/Train/meningioma/M_850_RO_.jpg,meningioma,1
/content/drive/MyDrive/Brain_Tumor_CNN_Project/dataset/Epic and CSCR hospital Dataset/Train/glioma/Tr-gl_0242.jpg,glioma,1
/content/drive/MyDrive/Brain_Tumor_CNN_Project/dataset/Epic and CSCR hospital Dataset/Train/notumor/N_372.jpg,notumor,0
/content/drive/MyDrive/Brain_Tumor_CNN_Project/dataset/Epic and CSCR hospital Dataset/Train/glioma/G_830.jpg,glioma,1
/content/drive/MyDrive/Brain_Tumor_CNN_Project/dataset/Epic and CSCR hospital Dataset/Train/glioma/Te-gl_0077.jpg,glioma,1
/content/drive/MyDrive/Brain_Tumor_CNN_Project/dataset/Epic and CSCR hospital Dataset/Train/glioma/Tr-gl_0324.jpg,glioma,1
/content/drive/MyDrive/Brain_Tumor_CNN_Project/dataset/Epic and CSCR hospital Dataset/Train/notumor/Tr-no_0592.jpg,notumor,0
/content/drive/MyDrive/Brain_Tumor_CNN_Project/dataset/Epic and CSCR hospital Dataset/Train/meningioma/M_876_RO_.jpg,meningioma,1
/content/drive/MyDrive/Brain_Tumor_CNN_Project/dataset/Epic and CSCR hospital Dataset/Train/glioma/Tr-gl_1067.jpg,glioma,1
/content/drive/MyDrive/Brain_Tumor_CNN_Project/dataset/Epic and CSCR hospital Dataset/Train/meningioma/Tr-me_1246.jpg,meningioma,1
/content/drive/MyDrive/Brain_Tumor_CNN_Project/dataset/Epic and CSCR hospital Dataset/Train/glioma/G_89.jpg,glioma,1
/content/drive/MyDrive/Brain_Tumor_CNN_Project/dataset/Epic and CSCR hospital Dataset/Train/meningioma/m2 (57).jpg,meningioma,1
/content/drive/MyDrive/Brain_Tumor_CNN_Project/dataset/Epic and CSCR hospital Dataset/Train/notumor/Tr-no_0607.jpg,notumor,0
/content/drive/MyDrive/Brain_Tumor_CNN_Project/dataset/Epic and CSCR hospital Dataset/Train/pituitary/Tr-pi_0644.jpg,pituitary,1
/content/drive/MyDrive/Brain_Tumor_CNN_Project/dataset/Epic and CSCR hospital Dataset/Train/pituitary/Tr-pi_1181.jpg,pituitary,1
/content/drive/MyDrive/Brain_Tumor_CNN_Project/dataset/Epic and CSCR hospital Dataset/Train/meningioma/Tr-me_0771.jpg,meningioma,1
/content/drive/MyDrive/Brain_Tumor_CNN_Project/dataset/Epic and CSCR hospital Dataset/Train/glioma/Tr-gl_1121.jpg,glioma,1
/content/drive/MyDrive/Brain_Tumor_CNN_Project/dataset/Epic and CSCR hospital Dataset/Train/pituitary/Tr-pi_0637.jpg,pituitary,1
/content/drive/MyDrive/Brain_Tumor_CNN_Project/dataset/Epic and CSCR hospital Dataset/Train/notumor/Tr-no_0176.jpg,notumor,0
/content/drive/MyDrive/Brain_Tumor_CNN_Project/dataset/Epic and CSCR hospital Dataset/Train/pituitary/P_769.jpg,pituitary,1
/content/drive/MyDrive/Brain_Tumor_CNN_Project/dataset/Epic and CSCR hospital Dataset/Train/meningioma/1412.jpg,meningioma,1
/content/drive/MyDrive/Brain_Tumor_CNN_Project/dataset/Epic and CSCR hospital Dataset/Train/notumor/N_45.jpg,notumor,0
/content/drive/MyDrive/Brain_Tumor_CNN_Project/dataset/Epic and CSCR hospital Dataset/Train/pituitary/Tr-pi_0589.jpg,pituitary,1
/content/drive/MyDrive/Brain_Tumor_CNN_Project/dataset/Epic and CSCR hospital Dataset/Train/glioma/G_754_BR_.jpg,glioma,1
/content/drive/MyDrive/Brain_Tumor_CNN_Project/dataset/Epic and CSCR hospital Dataset/Train/meningioma/1430.jpg,meningioma,1
/content/drive/MyDrive/Brain_Tumor_CNN_Project/dataset/Epic and CSCR hospital Dataset/Train/glioma/Tr-gl_0859.jpg,glioma,1
/content/drive/MyDrive/Brain_Tumor_CNN_Project/dataset/Epic and CSCR hospital Dataset/Train/notumor/1634.jpg,notumor,0
/content/drive/MyDrive/Brain_Tumor_CNN_Project/dataset/Epic and CSCR hospital Dataset/Train/pituitary/P_788_RO_.jpg,pituitary,1
/content/drive/MyDrive/Brain_Tumor_CNN_Project/dataset/Epic and CSCR hospital Dataset/Train/glioma/Tr-gl_0614.jpg,glioma,1
/content/drive/MyDrive/Brain_Tumor_CNN_Project/dataset/Epic and CSCR hospital Dataset/Train/meningioma/Tr-me_0364.jpg,meningioma,1
/content/drive/MyDrive/Brain_Tumor_CNN_Project/dataset/Epic and CSCR hospital Dataset/Train/glioma/gg (635).jpg,glioma,1
/content/drive/MyDrive/Brain_Tumor_CNN_Project/dataset/Epic and CSCR hospital Dataset/Train/meningioma/Tr-me_0567.jpg,meningioma,1
/content/drive/MyDrive/Brain_Tumor_CNN_Project/dataset/Epic and CSCR hospital Dataset/Train/meningioma/m2 (135).jpg,meningioma,1
/content/drive/MyDrive/Brain_Tumor_CNN_Project/dataset/Epic and CSCR hospital Dataset/Train/notumor/1865.jpg,notumor,0
/content/drive/MyDrive/Brain_Tumor_CNN_Project/dataset/Epic and CSCR hospital Dataset/Train/glioma/G_888_VF_.jpg,glioma,1
/content/drive/MyDrive/Brain_Tumor_CNN_Project/dataset/Epic and CSCR hospital Dataset/Train/pituitary/P_807.jpg,pituitary,1
/content/drive/MyDrive/Brain_Tumor_CNN_Project/dataset/Epic and CSCR hospital Dataset/Train/notumor/Tr-no_0635.jpg,notumor,0
/content/drive/MyDrive/Brain_Tumor_CNN_Project/dataset/Epic and CSCR hospital Dataset/Train/pituitary/P_759.jpg,pituitary,1
/content/drive/MyDrive/Brain_Tumor_CNN_Project/dataset/Epic and CSCR hospital Dataset/Train/glioma/G_800_VF_.jpg,glioma,1
/content/drive/MyDrive/Brain_Tumor_CNN_Project/dataset/Epic and CSCR hospital Dataset/Train/meningioma/Tr-me_0171.jpg,meningioma,1
/content/drive/MyDrive/Brain_Tumor_CNN_Project/dataset/Epic and CSCR hospital Dataset/Train/pituitary/P_841_DA_.jpg,pituitary,1
/content/drive/MyDrive/Brain_Tumor_CNN_Project/dataset/Epic and CSCR hospital Dataset/Train/pituitary/Tr-pi_1206.jpg,pituitary,1
/content/drive/MyDrive/Brain_Tumor_CNN_Project/dataset/Epic and CSCR hospital Dataset/Train/meningioma/Tr-me_0338.jpg,meningioma,1
/content/drive/MyDrive/Brain_Tumor_CNN_Project/dataset/Epic and CSCR hospital Dataset/Train/meningioma/Tr-me_0038.jpg,meningioma,1
/content/drive/MyDrive/Brain_Tumor_CNN_Project/dataset/Epic and CSCR hospital Dataset/Train/pituitary/Te-pi_0115.jpg,pituitary,1
/content/drive/MyDrive/Brain_Tumor_CNN_Project/dataset/Epic and CSCR hospital Dataset/Train/meningioma/Tr-me_0887.jpg,meningioma,1
/content/drive/MyDrive/Brain_Tumor_CNN_Project/dataset/Epic and CSCR hospital Dataset/Train/meningioma/M_828_RO_.jpg,meningioma,1
/content/drive/MyDrive/Brain_Tumor_CNN_Project/dataset/Epic and CSCR hospital Dataset/Train/pituitary/Tr-pi_1310.jpg,pituitary,1
/content/drive/MyDrive/Brain_Tumor_CNN_Project/dataset/Epic and CSCR hospital Dataset/Train/meningioma/Tr-me_1118.jpg,meningioma,1
/content/drive/MyDrive/Brain_Tumor_CNN_Project/dataset/Epic and CSCR hospital Dataset/Train/notumor/N_427.jpg,notumor,0
/content/drive/MyDrive/Brain_Tumor_CNN_Project/dataset/Epic and CSCR hospital Dataset/Train/notumor/Tr-no_0531.jpg,notumor,0
/content/drive/MyDrive/Brain_Tumor_CNN_Project/dataset/Epic and CSCR hospital Dataset/Train/glioma/G_766_SP_.jpg,glioma,1
/content/drive/MyDrive/Brain_Tumor_CNN_Project/dataset/Epic and CSCR hospital Dataset/Train/glioma/Tr-gl_0162.jpg,glioma,1
/content/drive/MyDrive/Brain_Tumor_CNN_Project/dataset/Epic and CSCR hospital Dataset/Train/glioma/Tr-gl_0402.jpg,glioma,1
/content/drive/MyDrive/Brain_Tumor_CNN_Project/dataset/Epic and CSCR hospital Dataset/Train/meningioma/M_852_RO_.jpg,meningioma,1
/content/drive/MyDrive/Brain_Tumor_CNN_Project/dataset/Epic and CSCR hospital Dataset/Train/glioma/Tr-gl_0526.jpg,glioma,1
/content/drive/MyDrive/Brain_Tumor_CNN_Project/dataset/Epic and CSCR hospital Dataset/Train/glioma/Tr-gl_1075.jpg,glioma,1
/content/drive/MyDrive/Brain_Tumor_CNN_Project/dataset/Epic and CSCR hospital Dataset/Train/notumor/Tr-no_0672.jpg,notumor,0
/content/drive/MyDrive/Brain_Tumor_CNN_Project/dataset/Epic and CSCR hospital Dataset/Train/glioma/G_707_VF_.jpg,glioma,1
/content/drive/MyDrive/Brain_Tumor_CNN_Project/dataset/Epic and CSCR hospital Dataset/Train/glioma/gg (405).jpg,glioma,1
/content/drive/MyDrive/Brain_Tumor_CNN_Project/dataset/Epic and CSCR hospital Dataset/Train/notumor/N_383.jpg,notumor,0
/content/drive/MyDrive/Brain_Tumor_CNN_Project/dataset/Epic and CSCR hospital Dataset/Train/glioma/Tr-gl_1173.jpg,glioma,1
/content/drive/MyDrive/Brain_Tumor_CNN_Project/dataset/Epic and CSCR hospital Dataset/Train/pituitary/P_821_RO_.jpg,pituitary,1
/content/drive/MyDrive/Brain_Tumor_CNN_Project/dataset/Epic and CSCR hospital Dataset/Train/glioma/gg (504).jpg,glioma,1
/content/drive/MyDrive/Brain_Tumor_CNN_Project/dataset/Epic and CSCR hospital Dataset/Train/notumor/N_50_SP_.jpg,notumor,0
/content/drive/MyDrive/Brain_Tumor_CNN_Project/dataset/Epic and CSCR hospital Dataset/Train/glioma/G_778_HF_.jpg,glioma,1
/content/drive/MyDrive/Brain_Tumor_CNN_Project/dataset/Epic and CSCR hospital Dataset/Train/pituitary/Tr-pi_1012.jpg,pituitary,1
/content/drive/MyDrive/Brain_Tumor_CNN_Project/dataset/Epic and CSCR hospital Dataset/Train/notumor/Tr-no_0491.jpg,notumor,0
/content/drive/MyDrive/Brain_Tumor_CNN_Project/dataset/Epic and CSCR hospital Dataset/Train/meningioma/M_867_DA_.jpg,meningioma,1
/content/drive/MyDrive/Brain_Tumor_CNN_Project/dataset/Epic and CSCR hospital Dataset/Train/meningioma/m2 (158).jpg,meningioma,1
/content/drive/MyDrive/Brain_Tumor_CNN_Project/dataset/Epic and CSCR hospital Dataset/Train/glioma/Tr-gl_0958.jpg,glioma,1
/content/drive/MyDrive/Brain_Tumor_CNN_Project/dataset/Epic and CSCR hospital Dataset/Train/pituitary/P_712_VF_.jpg,pituitary,1
/content/drive/MyDrive/Brain_Tumor_CNN_Project/dataset/Epic and CSCR hospital Dataset/Train/pituitary/Tr-pi_0657.jpg,pituitary,1
/content/drive/MyDrive/Brain_Tumor_CNN_Project/dataset/Epic and CSCR hospital Dataset/Train/meningioma/m2 (162).jpg,meningioma,1
/content/drive/MyDrive/Brain_Tumor_CNN_Project/dataset/Epic and CSCR hospital Dataset/Train/glioma/G_766_HF_.jpg,glioma,1
/content/drive/MyDrive/Brain_Tumor_CNN_Project/dataset/Epic and CSCR hospital Dataset/Train/glioma/G_868_SP_.jpg,glioma,1
/content/drive/MyDrive/Brain_Tumor_CNN_Project/dataset/Epic and CSCR hospital Dataset/Train/pituitary/Tr-pi_0655.jpg,pituitary,1
/content/drive/MyDrive/Brain_Tumor_CNN_Project/dataset/Epic and CSCR hospital Dataset/Train/meningioma/M_826.jpg,meningioma,1
/content/drive/MyDrive/Brain_Tumor_CNN_Project/dataset/Epic and CSCR hospital Dataset/Train/meningioma/Te-me_0135.jpg,meningioma,1
/content/drive/MyDrive/Brain_Tumor_CNN_Project/dataset/Epic and CSCR hospital Dataset/Train/notumor/Tr-no_0378.jpg,notumor,0
/content/drive/MyDrive/Brain_Tumor_CNN_Project/dataset/Epic and CSCR hospital Dataset/Train/pituitary/P_766_DA_.jpg,pituitary,1
/content/drive/MyDrive/Brain_Tumor_CNN_Project/dataset/Epic and CSCR hospital Dataset/Train/notumor/Tr-no_0509.jpg,notumor,0
/content/drive/MyDrive/Brain_Tumor_CNN_Project/dataset/Epic and CSCR hospital Dataset/Train/meningioma/Tr-me_1170.jpg,meningioma,1
/content/drive/MyDrive/Brain_Tumor_CNN_Project/dataset/Epic and CSCR hospital Dataset/Train/glioma/G_782_RO_.jpg,glioma,1
/content/drive/MyDrive/Brain_Tumor_CNN_Project/dataset/Epic and CSCR hospital Dataset/Train/pituitary/P_787_RO_.jpg,pituitary,1
/content/drive/MyDrive/Brain_Tumor_CNN_Project/dataset/Epic and CSCR hospital Dataset/Train/glioma/Te-gl_0114.jpg,glioma,1
/content/drive/MyDrive/Brain_Tumor_CNN_Project/dataset/Epic and CSCR hospital Dataset/Train/glioma/Te-gl_0199.jpg,glioma,1
/content/drive/MyDrive/Brain_Tumor_CNN_Project/dataset/Epic and CSCR hospital Dataset/Train/glioma/G_780_BR_.jpg,glioma,1
/content/drive/MyDrive/Brain_Tumor_CNN_Project/dataset/Epic and CSCR hospital Dataset/Train/glioma/G_853_BR_.jpg,glioma,1
/content/drive/MyDrive/Brain_Tumor_CNN_Project/dataset/Epic and CSCR hospital Dataset/Train/meningioma/m2 (48).jpg,meningioma,1
/content/drive/MyDrive/Brain_Tumor_CNN_Project/dataset/Epic and CSCR hospital Dataset/Train/pituitary/P_739.jpg,pituitary,1
/content/drive/MyDrive/Brain_Tumor_CNN_Project/dataset/Epic and CSCR hospital Dataset/Train/notumor/N_417_BR_.jpg,notumor,0
/content/drive/MyDrive/Brain_Tumor_CNN_Project/dataset/Epic and CSCR hospital Dataset/Train/notumor/Tr-no_0370.jpg,notumor,0
/content/drive/MyDrive/Brain_Tumor_CNN_Project/dataset/Epic and CSCR hospital Dataset/Train/glioma/gg (519).jpg,glioma,1
/content/drive/MyDrive/Brain_Tumor_CNN_Project/dataset/Epic and CSCR hospital Dataset/Train/glioma/Tr-gl_0922.jpg,glioma,1
/content/drive/MyDrive/Brain_Tumor_CNN_Project/dataset/Epic and CSCR hospital Dataset/Train/glioma/G_873.jpg,glioma,1
/content/drive/MyDrive/Brain_Tumor_CNN_Project/dataset/Epic and CSCR hospital Dataset/Train/notumor/N_391.jpg,notumor,0
/content/drive/MyDrive/Brain_Tumor_CNN_Project/dataset/Epic and CSCR hospital Dataset/Train/meningioma/M_829_HF_.jpg,meningioma,1
/content/drive/MyDrive/Brain_Tumor_CNN_Project/dataset/Epic and CSCR hospital Dataset/Train/meningioma/Tr-me_1338.jpg,meningioma,1
/content/drive/MyDrive/Brain_Tumor_CNN_Project/dataset/Epic and CSCR hospital Dataset/Train/glioma/G_859.jpg,glioma,1
/content/drive/MyDrive/Brain_Tumor_CNN_Project/dataset/Epic and CSCR hospital Dataset/Train/meningioma/Tr-me_0543.jpg,meningioma,1
/content/drive/MyDrive/Brain_Tumor_CNN_Project/dataset/Epic and CSCR hospital Dataset/Train/glioma/G_844_HF_.jpg,glioma,1
/content/drive/MyDrive/Brain_Tumor_CNN_Project/dataset/Epic and CSCR hospital Dataset/Train/glioma/Tr-gl_1262.jpg,glioma,1
/content/drive/MyDrive/Brain_Tumor_CNN_Project/dataset/Epic and CSCR hospital Dataset/Train/pituitary/Te-pi_0025.jpg,pituitary,1
/content/drive/MyDrive/Brain_Tumor_CNN_Project/dataset/Epic and CSCR hospital Dataset/Train/notumor/Tr-no_0321.jpg,notumor,0
/content/drive/MyDrive/Brain_Tumor_CNN_Project/dataset/Epic and CSCR hospital Dataset/Train/notumor/Tr-no_0197.jpg,notumor,0
/content/drive/MyDrive/Brain_Tumor_CNN_Project/dataset/Epic and CSCR hospital Dataset/Train/pituitary/P_807_VF_.jpg,pituitary,1
/content/drive/MyDrive/Brain_Tumor_CNN_Project/dataset/Epic and CSCR hospital Dataset/Train/glioma/G_744_DA_.jpg,glioma,1
/content/drive/MyDrive/Brain_Tumor_CNN_Project/dataset/Epic and CSCR hospital Dataset/Train/glioma/G_850.jpg,glioma,1
/content/drive/MyDrive/Brain_Tumor_CNN_Project/dataset/Epic and CSCR hospital Dataset/Train/notumor/Tr-no_0564.jpg,notumor,0
/content/drive/MyDrive/Brain_Tumor_CNN_Project/dataset/Epic and CSCR hospital Dataset/Train/notumor/Tr-no_0399.jpg,notumor,0
/content/drive/MyDrive/Brain_Tumor_CNN_Project/dataset/Epic and CSCR hospital Dataset/Train/meningioma/M_830_HF_.jpg,meningioma,1
/content/drive/MyDrive/Brain_Tumor_CNN_Project/dataset/Epic and CSCR hospital Dataset/Train/meningioma/Tr-me_0323.jpg,meningioma,1
/content/drive/MyDrive/Brain_Tumor_CNN_Project/dataset/Epic and CSCR hospital Dataset/Train/pituitary/P_710_BR_.jpg,pituitary,1
/content/drive/MyDrive/Brain_Tumor_CNN_Project/dataset/Epic and CSCR hospital Dataset/Train/glioma/G_752_VF_.jpg,glioma,1
/content/drive/MyDrive/Brain_Tumor_CNN_Project/dataset/Epic and CSCR hospital Dataset/Train/glioma/Te-gl_0060.jpg,glioma,1
/content/drive/MyDrive/Brain_Tumor_CNN_Project/dataset/Epic and CSCR hospital Dataset/Train/glioma/gg (489).jpg,glioma,1
/content/drive/MyDrive/Brain_Tumor_CNN_Project/dataset/Epic and CSCR hospital Dataset/Train/pituitary/P_825_SP_.jpg,pituitary,1
/content/drive/MyDrive/Brain_Tumor_CNN_Project/dataset/Epic and CSCR hospital Dataset/Train/meningioma/M_845_DA_.jpg,meningioma,1
/content/drive/MyDrive/Brain_Tumor_CNN_Project/dataset/Epic and CSCR hospital Dataset/Train/glioma/Tr-gl_0255.jpg,glioma,1
/content/drive/MyDrive/Brain_Tumor_CNN_Project/dataset/Epic and CSCR hospital Dataset/Train/pituitary/P_744_DA_.jpg,pituitary,1
/content/drive/MyDrive/Brain_Tumor_CNN_Project/dataset/Epic and CSCR hospital Dataset/Train/glioma/G_716_HF_.jpg,glioma,1
/content/drive/MyDrive/Brain_Tumor_CNN_Project/dataset/Epic and CSCR hospital Dataset/Train/notumor/no 94.jpg,notumor,0
/content/drive/MyDrive/Brain_Tumor_CNN_Project/dataset/Epic and CSCR hospital Dataset/Train/glioma/Tr-gl_0689.jpg,glioma,1
/content/drive/MyDrive/Brain_Tumor_CNN_Project/dataset/Epic and CSCR hospital Dataset/Train/glioma/Tr-gl_0548.jpg,glioma,1
/content/drive/MyDrive/Brain_Tumor_CNN_Project/dataset/Epic and CSCR hospital Dataset/Train/meningioma/M_826_HF_.jpg,meningioma,1
/content/drive/MyDrive/Brain_Tumor_CNN_Project/dataset/Epic and CSCR hospital Dataset/Train/notumor/N_413_BR_.jpg,notumor,0
/content/drive/MyDrive/Brain_Tumor_CNN_Project/dataset/Epic and CSCR hospital Dataset/Train/glioma/gg (617).jpg,glioma,1
/content/drive/MyDrive/Brain_Tumor_CNN_Project/dataset/Epic and CSCR hospital Dataset/Train/glioma/G_712_HF_.jpg,glioma,1
/content/drive/MyDrive/Brain_Tumor_CNN_Project/dataset/Epic and CSCR hospital Dataset/Train/notumor/Te-no_0294.jpg,notumor,0
/content/drive/MyDrive/Brain_Tumor_CNN_Project/dataset/Epic and CSCR hospital Dataset/Train/glioma/G_868_DA_.jpg,glioma,1
/content/drive/MyDrive/Brain_Tumor_CNN_Project/dataset/Epic and CSCR hospital Dataset/Train/glioma/Tr-gl_0378.jpg,glioma,1
/content/drive/MyDrive/Brain_Tumor_CNN_Project/dataset/Epic and CSCR hospital Dataset/Train/meningioma/m1(71).jpg,meningioma,1
/content/drive/MyDrive/Brain_Tumor_CNN_Project/dataset/Epic and CSCR hospital Dataset/Train/glioma/G_748_DA_.jpg,glioma,1
/content/drive/MyDrive/Brain_Tumor_CNN_Project/dataset/Epic and CSCR hospital Dataset/Train/meningioma/M_822_BR_.jpg,meningioma,1
/content/drive/MyDrive/Brain_Tumor_CNN_Project/dataset/Epic and CSCR hospital Dataset/Train/notumor/N_435_HF_.jpg,notumor,0
/content/drive/MyDrive/Brain_Tumor_CNN_Project/dataset/Epic and CSCR hospital Dataset/Train/glioma/Tr-gl_0972.jpg,glioma,1
/content/drive/MyDrive/Brain_Tumor_CNN_Project/dataset/Epic and CSCR hospital Dataset/Train/meningioma/Tr-me_0359.jpg,meningioma,1
/content/drive/MyDrive/Brain_Tumor_CNN_Project/dataset/Epic and CSCR hospital Dataset/Train/glioma/G_750_SP_.jpg,glioma,1
/content/drive/MyDrive/Brain_Tumor_CNN_Project/dataset/Epic and CSCR hospital Dataset/Train/notumor/Tr-no_0084.jpg,notumor,0
/content/drive/MyDrive/Brain_Tumor_CNN_Project/dataset/Epic and CSCR hospital Dataset/Train/meningioma/Tr-me_0439.jpg,meningioma,1
/content/drive/MyDrive/Brain_Tumor_CNN_Project/dataset/Epic and CSCR hospital Dataset/Train/glioma/Tr-gl_0142.jpg,glioma,1
/content/drive/MyDrive/Brain_Tumor_CNN_Project/dataset/Epic and CSCR hospital Dataset/Train/meningioma/Tr-me_1056.jpg,meningioma,1
/content/drive/MyDrive/Brain_Tumor_CNN_Project/dataset/Epic and CSCR hospital Dataset/Train/glioma/G_884_VF_.jpg,glioma,1
/content/drive/MyDrive/Brain_Tumor_CNN_Project/dataset/Epic and CSCR hospital Dataset/Train/glioma/Tr-gl_0613.jpg,glioma,1
/content/drive/MyDrive/Brain_Tumor_CNN_Project/dataset/Epic and CSCR hospital Dataset/Train/glioma/G_818_VF_.jpg,glioma,1
/content/drive/MyDrive/Brain_Tumor_CNN_Project/dataset/Epic and CSCR hospital Dataset/Train/notumor/N_436_VF_.jpg,notumor,0
/content/drive/MyDrive/Brain_Tumor_CNN_Project/dataset/Epic and CSCR hospital Dataset/Train/glioma/G_809_DA_.jpg,glioma,1
/content/drive/MyDrive/Brain_Tumor_CNN_Project/dataset/Epic and CSCR hospital Dataset/Train/pituitary/Tr-pi_0143.jpg,pituitary,1
/content/drive/MyDrive/Brain_Tumor_CNN_Project/dataset/Epic and CSCR hospital Dataset/Train/meningioma/Tr-me_0180.jpg,meningioma,1
/content/drive/MyDrive/Brain_Tumor_CNN_Project/dataset/Epic and CSCR hospital Dataset/Train/glioma/Tr-gl_0198.jpg,glioma,1
/content/drive/MyDrive/Brain_Tumor_CNN_Project/dataset/Epic and CSCR hospital Dataset/Train/meningioma/Tr-me_0845.jpg,meningioma,1
/content/drive/MyDrive/Brain_Tumor_CNN_Project/dataset/Epic and CSCR hospital Dataset/Train/notumor/Te-no_0246.jpg,notumor,0
/content/drive/MyDrive/Brain_Tumor_CNN_Project/dataset/Epic and CSCR hospital Dataset/Train/glioma/G_869_BR_.jpg,glioma,1
/content/drive/MyDrive/Brain_Tumor_CNN_Project/dataset/Epic and CSCR hospital Dataset/Train/meningioma/M_864.jpg,meningioma,1
/content/drive/MyDrive/Brain_Tumor_CNN_Project/dataset/Epic and CSCR hospital Dataset/Train/meningioma/Tr-me_0770.jpg,meningioma,1
/content/drive/MyDrive/Brain_Tumor_CNN_Project/dataset/Epic and CSCR hospital Dataset/Train/meningioma/Tr-me_1248.jpg,meningioma,1
/content/drive/MyDrive/Brain_Tumor_CNN_Project/dataset/Epic and CSCR hospital Dataset/Train/glioma/G_764.jpg,glioma,1
/content/drive/MyDrive/Brain_Tumor_CNN_Project/dataset/Epic and CSCR hospital Dataset/Train/notumor/Te-no_0180.jpg,notumor,0
/content/drive/MyDrive/Brain_Tumor_CNN_Project/dataset/Epic and CSCR hospital Dataset/Train/glioma/Tr-gl_0206.jpg,glioma,1
/content/drive/MyDrive/Brain_Tumor_CNN_Project/dataset/Epic and CSCR hospital Dataset/Train/glioma/Tr-gl_0970.jpg,glioma,1
/content/drive/MyDrive/Brain_Tumor_CNN_Project/dataset/Epic and CSCR hospital Dataset/Train/notumor/N_384_DA_.jpg,notumor,0
/content/drive/MyDrive/Brain_Tumor_CNN_Project/dataset/Epic and CSCR hospital Dataset/Train/notumor/Tr-no_0341.jpg,notumor,0
/content/drive/MyDrive/Brain_Tumor_CNN_Project/dataset/Epic and CSCR hospital Dataset/Train/pituitary/Tr-pi_0787.jpg,pituitary,1
/content/drive/MyDrive/Brain_Tumor_CNN_Project/dataset/Epic and CSCR hospital Dataset/Train/meningioma/M_858.jpg,meningioma,1
/content/drive/MyDrive/Brain_Tumor_CNN_Project/dataset/Epic and CSCR hospital Dataset/Train/glioma/G_834_SP_.jpg,glioma,1
/content/drive/MyDrive/Brain_Tumor_CNN_Project/dataset/Epic and CSCR hospital Dataset/Train/glioma/Tr-gl_1191.jpg,glioma,1
/content/drive/MyDrive/Brain_Tumor_CNN_Project/dataset/Epic and CSCR hospital Dataset/Train/glioma/G_829_BR_.jpg,glioma,1
/content/drive/MyDrive/Brain_Tumor_CNN_Project/dataset/Epic and CSCR hospital Dataset/Train/notumor/Te-no_0148.jpg,notumor,0
/content/drive/MyDrive/Brain_Tumor_CNN_Project/dataset/Epic and CSCR hospital Dataset/Train/glioma/Tr-gl_0939.jpg,glioma,1
/content/drive/MyDrive/Brain_Tumor_CNN_Project/dataset/Epic and CSCR hospital Dataset/Train/pituitary/P_724_DA_.jpg,pituitary,1
/content/drive/MyDrive/Brain_Tumor_CNN_Project/dataset/Epic and CSCR hospital Dataset/Train/pituitary/Tr-pi_0272.jpg,pituitary,1
/content/drive/MyDrive/Brain_Tumor_CNN_Project/dataset/Epic and CSCR hospital Dataset/Train/glioma/G_844.jpg,glioma,1
/content/drive/MyDrive/Brain_Tumor_CNN_Project/dataset/Epic and CSCR hospital Dataset/Train/glioma/Te-gl_0181.jpg,glioma,1
/content/drive/MyDrive/Brain_Tumor_CNN_Project/dataset/Epic and CSCR hospital Dataset/Train/notumor/Te-no_0287.jpg,notumor,0
/content/drive/MyDrive/Brain_Tumor_CNN_Project/dataset/Epic and CSCR hospital Dataset/Train/meningioma/Tr-me_1128.jpg,meningioma,1
/content/drive/MyDrive/Brain_Tumor_CNN_Project/dataset/Epic and CSCR hospital Dataset/Train/glioma/G_716_RO_.jpg,glioma,1
/content/drive/MyDrive/Brain_Tumor_CNN_Project/dataset/Epic and CSCR hospital Dataset/Train/pituitary/Tr-pi_1163.jpg,pituitary,1
/content/drive/MyDrive/Brain_Tumor_CNN_Project/dataset/Epic and CSCR hospital Dataset/Train/pituitary/P_840_BR_.jpg,pituitary,1
/content/drive/MyDrive/Brain_Tumor_CNN_Project/dataset/Epic and CSCR hospital Dataset/Train/notumor/N_404_DA_.jpg,notumor,0
/content/drive/MyDrive/Brain_Tumor_CNN_Project/dataset/Epic and CSCR hospital Dataset/Train/pituitary/P_840_SP_.jpg,pituitary,1
/content/drive/MyDrive/Brain_Tumor_CNN_Project/dataset/Epic and CSCR hospital Dataset/Train/notumor/N_38.jpg,notumor,0
/content/drive/MyDrive/Brain_Tumor_CNN_Project/dataset/Epic and CSCR hospital Dataset/Train/meningioma/Te-me_0199.jpg,meningioma,1
/content/drive/MyDrive/Brain_Tumor_CNN_Project/dataset/Epic and CSCR hospital Dataset/Train/meningioma/m3 (145).jpg,meningioma,1
/content/drive/MyDrive/Brain_Tumor_CNN_Project/dataset/Epic and CSCR hospital Dataset/Train/glioma/Tr-gl_0464.jpg,glioma,1
/content/drive/MyDrive/Brain_Tumor_CNN_Project/dataset/Epic and CSCR hospital Dataset/Train/notumor/N_408.jpg,notumor,0
/content/drive/MyDrive/Brain_Tumor_CNN_Project/dataset/Epic and CSCR hospital Dataset/Train/glioma/G_708_RO_.jpg,glioma,1
/content/drive/MyDrive/Brain_Tumor_CNN_Project/dataset/Epic and CSCR hospital Dataset/Train/pituitary/Tr-pi_0606.jpg,pituitary,1
/content/drive/MyDrive/Brain_Tumor_CNN_Project/dataset/Epic and CSCR hospital Dataset/Train/glioma/G_765_SP_.jpg,glioma,1
/content/drive/MyDrive/Brain_Tumor_CNN_Project/dataset/Epic and CSCR hospital Dataset/Train/meningioma/m2 (115).jpg,meningioma,1
/content/drive/MyDrive/Brain_Tumor_CNN_Project/dataset/Epic and CSCR hospital Dataset/Train/notumor/Tr-no_0102.jpg,notumor,0
/content/drive/MyDrive/Brain_Tumor_CNN_Project/dataset/Epic and CSCR hospital Dataset/Train/notumor/1876.jpg,notumor,0
/content/drive/MyDrive/Brain_Tumor_CNN_Project/dataset/Epic and CSCR hospital Dataset/Train/meningioma/Tr-me_0483.jpg,meningioma,1
/content/drive/MyDrive/Brain_Tumor_CNN_Project/dataset/Epic and CSCR hospital Dataset/Train/notumor/image(183).jpg,notumor,0
/content/drive/MyDrive/Brain_Tumor_CNN_Project/dataset/Epic and CSCR hospital Dataset/Train/pituitary/p (570).jpg,pituitary,1
/content/drive/MyDrive/Brain_Tumor_CNN_Project/dataset/Epic and CSCR hospital Dataset/Train/glioma/G_778_RO_.jpg,glioma,1
/content/drive/MyDrive/Brain_Tumor_CNN_Project/dataset/Epic and CSCR hospital Dataset/Train/notumor/20 no.jpg,notumor,0
/content/drive/MyDrive/Brain_Tumor_CNN_Project/dataset/Epic and CSCR hospital Dataset/Train/meningioma/M_821.jpg,meningioma,1
/content/drive/MyDrive/Brain_Tumor_CNN_Project/dataset/Epic and CSCR hospital Dataset/Train/glioma/Tr-gl_1204.jpg,glioma,1
/content/drive/MyDrive/Brain_Tumor_CNN_Project/dataset/Epic and CSCR hospital Dataset/Train/glioma/G_808.jpg,glioma,1
/content/drive/MyDrive/Brain_Tumor_CNN_Project/dataset/Epic and CSCR hospital Dataset/Train/notumor/N_404.jpg,notumor,0
/content/drive/MyDrive/Brain_Tumor_CNN_Project/dataset/Epic and CSCR hospital Dataset/Train/notumor/1853.jpg,notumor,0
/content/drive/MyDrive/Brain_Tumor_CNN_Project/dataset/Epic and CSCR hospital Dataset/Train/glioma/G_839_SP_.jpg,glioma,1
/content/drive/MyDrive/Brain_Tumor_CNN_Project/dataset/Epic and CSCR hospital Dataset/Train/notumor/Tr-no_0632.jpg,notumor,0
/content/drive/MyDrive/Brain_Tumor_CNN_Project/dataset/Epic and CSCR hospital Dataset/Train/glioma/Tr-gl_1144.jpg,glioma,1
/content/drive/MyDrive/Brain_Tumor_CNN_Project/dataset/Epic and CSCR hospital Dataset/Train/pituitary/Te-pi_0080.jpg,pituitary,1
/content/drive/MyDrive/Brain_Tumor_CNN_Project/dataset/Epic and CSCR hospital Dataset/Train/glioma/G_870_VF_.jpg,glioma,1
/content/drive/MyDrive/Brain_Tumor_CNN_Project/dataset/Epic and CSCR hospital Dataset/Train/glioma/G_726_BR_.jpg,glioma,1
/content/drive/MyDrive/Brain_Tumor_CNN_Project/dataset/Epic and CSCR hospital Dataset/Train/meningioma/M_835_HF_.jpg,meningioma,1
/content/drive/MyDrive/Brain_Tumor_CNN_Project/dataset/Epic and CSCR hospital Dataset/Train/meningioma/Tr-me_0472.jpg,meningioma,1
/content/drive/MyDrive/Brain_Tumor_CNN_Project/dataset/Epic and CSCR hospital Dataset/Train/pituitary/P_800_RO_.jpg,pituitary,1
/content/drive/MyDrive/Brain_Tumor_CNN_Project/dataset/Epic and CSCR hospital Dataset/Train/glioma/Tr-gl_0269.jpg,glioma,1
/content/drive/MyDrive/Brain_Tumor_CNN_Project/dataset/Epic and CSCR hospital Dataset/Train/notumor/Tr-no_0295.jpg,notumor,0
/content/drive/MyDrive/Brain_Tumor_CNN_Project/dataset/Epic and CSCR hospital Dataset/Train/pituitary/Te-pi_0094.jpg,pituitary,1
/content/drive/MyDrive/Brain_Tumor_CNN_Project/dataset/Epic and CSCR hospital Dataset/Train/glioma/Te-gl_0253.jpg,glioma,1
/content/drive/MyDrive/Brain_Tumor_CNN_Project/dataset/Epic and CSCR hospital Dataset/Train/notumor/Tr-no_0466.jpg,notumor,0
/content/drive/MyDrive/Brain_Tumor_CNN_Project/dataset/Epic and CSCR hospital Dataset/Train/notumor/Tr-no_0638.jpg,notumor,0
/content/drive/MyDrive/Brain_Tumor_CNN_Project/dataset/Epic and CSCR hospital Dataset/Train/glioma/G_890_BR_.jpg,glioma,1
/content/drive/MyDrive/Brain_Tumor_CNN_Project/dataset/Epic and CSCR hospital Dataset/Train/glioma/G_822_HF_.jpg,glioma,1
/content/drive/MyDrive/Brain_Tumor_CNN_Project/dataset/Epic and CSCR hospital Dataset/Train/meningioma/Tr-me_0995.jpg,meningioma,1
/content/drive/MyDrive/Brain_Tumor_CNN_Project/dataset/Epic and CSCR hospital Dataset/Train/glioma/G_793_HF_.jpg,glioma,1
/content/drive/MyDrive/Brain_Tumor_CNN_Project/dataset/Epic and CSCR hospital Dataset/Train/pituitary/P_801_DA_.jpg,pituitary,1
/content/drive/MyDrive/Brain_Tumor_CNN_Project/dataset/Epic and CSCR hospital Dataset/Train/pituitary/P_787_VF_.jpg,pituitary,1
/content/drive/MyDrive/Brain_Tumor_CNN_Project/dataset/Epic and CSCR hospital Dataset/Train/meningioma/Tr-me_0616.jpg,meningioma,1
/content/drive/MyDrive/Brain_Tumor_CNN_Project/dataset/Epic and CSCR hospital Dataset/Train/meningioma/Tr-me_0859.jpg,meningioma,1
/content/drive/MyDrive/Brain_Tumor_CNN_Project/dataset/Epic and CSCR hospital Dataset/Train/pituitary/Tr-pi_0729.jpg,pituitary,1
/content/drive/MyDrive/Brain_Tumor_CNN_Project/dataset/Epic and CSCR hospital Dataset/Train/meningioma/Tr-me_0534.jpg,meningioma,1
/content/drive/MyDrive/Brain_Tumor_CNN_Project/dataset/Epic and CSCR hospital Dataset/Train/notumor/Te-no_0219.jpg,notumor,0
/content/drive/MyDrive/Brain_Tumor_CNN_Project/dataset/Epic and CSCR hospital Dataset/Train/notumor/1699.jpg,notumor,0
/content/drive/MyDrive/Brain_Tumor_CNN_Project/dataset/Epic and CSCR hospital Dataset/Train/glioma/G_823_BR_.jpg,glioma,1
/content/drive/MyDrive/Brain_Tumor_CNN_Project/dataset/Epic and CSCR hospital Dataset/Train/pituitary/Tr-pi_0049.jpg,pituitary,1
/content/drive/MyDrive/Brain_Tumor_CNN_Project/dataset/Epic and CSCR hospital Dataset/Train/pituitary/P_832_DA_.jpg,pituitary,1
/content/drive/MyDrive/Brain_Tumor_CNN_Project/dataset/Epic and CSCR hospital Dataset/Train/glioma/gg (585).jpg,glioma,1
/content/drive/MyDrive/Brain_Tumor_CNN_Project/dataset/Epic and CSCR hospital Dataset/Train/glioma/G_717_VF_.jpg,glioma,1
/content/drive/MyDrive/Brain_Tumor_CNN_Project/dataset/Epic and CSCR hospital Dataset/Train/glioma/G_850_HF_.jpg,glioma,1
/content/drive/MyDrive/Brain_Tumor_CNN_Project/dataset/Epic and CSCR hospital Dataset/Train/glioma/Tr-gl_0322.jpg,glioma,1
/content/drive/MyDrive/Brain_Tumor_CNN_Project/dataset/Epic and CSCR hospital Dataset/Train/notumor/Tr-no_0175.jpg,notumor,0
/content/drive/MyDrive/Brain_Tumor_CNN_Project/dataset/Epic and CSCR hospital Dataset/Train/glioma/G_724.jpg,glioma,1
/content/drive/MyDrive/Brain_Tumor_CNN_Project/dataset/Epic and CSCR hospital Dataset/Train/glioma/Tr-gl_0685.jpg,glioma,1
/content/drive/MyDrive/Brain_Tumor_CNN_Project/dataset/Epic and CSCR hospital Dataset/Train/pituitary/Tr-pi_0795.jpg,pituitary,1
/content/drive/MyDrive/Brain_Tumor_CNN_Project/dataset/Epic and CSCR hospital Dataset/Train/notumor/N_51.jpg,notumor,0
/content/drive/MyDrive/Brain_Tumor_CNN_Project/dataset/Epic and CSCR hospital Dataset/Train/meningioma/Tr-me_0094.jpg,meningioma,1
/content/drive/MyDrive/Brain_Tumor_CNN_Project/dataset/Epic and CSCR hospital Dataset/Train/pituitary/Tr-pi_0331.jpg,pituitary,1
/content/drive/MyDrive/Brain_Tumor_CNN_Project/dataset/Epic and CSCR hospital Dataset/Train/notumor/1681.jpg,notumor,0
/content/drive/MyDrive/Brain_Tumor_CNN_Project/dataset/Epic and CSCR hospital Dataset/Train/pituitary/P_823_RO_.jpg,pituitary,1
/content/drive/MyDrive/Brain_Tumor_CNN_Project/dataset/Epic and CSCR hospital Dataset/Train/glioma/Tr-gl_0954.jpg,glioma,1
/content/drive/MyDrive/Brain_Tumor_CNN_Project/dataset/Epic and CSCR hospital Dataset/Train/glioma/Tr-gl_1238.jpg,glioma,1
/content/drive/MyDrive/Brain_Tumor_CNN_Project/dataset/Epic and CSCR hospital Dataset/Train/meningioma/M_847_HF_.jpg,meningioma,1
/content/drive/MyDrive/Brain_Tumor_CNN_Project/dataset/Epic and CSCR hospital Dataset/Train/pituitary/Tr-pi_1145.jpg,pituitary,1
/content/drive/MyDrive/Brain_Tumor_CNN_Project/dataset/Epic and CSCR hospital Dataset/Train/pituitary/P_752_VF_.jpg,pituitary,1
/content/drive/MyDrive/Brain_Tumor_CNN_Project/dataset/Epic and CSCR hospital Dataset/Train/glioma/Tr-gl_0442.jpg,glioma,1
/content/drive/MyDrive/Brain_Tumor_CNN_Project/dataset/Epic and CSCR hospital Dataset/Train/meningioma/M_875_SP_.jpg,meningioma,1
/content/drive/MyDrive/Brain_Tumor_CNN_Project/dataset/Epic and CSCR hospital Dataset/Train/notumor/N_414.jpg,notumor,0
/content/drive/MyDrive/Brain_Tumor_CNN_Project/dataset/Epic and CSCR hospital Dataset/Train/glioma/Te-gl_0136.jpg,glioma,1
/content/drive/MyDrive/Brain_Tumor_CNN_Project/dataset/Epic and CSCR hospital Dataset/Train/pituitary/Tr-pi_1116.jpg,pituitary,1
/content/drive/MyDrive/Brain_Tumor_CNN_Project/dataset/Epic and CSCR hospital Dataset/Train/notumor/Tr-no_0494.jpg,notumor,0
/content/drive/MyDrive/Brain_Tumor_CNN_Project/dataset/Epic and CSCR hospital Dataset/Train/glioma/Tr-gl_1038.jpg,glioma,1
/content/drive/MyDrive/Brain_Tumor_CNN_Project/dataset/Epic and CSCR hospital Dataset/Train/meningioma/M_876_HF_.jpg,meningioma,1
/content/drive/MyDrive/Brain_Tumor_CNN_Project/dataset/Epic and CSCR hospital Dataset/Train/glioma/G_751_HF_.jpg,glioma,1
/content/drive/MyDrive/Brain_Tumor_CNN_Project/dataset/Epic and CSCR hospital Dataset/Train/pituitary/P_798_BR_.jpg,pituitary,1
/content/drive/MyDrive/Brain_Tumor_CNN_Project/dataset/Epic and CSCR hospital Dataset/Train/notumor/Te-no_0164.jpg,notumor,0
/content/drive/MyDrive/Brain_Tumor_CNN_Project/dataset/Epic and CSCR hospital Dataset/Train/notumor/N_410_BR_.jpg,notumor,0
/content/drive/MyDrive/Brain_Tumor_CNN_Project/dataset/Epic and CSCR hospital Dataset/Train/pituitary/Tr-pi_0647.jpg,pituitary,1
/content/drive/MyDrive/Brain_Tumor_CNN_Project/dataset/Epic and CSCR hospital Dataset/Train/glioma/Tr-gl_0281.jpg,glioma,1
/content/drive/MyDrive/Brain_Tumor_CNN_Project/dataset/Epic and CSCR hospital Dataset/Train/notumor/N_435_BR_.jpg,notumor,0
/content/drive/MyDrive/Brain_Tumor_CNN_Project/dataset/Epic and CSCR hospital Dataset/Train/pituitary/Tr-pi_0175.jpg,pituitary,1
/content/drive/MyDrive/Brain_Tumor_CNN_Project/dataset/Epic and CSCR hospital Dataset/Train/meningioma/m2 (116).jpg,meningioma,1
/content/drive/MyDrive/Brain_Tumor_CNN_Project/dataset/Epic and CSCR hospital Dataset/Train/notumor/N_419.jpg,notumor,0
/content/drive/MyDrive/Brain_Tumor_CNN_Project/dataset/Epic and CSCR hospital Dataset/Train/meningioma/Tr-me_1201.jpg,meningioma,1
/content/drive/MyDrive/Brain_Tumor_CNN_Project/dataset/Epic and CSCR hospital Dataset/Train/glioma/Tr-gl_1234.jpg,glioma,1
/content/drive/MyDrive/Brain_Tumor_CNN_Project/dataset/Epic and CSCR hospital Dataset/Train/glioma/Tr-gl_0454.jpg,glioma,1
/content/drive/MyDrive/Brain_Tumor_CNN_Project/dataset/Epic and CSCR hospital Dataset/Train/pituitary/P_760_HF_.jpg,pituitary,1
/content/drive/MyDrive/Brain_Tumor_CNN_Project/dataset/Epic and CSCR hospital Dataset/Train/meningioma/M_883.jpg,meningioma,1
/content/drive/MyDrive/Brain_Tumor_CNN_Project/dataset/Epic and CSCR hospital Dataset/Train/pituitary/Tr-pi_0567.jpg,pituitary,1
/content/drive/MyDrive/Brain_Tumor_CNN_Project/dataset/Epic and CSCR hospital Dataset/Train/pituitary/p (528).jpg,pituitary,1
/content/drive/MyDrive/Brain_Tumor_CNN_Project/dataset/Epic and CSCR hospital Dataset/Train/glioma/G_780_HF_.jpg,glioma,1
/content/drive/MyDrive/Brain_Tumor_CNN_Project/dataset/Epic and CSCR hospital Dataset/Train/notumor/N_389_RO_.jpg,notumor,0
/content/drive/MyDrive/Brain_Tumor_CNN_Project/dataset/Epic and CSCR hospital Dataset/Train/pituitary/P_842_DA_.jpg,pituitary,1
/content/drive/MyDrive/Brain_Tumor_CNN_Project/dataset/Epic and CSCR hospital Dataset/Train/pituitary/Tr-pi_1205.jpg,pituitary,1
/content/drive/MyDrive/Brain_Tumor_CNN_Project/dataset/Epic and CSCR hospital Dataset/Train/notumor/Tr-no_0093.jpg,notumor,0
/content/drive/MyDrive/Brain_Tumor_CNN_Project/dataset/Epic and CSCR hospital Dataset/Train/meningioma/Tr-me_0367.jpg,meningioma,1
/content/drive/MyDrive/Brain_Tumor_CNN_Project/dataset/Epic and CSCR hospital Dataset/Train/glioma/G_872_RO_.jpg,glioma,1
/content/drive/MyDrive/Brain_Tumor_CNN_Project/dataset/Epic and CSCR hospital Dataset/Train/meningioma/Tr-me_0080.jpg,meningioma,1
/content/drive/MyDrive/Brain_Tumor_CNN_Project/dataset/Epic and CSCR hospital Dataset/Train/meningioma/m2 (74).jpg,meningioma,1
/content/drive/MyDrive/Brain_Tumor_CNN_Project/dataset/Epic and CSCR hospital Dataset/Train/meningioma/Te-me_0182.jpg,meningioma,1
/content/drive/MyDrive/Brain_Tumor_CNN_Project/dataset/Epic and CSCR hospital Dataset/Train/notumor/Tr-no_0189.jpg,notumor,0
/content/drive/MyDrive/Brain_Tumor_CNN_Project/dataset/Epic and CSCR hospital Dataset/Train/pituitary/Tr-pi_0385.jpg,pituitary,1
/content/drive/MyDrive/Brain_Tumor_CNN_Project/dataset/Epic and CSCR hospital Dataset/Train/pituitary/Tr-pi_1111.jpg,pituitary,1
/content/drive/MyDrive/Brain_Tumor_CNN_Project/dataset/Epic and CSCR hospital Dataset/Train/meningioma/M_821_HF_.jpg,meningioma,1
/content/drive/MyDrive/Brain_Tumor_CNN_Project/dataset/Epic and CSCR hospital Dataset/Train/glioma/G_818_RO_.jpg,glioma,1
/content/drive/MyDrive/Brain_Tumor_CNN_Project/dataset/Epic and CSCR hospital Dataset/Train/meningioma/M_854_SP_.jpg,meningioma,1
/content/drive/MyDrive/Brain_Tumor_CNN_Project/dataset/Epic and CSCR hospital Dataset/Train/glioma/Tr-gl_0966.jpg,glioma,1
/content/drive/MyDrive/Brain_Tumor_CNN_Project/dataset/Epic and CSCR hospital Dataset/Train/pituitary/Tr-pi_0135.jpg,pituitary,1
/content/drive/MyDrive/Brain_Tumor_CNN_Project/dataset/Epic and CSCR hospital Dataset/Train/pituitary/Tr-pi_0702.jpg,pituitary,1
/content/drive/MyDrive/Brain_Tumor_CNN_Project/dataset/Epic and CSCR hospital Dataset/Train/pituitary/Tr-pi_0566.jpg,pituitary,1
/content/drive/MyDrive/Brain_Tumor_CNN_Project/dataset/Epic and CSCR hospital Dataset/Train/glioma/gg (382).jpg,glioma,1
/content/drive/MyDrive/Brain_Tumor_CNN_Project/dataset/Epic and CSCR hospital Dataset/Train/glioma/Te-gl_0156.jpg,glioma,1
/content/drive/MyDrive/Brain_Tumor_CNN_Project/dataset/Epic and CSCR hospital Dataset/Train/meningioma/Tr-me_0244.jpg,meningioma,1
/content/drive/MyDrive/Brain_Tumor_CNN_Project/dataset/Epic and CSCR hospital Dataset/Train/meningioma/M_840.jpg,meningioma,1
/content/drive/MyDrive/Brain_Tumor_CNN_Project/dataset/Epic and CSCR hospital Dataset/Train/pituitary/P_777_DA_.jpg,pituitary,1
/content/drive/MyDrive/Brain_Tumor_CNN_Project/dataset/Epic and CSCR hospital Dataset/Train/glioma/gg (438).jpg,glioma,1
/content/drive/MyDrive/Brain_Tumor_CNN_Project/dataset/Epic and CSCR hospital Dataset/Train/glioma/Tr-gl_0287.jpg,glioma,1
/content/drive/MyDrive/Brain_Tumor_CNN_Project/dataset/Epic and CSCR hospital Dataset/Train/meningioma/M_869_HF_.jpg,meningioma,1
/content/drive/MyDrive/Brain_Tumor_CNN_Project/dataset/Epic and CSCR hospital Dataset/Train/meningioma/M_885_VF_.jpg,meningioma,1
/content/drive/MyDrive/Brain_Tumor_CNN_Project/dataset/Epic and CSCR hospital Dataset/Train/notumor/Tr-no_0114.jpg,notumor,0
/content/drive/MyDrive/Brain_Tumor_CNN_Project/dataset/Epic and CSCR hospital Dataset/Train/pituitary/Tr-pi_0124.jpg,pituitary,1
/content/drive/MyDrive/Brain_Tumor_CNN_Project/dataset/Epic and CSCR hospital Dataset/Train/meningioma/Tr-me_1002.jpg,meningioma,1
/content/drive/MyDrive/Brain_Tumor_CNN_Project/dataset/Epic and CSCR hospital Dataset/Train/pituitary/Tr-pi_0092.jpg,pituitary,1
/content/drive/MyDrive/Brain_Tumor_CNN_Project/dataset/Epic and CSCR hospital Dataset/Train/pituitary/Tr-pi_0695.jpg,pituitary,1
/content/drive/MyDrive/Brain_Tumor_CNN_Project/dataset/Epic and CSCR hospital Dataset/Train/notumor/Tr-no_0616.jpg,notumor,0
/content/drive/MyDrive/Brain_Tumor_CNN_Project/dataset/Epic and CSCR hospital Dataset/Train/glioma/Tr-gl_1042.jpg,glioma,1
/content/drive/MyDrive/Brain_Tumor_CNN_Project/dataset/Epic and CSCR hospital Dataset/Train/glioma/Te-gl_0075.jpg,glioma,1
/content/drive/MyDrive/Brain_Tumor_CNN_Project/dataset/Epic and CSCR hospital Dataset/Train/pituitary/Tr-pi_1105.jpg,pituitary,1
/content/drive/MyDrive/Brain_Tumor_CNN_Project/dataset/Epic and CSCR hospital Dataset/Train/glioma/G_884_SP_.jpg,glioma,1
/content/drive/MyDrive/Brain_Tumor_CNN_Project/dataset/Epic and CSCR hospital Dataset/Train/pituitary/P_784_DA_.jpg,pituitary,1
/content/drive/MyDrive/Brain_Tumor_CNN_Project/dataset/Epic and CSCR hospital Dataset/Train/meningioma/M_878_BR_.jpg,meningioma,1
/content/drive/MyDrive/Brain_Tumor_CNN_Project/dataset/Epic and CSCR hospital Dataset/Train/meningioma/Tr-me_0078.jpg,meningioma,1
/content/drive/MyDrive/Brain_Tumor_CNN_Project/dataset/Epic and CSCR hospital Dataset/Train/meningioma/1381.jpg,meningioma,1
/content/drive/MyDrive/Brain_Tumor_CNN_Project/dataset/Epic and CSCR hospital Dataset/Train/meningioma/Tr-me_0507.jpg,meningioma,1
/content/drive/MyDrive/Brain_Tumor_CNN_Project/dataset/Epic and CSCR hospital Dataset/Train/glioma/Tr-gl_0466.jpg,glioma,1
/content/drive/MyDrive/Brain_Tumor_CNN_Project/dataset/Epic and CSCR hospital Dataset/Train/glioma/G_861_HF_.jpg,glioma,1
/content/drive/MyDrive/Brain_Tumor_CNN_Project/dataset/Epic and CSCR hospital Dataset/Train/pituitary/P_718_VF_.jpg,pituitary,1
/content/drive/MyDrive/Brain_Tumor_CNN_Project/dataset/Epic and CSCR hospital Dataset/Train/meningioma/Tr-me_0473.jpg,meningioma,1
/content/drive/MyDrive/Brain_Tumor_CNN_Project/dataset/Epic and CSCR hospital Dataset/Train/glioma/gg (636).jpg,glioma,1
/content/drive/MyDrive/Brain_Tumor_CNN_Project/dataset/Epic and CSCR hospital Dataset/Train/glioma/Te-gl_0142.jpg,glioma,1
/content/drive/MyDrive/Brain_Tumor_CNN_Project/dataset/Epic and CSCR hospital Dataset/Train/glioma/G_779_VF_.jpg,glioma,1
/content/drive/MyDrive/Brain_Tumor_CNN_Project/dataset/Epic and CSCR hospital Dataset/Train/glioma/G_795_SP_.jpg,glioma,1
/content/drive/MyDrive/Brain_Tumor_CNN_Project/dataset/Epic and CSCR hospital Dataset/Train/notumor/N_57_HF_.jpg,notumor,0
/content/drive/MyDrive/Brain_Tumor_CNN_Project/dataset/Epic and CSCR hospital Dataset/Train/pituitary/Tr-pi_0633.jpg,pituitary,1
/content/drive/MyDrive/Brain_Tumor_CNN_Project/dataset/Epic and CSCR hospital Dataset/Train/notumor/Tr-no_0449.jpg,notumor,0
/content/drive/MyDrive/Brain_Tumor_CNN_Project/dataset/Epic and CSCR hospital Dataset/Train/meningioma/Tr-me_0518.jpg,meningioma,1
/content/drive/MyDrive/Brain_Tumor_CNN_Project/dataset/Epic and CSCR hospital Dataset/Train/glioma/G_764_RO_.jpg,glioma,1
/content/drive/MyDrive/Brain_Tumor_CNN_Project/dataset/Epic and CSCR hospital Dataset/Train/notumor/Tr-no_0289.jpg,notumor,0
/content/drive/MyDrive/Brain_Tumor_CNN_Project/dataset/Epic and CSCR hospital Dataset/Train/pituitary/P_830.jpg,pituitary,1
/content/drive/MyDrive/Brain_Tumor_CNN_Project/dataset/Epic and CSCR hospital Dataset/Train/notumor/18 no.jpg,notumor,0
/content/drive/MyDrive/Brain_Tumor_CNN_Project/dataset/Epic and CSCR hospital Dataset/Train/meningioma/M_847_DA_.jpg,meningioma,1
/content/drive/MyDrive/Brain_Tumor_CNN_Project/dataset/Epic and CSCR hospital Dataset/Train/glioma/Tr-gl_1157.jpg,glioma,1
/content/drive/MyDrive/Brain_Tumor_CNN_Project/dataset/Epic and CSCR hospital Dataset/Train/notumor/N_399_HF_.jpg,notumor,0
/content/drive/MyDrive/Brain_Tumor_CNN_Project/dataset/Epic and CSCR hospital Dataset/Train/pituitary/P_802_SP_.jpg,pituitary,1
/content/drive/MyDrive/Brain_Tumor_CNN_Project/dataset/Epic and CSCR hospital Dataset/Train/glioma/Tr-gl_0962.jpg,glioma,1
/content/drive/MyDrive/Brain_Tumor_CNN_Project/dataset/Epic and CSCR hospital Dataset/Train/glioma/Tr-gl_1079.jpg,glioma,1
/content/drive/MyDrive/Brain_Tumor_CNN_Project/dataset/Epic and CSCR hospital Dataset/Train/glioma/Tr-gl_0317.jpg,glioma,1
/content/drive/MyDrive/Brain_Tumor_CNN_Project/dataset/Epic and CSCR hospital Dataset/Train/pituitary/P_812_SP_.jpg,pituitary,1
/content/drive/MyDrive/Brain_Tumor_CNN_Project/dataset/Epic and CSCR hospital Dataset/Train/glioma/Tr-gl_0983.jpg,glioma,1
/content/drive/MyDrive/Brain_Tumor_CNN_Project/dataset/Epic and CSCR hospital Dataset/Train/meningioma/m2 (19).jpg,meningioma,1
/content/drive/MyDrive/Brain_Tumor_CNN_Project/dataset/Epic and CSCR hospital Dataset/Train/glioma/G_856_DA_.jpg,glioma,1
/content/drive/MyDrive/Brain_Tumor_CNN_Project/dataset/Epic and CSCR hospital Dataset/Train/glioma/Tr-gl_0289.jpg,glioma,1
/content/drive/MyDrive/Brain_Tumor_CNN_Project/dataset/Epic and CSCR hospital Dataset/Train/pituitary/Te-pi_0208.jpg,pituitary,1
/content/drive/MyDrive/Brain_Tumor_CNN_Project/dataset/Epic and CSCR hospital Dataset/Train/notumor/Tr-no_0515.jpg,notumor,0
/content/drive/MyDrive/Brain_Tumor_CNN_Project/dataset/Epic and CSCR hospital Dataset/Train/pituitary/P_71_VF_.jpg,pituitary,1
/content/drive/MyDrive/Brain_Tumor_CNN_Project/dataset/Epic and CSCR hospital Dataset/Train/glioma/gg (592).jpg,glioma,1
/content/drive/MyDrive/Brain_Tumor_CNN_Project/dataset/Epic and CSCR hospital Dataset/Train/meningioma/1312.jpg,meningioma,1
/content/drive/MyDrive/Brain_Tumor_CNN_Project/dataset/Epic and CSCR hospital Dataset/Train/meningioma/m2 (173).jpg,meningioma,1
/content/drive/MyDrive/Brain_Tumor_CNN_Project/dataset/Epic and CSCR hospital Dataset/Train/notumor/N_396_HF_.jpg,notumor,0
/content/drive/MyDrive/Brain_Tumor_CNN_Project/dataset/Epic and CSCR hospital Dataset/Train/notumor/N_383_BR_.jpg,notumor,0
/content/drive/MyDrive/Brain_Tumor_CNN_Project/dataset/Epic and CSCR hospital Dataset/Train/meningioma/M_867.jpg,meningioma,1
/content/drive/MyDrive/Brain_Tumor_CNN_Project/dataset/Epic and CSCR hospital Dataset/Train/glioma/gg (429).jpg,glioma,1
/content/drive/MyDrive/Brain_Tumor_CNN_Project/dataset/Epic and CSCR hospital Dataset/Train/glioma/G_706_VF_.jpg,glioma,1
/content/drive/MyDrive/Brain_Tumor_CNN_Project/dataset/Epic and CSCR hospital Dataset/Train/meningioma/M_822_SP_.jpg,meningioma,1
/content/drive/MyDrive/Brain_Tumor_CNN_Project/dataset/Epic and CSCR hospital Dataset/Train/pituitary/Tr-pi_1156.jpg,pituitary,1
/content/drive/MyDrive/Brain_Tumor_CNN_Project/dataset/Epic and CSCR hospital Dataset/Train/glioma/Tr-gl_0175.jpg,glioma,1
/content/drive/MyDrive/Brain_Tumor_CNN_Project/dataset/Epic and CSCR hospital Dataset/Train/glioma/Tr-gl_0606.jpg,glioma,1
/content/drive/MyDrive/Brain_Tumor_CNN_Project/dataset/Epic and CSCR hospital Dataset/Train/pituitary/P_758.jpg,pituitary,1
/content/drive/MyDrive/Brain_Tumor_CNN_Project/dataset/Epic and CSCR hospital Dataset/Train/notumor/Tr-no_0574.jpg,notumor,0
/content/drive/MyDrive/Brain_Tumor_CNN_Project/dataset/Epic and CSCR hospital Dataset/Train/meningioma/m2 (150).jpg,meningioma,1
/content/drive/MyDrive/Brain_Tumor_CNN_Project/dataset/Epic and CSCR hospital Dataset/Train/notumor/Tr-no_0243.jpg,notumor,0
/content/drive/MyDrive/Brain_Tumor_CNN_Project/dataset/Epic and CSCR hospital Dataset/Train/notumor/1673.jpg,notumor,0
/content/drive/MyDrive/Brain_Tumor_CNN_Project/dataset/Epic and CSCR hospital Dataset/Train/glioma/gg (399).jpg,glioma,1
/content/drive/MyDrive/Brain_Tumor_CNN_Project/dataset/Epic and CSCR hospital Dataset/Train/pituitary/Tr-pi_1131.jpg,pituitary,1
/content/drive/MyDrive/Brain_Tumor_CNN_Project/dataset/Epic and CSCR hospital Dataset/Train/glioma/Te-gl_0091.jpg,glioma,1
/content/drive/MyDrive/Brain_Tumor_CNN_Project/dataset/Epic and CSCR hospital Dataset/Train/pituitary/Te-pi_0200.jpg,pituitary,1
/content/drive/MyDrive/Brain_Tumor_CNN_Project/dataset/Epic and CSCR hospital Dataset/Train/meningioma/m2 (36).jpg,meningioma,1
/content/drive/MyDrive/Brain_Tumor_CNN_Project/dataset/Epic and CSCR hospital Dataset/Train/glioma/Te-gl_0185.jpg,glioma,1
/content/drive/MyDrive/Brain_Tumor_CNN_Project/dataset/Epic and CSCR hospital Dataset/Train/pituitary/Te-pi_0099.jpg,pituitary,1
/content/drive/MyDrive/Brain_Tumor_CNN_Project/dataset/Epic and CSCR hospital Dataset/Train/notumor/N_377_SP_.jpg,notumor,0
/content/drive/MyDrive/Brain_Tumor_CNN_Project/dataset/Epic and CSCR hospital Dataset/Train/pituitary/Tr-pi_0397.jpg,pituitary,1
/content/drive/MyDrive/Brain_Tumor_CNN_Project/dataset/Epic and CSCR hospital Dataset/Train/pituitary/Tr-pi_0372.jpg,pituitary,1
/content/drive/MyDrive/Brain_Tumor_CNN_Project/dataset/Epic and CSCR hospital Dataset/Train/glioma/Tr-gl_1036.jpg,glioma,1
/content/drive/MyDrive/Brain_Tumor_CNN_Project/dataset/Epic and CSCR hospital Dataset/Train/meningioma/M_885_SP_.jpg,meningioma,1
/content/drive/MyDrive/Brain_Tumor_CNN_Project/dataset/Epic and CSCR hospital Dataset/Train/meningioma/Tr-me_0899.jpg,meningioma,1
/content/drive/MyDrive/Brain_Tumor_CNN_Project/dataset/Epic and CSCR hospital Dataset/Train/pituitary/Tr-pi_0956.jpg,pituitary,1
/content/drive/MyDrive/Brain_Tumor_CNN_Project/dataset/Epic and CSCR hospital Dataset/Train/meningioma/m3 (115).jpg,meningioma,1
/content/drive/MyDrive/Brain_Tumor_CNN_Project/dataset/Epic and CSCR hospital Dataset/Train/pituitary/Te-pi_0081.jpg,pituitary,1
/content/drive/MyDrive/Brain_Tumor_CNN_Project/dataset/Epic and CSCR hospital Dataset/Train/meningioma/Tr-me_0358.jpg,meningioma,1
/content/drive/MyDrive/Brain_Tumor_CNN_Project/dataset/Epic and CSCR hospital Dataset/Train/pituitary/P_75.jpg,pituitary,1
/content/drive/MyDrive/Brain_Tumor_CNN_Project/dataset/Epic and CSCR hospital Dataset/Train/notumor/N_50_DA_.jpg,notumor,0
/content/drive/MyDrive/Brain_Tumor_CNN_Project/dataset/Epic and CSCR hospital Dataset/Train/notumor/Te-no_0070.jpg,notumor,0
/content/drive/MyDrive/Brain_Tumor_CNN_Project/dataset/Epic and CSCR hospital Dataset/Train/meningioma/m3 (185).jpg,meningioma,1
/content/drive/MyDrive/Brain_Tumor_CNN_Project/dataset/Epic and CSCR hospital Dataset/Train/pituitary/Tr-pi_0373.jpg,pituitary,1
/content/drive/MyDrive/Brain_Tumor_CNN_Project/dataset/Epic and CSCR hospital Dataset/Train/notumor/Tr-no_0235.jpg,notumor,0
/content/drive/MyDrive/Brain_Tumor_CNN_Project/dataset/Epic and CSCR hospital Dataset/Train/pituitary/Tr-pi_1074.jpg,pituitary,1
/content/drive/MyDrive/Brain_Tumor_CNN_Project/dataset/Epic and CSCR hospital Dataset/Train/meningioma/Tr-me_0275.jpg,meningioma,1
/content/drive/MyDrive/Brain_Tumor_CNN_Project/dataset/Epic and CSCR hospital Dataset/Train/glioma/G_808_BR_.jpg,glioma,1
/content/drive/MyDrive/Brain_Tumor_CNN_Project/dataset/Epic and CSCR hospital Dataset/Train/pituitary/Tr-pi_0718.jpg,pituitary,1
/content/drive/MyDrive/Brain_Tumor_CNN_Project/dataset/Epic and CSCR hospital Dataset/Train/pituitary/Tr-pi_1351.jpg,pituitary,1
/content/drive/MyDrive/Brain_Tumor_CNN_Project/dataset/Epic and CSCR hospital Dataset/Train/glioma/G_768_DA_.jpg,glioma,1
/content/drive/MyDrive/Brain_Tumor_CNN_Project/dataset/Epic and CSCR hospital Dataset/Train/notumor/Tr-no_0485.jpg,notumor,0
/content/drive/MyDrive/Brain_Tumor_CNN_Project/dataset/Epic and CSCR hospital Dataset/Train/notumor/N_423_SP_.jpg,notumor,0
/content/drive/MyDrive/Brain_Tumor_CNN_Project/dataset/Epic and CSCR hospital Dataset/Train/pituitary/P_757_DA_.jpg,pituitary,1
/content/drive/MyDrive/Brain_Tumor_CNN_Project/dataset/Epic and CSCR hospital Dataset/Train/glioma/Tr-gl_0443.jpg,glioma,1
/content/drive/MyDrive/Brain_Tumor_CNN_Project/dataset/Epic and CSCR hospital Dataset/Train/notumor/N_437_SP_.jpg,notumor,0
/content/drive/MyDrive/Brain_Tumor_CNN_Project/dataset/Epic and CSCR hospital Dataset/Train/meningioma/Tr-me_0396.jpg,meningioma,1
/content/drive/MyDrive/Brain_Tumor_CNN_Project/dataset/Epic and CSCR hospital Dataset/Train/pituitary/P_725_SP_.jpg,pituitary,1
/content/drive/MyDrive/Brain_Tumor_CNN_Project/dataset/Epic and CSCR hospital Dataset/Train/glioma/gg (378).jpg,glioma,1
/content/drive/MyDrive/Brain_Tumor_CNN_Project/dataset/Epic and CSCR hospital Dataset/Train/pituitary/Tr-pi_0388.jpg,pituitary,1
/content/drive/MyDrive/Brain_Tumor_CNN_Project/dataset/Epic and CSCR hospital Dataset/Train/pituitary/Tr-pi_0288.jpg,pituitary,1
/content/drive/MyDrive/Brain_Tumor_CNN_Project/dataset/Epic and CSCR hospital Dataset/Train/meningioma/M_883_RO_.jpg,meningioma,1
/content/drive/MyDrive/Brain_Tumor_CNN_Project/dataset/Epic and CSCR hospital Dataset/Train/pituitary/Tr-pi_0224.jpg,pituitary,1
/content/drive/MyDrive/Brain_Tumor_CNN_Project/dataset/Epic and CSCR hospital Dataset/Train/notumor/N_436_HF_.jpg,notumor,0
/content/drive/MyDrive/Brain_Tumor_CNN_Project/dataset/Epic and CSCR hospital Dataset/Train/meningioma/Tr-me_1223.jpg,meningioma,1
/content/drive/MyDrive/Brain_Tumor_CNN_Project/dataset/Epic and CSCR hospital Dataset/Train/meningioma/Te-me_0253.jpg,meningioma,1
/content/drive/MyDrive/Brain_Tumor_CNN_Project/dataset/Epic and CSCR hospital Dataset/Train/glioma/Tr-gl_0956.jpg,glioma,1
/content/drive/MyDrive/Brain_Tumor_CNN_Project/dataset/Epic and CSCR hospital Dataset/Train/glioma/G_718.jpg,glioma,1
/content/drive/MyDrive/Brain_Tumor_CNN_Project/dataset/Epic and CSCR hospital Dataset/Train/meningioma/m1(84).jpg,meningioma,1
/content/drive/MyDrive/Brain_Tumor_CNN_Project/dataset/Epic and CSCR hospital Dataset/Train/pituitary/Tr-pi_0757.jpg,pituitary,1
/content/drive/MyDrive/Brain_Tumor_CNN_Project/dataset/Epic and CSCR hospital Dataset/Train/glioma/image(3).jpg,glioma,1
/content/drive/MyDrive/Brain_Tumor_CNN_Project/dataset/Epic and CSCR hospital Dataset/Train/notumor/Tr-no_0446.jpg,notumor,0
/content/drive/MyDrive/Brain_Tumor_CNN_Project/dataset/Epic and CSCR hospital Dataset/Train/glioma/G_876_BR_.jpg,glioma,1
/content/drive/MyDrive/Brain_Tumor_CNN_Project/dataset/Epic and CSCR hospital Dataset/Train/pituitary/1184.jpg,pituitary,1
/content/drive/MyDrive/Brain_Tumor_CNN_Project/dataset/Epic and CSCR hospital Dataset/Train/glioma/Tr-gl_0585.jpg,glioma,1
/content/drive/MyDrive/Brain_Tumor_CNN_Project/dataset/Epic and CSCR hospital Dataset/Train/glioma/Tr-gl_0485.jpg,glioma,1
/content/drive/MyDrive/Brain_Tumor_CNN_Project/dataset/Epic and CSCR hospital Dataset/Train/glioma/Tr-gl_0226.jpg,glioma,1
/content/drive/MyDrive/Brain_Tumor_CNN_Project/dataset/Epic and CSCR hospital Dataset/Train/meningioma/Tr-me_1196.jpg,meningioma,1
/content/drive/MyDrive/Brain_Tumor_CNN_Project/dataset/Epic and CSCR hospital Dataset/Train/notumor/Tr-no_0673.jpg,notumor,0
/content/drive/MyDrive/Brain_Tumor_CNN_Project/dataset/Epic and CSCR hospital Dataset/Train/pituitary/P_71_DA_.jpg,pituitary,1
/content/drive/MyDrive/Brain_Tumor_CNN_Project/dataset/Epic and CSCR hospital Dataset/Train/pituitary/Tr-pi_0624.jpg,pituitary,1
/content/drive/MyDrive/Brain_Tumor_CNN_Project/dataset/Epic and CSCR hospital Dataset/Train/notumor/Tr-no_0067.jpg,notumor,0
/content/drive/MyDrive/Brain_Tumor_CNN_Project/dataset/Epic and CSCR hospital Dataset/Train/glioma/G_805.jpg,glioma,1
/content/drive/MyDrive/Brain_Tumor_CNN_Project/dataset/Epic and CSCR hospital Dataset/Train/notumor/N_437_RO_.jpg,notumor,0
/content/drive/MyDrive/Brain_Tumor_CNN_Project/dataset/Epic and CSCR hospital Dataset/Train/pituitary/P_771_DA_.jpg,pituitary,1
/content/drive/MyDrive/Brain_Tumor_CNN_Project/dataset/Epic and CSCR hospital Dataset/Train/glioma/G_86.jpg,glioma,1
/content/drive/MyDrive/Brain_Tumor_CNN_Project/dataset/Epic and CSCR hospital Dataset/Train/notumor/N_389.jpg,notumor,0
/content/drive/MyDrive/Brain_Tumor_CNN_Project/dataset/Epic and CSCR hospital Dataset/Train/glioma/G_733_VF_.jpg,glioma,1
/content/drive/MyDrive/Brain_Tumor_CNN_Project/dataset/Epic and CSCR hospital Dataset/Train/glioma/G_808_DA_.jpg,glioma,1
/content/drive/MyDrive/Brain_Tumor_CNN_Project/dataset/Epic and CSCR hospital Dataset/Train/glioma/Tr-gl_1109.jpg,glioma,1
/content/drive/MyDrive/Brain_Tumor_CNN_Project/dataset/Epic and CSCR hospital Dataset/Train/notumor/1678.jpg,notumor,0
/content/drive/MyDrive/Brain_Tumor_CNN_Project/dataset/Epic and CSCR hospital Dataset/Train/notumor/N_400_VF_.jpg,notumor,0
/content/drive/MyDrive/Brain_Tumor_CNN_Project/dataset/Epic and CSCR hospital Dataset/Train/pituitary/P_791_SP_.jpg,pituitary,1
/content/drive/MyDrive/Brain_Tumor_CNN_Project/dataset/Epic and CSCR hospital Dataset/Train/pituitary/P_751_VF_.jpg,pituitary,1
/content/drive/MyDrive/Brain_Tumor_CNN_Project/dataset/Epic and CSCR hospital Dataset/Train/glioma/Tr-gl_1153.jpg,glioma,1
/content/drive/MyDrive/Brain_Tumor_CNN_Project/dataset/Epic and CSCR hospital Dataset/Train/meningioma/Te-me_0208.jpg,meningioma,1
/content/drive/MyDrive/Brain_Tumor_CNN_Project/dataset/Epic and CSCR hospital Dataset/Train/notumor/N_4.jpg,notumor,0
/content/drive/MyDrive/Brain_Tumor_CNN_Project/dataset/Epic and CSCR hospital Dataset/Train/meningioma/M_885.jpg,meningioma,1
/content/drive/MyDrive/Brain_Tumor_CNN_Project/dataset/Epic and CSCR hospital Dataset/Train/pituitary/Tr-pi_1223.jpg,pituitary,1
/content/drive/MyDrive/Brain_Tumor_CNN_Project/dataset/Epic and CSCR hospital Dataset/Train/pituitary/P_824.jpg,pituitary,1
/content/drive/MyDrive/Brain_Tumor_CNN_Project/dataset/Epic and CSCR hospital Dataset/Train/pituitary/p (609).jpg,pituitary,1
/content/drive/MyDrive/Brain_Tumor_CNN_Project/dataset/Epic and CSCR hospital Dataset/Train/glioma/G_750_RO_.jpg,glioma,1
/content/drive/MyDrive/Brain_Tumor_CNN_Project/dataset/Epic and CSCR hospital Dataset/Train/notumor/Te-no_0284.jpg,notumor,0
/content/drive/MyDrive/Brain_Tumor_CNN_Project/dataset/Epic and CSCR hospital Dataset/Train/meningioma/Tr-me_0387.jpg,meningioma,1
/content/drive/MyDrive/Brain_Tumor_CNN_Project/dataset/Epic and CSCR hospital Dataset/Train/notumor/Tr-no_0363.jpg,notumor,0
/content/drive/MyDrive/Brain_Tumor_CNN_Project/dataset/Epic and CSCR hospital Dataset/Train/glioma/G_889_DA_.jpg,glioma,1
/content/drive/MyDrive/Brain_Tumor_CNN_Project/dataset/Epic and CSCR hospital Dataset/Train/glioma/Te-gl_0143.jpg,glioma,1
/content/drive/MyDrive/Brain_Tumor_CNN_Project/dataset/Epic and CSCR hospital Dataset/Train/pituitary/P_766_BR_.jpg,pituitary,1
/content/drive/MyDrive/Brain_Tumor_CNN_Project/dataset/Epic and CSCR hospital Dataset/Train/notumor/1622.jpg,notumor,0
/content/drive/MyDrive/Brain_Tumor_CNN_Project/dataset/Epic and CSCR hospital Dataset/Train/notumor/Tr-no_0223.jpg,notumor,0
/content/drive/MyDrive/Brain_Tumor_CNN_Project/dataset/Epic and CSCR hospital Dataset/Train/meningioma/M_826_BR_.jpg,meningioma,1
/content/drive/MyDrive/Brain_Tumor_CNN_Project/dataset/Epic and CSCR hospital Dataset/Train/glioma/gg (523).jpg,glioma,1
/content/drive/MyDrive/Brain_Tumor_CNN_Project/dataset/Epic and CSCR hospital Dataset/Train/glioma/Te-gl_0220.jpg,glioma,1
/content/drive/MyDrive/Brain_Tumor_CNN_Project/dataset/Epic and CSCR hospital Dataset/Train/meningioma/Tr-me_0486.jpg,meningioma,1
/content/drive/MyDrive/Brain_Tumor_CNN_Project/dataset/Epic and CSCR hospital Dataset/Train/notumor/Tr-no_0569.jpg,notumor,0
/content/drive/MyDrive/Brain_Tumor_CNN_Project/dataset/Epic and CSCR hospital Dataset/Train/pituitary/P_724_VF_.jpg,pituitary,1
/content/drive/MyDrive/Brain_Tumor_CNN_Project/dataset/Epic and CSCR hospital Dataset/Train/notumor/Tr-no_0331.jpg,notumor,0
/content/drive/MyDrive/Brain_Tumor_CNN_Project/dataset/Epic and CSCR hospital Dataset/Train/glioma/G_875_BR_.jpg,glioma,1
/content/drive/MyDrive/Brain_Tumor_CNN_Project/dataset/Epic and CSCR hospital Dataset/Train/glioma/G_866_DA_.jpg,glioma,1
/content/drive/MyDrive/Brain_Tumor_CNN_Project/dataset/Epic and CSCR hospital Dataset/Train/pituitary/Te-pi_0187.jpg,pituitary,1
/content/drive/MyDrive/Brain_Tumor_CNN_Project/dataset/Epic and CSCR hospital Dataset/Train/glioma/G_735_RO_.jpg,glioma,1
/content/drive/MyDrive/Brain_Tumor_CNN_Project/dataset/Epic and CSCR hospital Dataset/Train/notumor/1618.jpg,notumor,0
/content/drive/MyDrive/Brain_Tumor_CNN_Project/dataset/Epic and CSCR hospital Dataset/Train/glioma/gg (512).jpg,glioma,1
/content/drive/MyDrive/Brain_Tumor_CNN_Project/dataset/Epic and CSCR hospital Dataset/Train/meningioma/Te-me_0093.jpg,meningioma,1
/content/drive/MyDrive/Brain_Tumor_CNN_Project/dataset/Epic and CSCR hospital Dataset/Train/pituitary/Tr-pi_0101.jpg,pituitary,1
/content/drive/MyDrive/Brain_Tumor_CNN_Project/dataset/Epic and CSCR hospital Dataset/Train/pituitary/Tr-pi_0481.jpg,pituitary,1
/content/drive/MyDrive/Brain_Tumor_CNN_Project/dataset/Epic and CSCR hospital Dataset/Train/notumor/1883.jpg,notumor,0
/content/drive/MyDrive/Brain_Tumor_CNN_Project/dataset/Epic and CSCR hospital Dataset/Train/glioma/Tr-gl_0901.jpg,glioma,1
/content/drive/MyDrive/Brain_Tumor_CNN_Project/dataset/Epic and CSCR hospital Dataset/Train/glioma/gg (530).jpg,glioma,1
/content/drive/MyDrive/Brain_Tumor_CNN_Project/dataset/Epic and CSCR hospital Dataset/Train/meningioma/Tr-me_0357.jpg,meningioma,1
/content/drive/MyDrive/Brain_Tumor_CNN_Project/dataset/Epic and CSCR hospital Dataset/Train/glioma/G_777_VF_.jpg,glioma,1
/content/drive/MyDrive/Brain_Tumor_CNN_Project/dataset/Epic and CSCR hospital Dataset/Train/pituitary/Tr-pi_1249.jpg,pituitary,1
/content/drive/MyDrive/Brain_Tumor_CNN_Project/dataset/Epic and CSCR hospital Dataset/Train/notumor/Tr-no_0323.jpg,notumor,0
/content/drive/MyDrive/Brain_Tumor_CNN_Project/dataset/Epic and CSCR hospital Dataset/Train/meningioma/m2 (35).jpg,meningioma,1
/content/drive/MyDrive/Brain_Tumor_CNN_Project/dataset/Epic and CSCR hospital Dataset/Train/pituitary/Tr-pi_0360.jpg,pituitary,1
/content/drive/MyDrive/Brain_Tumor_CNN_Project/dataset/Epic and CSCR hospital Dataset/Train/glioma/G_741_SP_.jpg,glioma,1
/content/drive/MyDrive/Brain_Tumor_CNN_Project/dataset/Epic and CSCR hospital Dataset/Train/pituitary/Tr-pi_1339.jpg,pituitary,1
/content/drive/MyDrive/Brain_Tumor_CNN_Project/dataset/Epic and CSCR hospital Dataset/Train/notumor/Tr-no_0117.jpg,notumor,0
/content/drive/MyDrive/Brain_Tumor_CNN_Project/dataset/Epic and CSCR hospital Dataset/Train/pituitary/P_821.jpg,pituitary,1
/content/drive/MyDrive/Brain_Tumor_CNN_Project/dataset/Epic and CSCR hospital Dataset/Train/glioma/G_814_DA_.jpg,glioma,1
/content/drive/MyDrive/Brain_Tumor_CNN_Project/dataset/Epic and CSCR hospital Dataset/Train/meningioma/M_847_RO_.jpg,meningioma,1
/content/drive/MyDrive/Brain_Tumor_CNN_Project/dataset/Epic and CSCR hospital Dataset/Train/notumor/Te-no_0166.jpg,notumor,0
/content/drive/MyDrive/Brain_Tumor_CNN_Project/dataset/Epic and CSCR hospital Dataset/Train/notumor/Tr-no_0611.jpg,notumor,0
/content/drive/MyDrive/Brain_Tumor_CNN_Project/dataset/Epic and CSCR hospital Dataset/Train/notumor/Tr-no_0344.jpg,notumor,0
/content/drive/MyDrive/Brain_Tumor_CNN_Project/dataset/Epic and CSCR hospital Dataset/Train/glioma/G_753_HF_.jpg,glioma,1
/content/drive/MyDrive/Brain_Tumor_CNN_Project/dataset/Epic and CSCR hospital Dataset/Train/glioma/Te-gl_0178.jpg,glioma,1
/content/drive/MyDrive/Brain_Tumor_CNN_Project/dataset/Epic and CSCR hospital Dataset/Train/meningioma/1403.jpg,meningioma,1
/content/drive/MyDrive/Brain_Tumor_CNN_Project/dataset/Epic and CSCR hospital Dataset/Train/meningioma/m1(46).jpg,meningioma,1
/content/drive/MyDrive/Brain_Tumor_CNN_Project/dataset/Epic and CSCR hospital Dataset/Train/pituitary/Tr-pi_0056.jpg,pituitary,1
/content/drive/MyDrive/Brain_Tumor_CNN_Project/dataset/Epic and CSCR hospital Dataset/Train/meningioma/Te-me_0224.jpg,meningioma,1
/content/drive/MyDrive/Brain_Tumor_CNN_Project/dataset/Epic and CSCR hospital Dataset/Train/glioma/G_800_DA_.jpg,glioma,1
/content/drive/MyDrive/Brain_Tumor_CNN_Project/dataset/Epic and CSCR hospital Dataset/Train/pituitary/Tr-pi_1228.jpg,pituitary,1
/content/drive/MyDrive/Brain_Tumor_CNN_Project/dataset/Epic and CSCR hospital Dataset/Train/glioma/Tr-gl_0156.jpg,glioma,1
/content/drive/MyDrive/Brain_Tumor_CNN_Project/dataset/Epic and CSCR hospital Dataset/Train/pituitary/Tr-pi_0378.jpg,pituitary,1
/content/drive/MyDrive/Brain_Tumor_CNN_Project/dataset/Epic and CSCR hospital Dataset/Train/meningioma/Tr-me_0890.jpg,meningioma,1
/content/drive/MyDrive/Brain_Tumor_CNN_Project/dataset/Epic and CSCR hospital Dataset/Train/glioma/G_811.jpg,glioma,1
/content/drive/MyDrive/Brain_Tumor_CNN_Project/dataset/Epic and CSCR hospital Dataset/Train/meningioma/Tr-me_0200.jpg,meningioma,1
/content/drive/MyDrive/Brain_Tumor_CNN_Project/dataset/Epic and CSCR hospital Dataset/Train/glioma/Tr-gl_1269.jpg,glioma,1
/content/drive/MyDrive/Brain_Tumor_CNN_Project/dataset/Epic and CSCR hospital Dataset/Train/meningioma/Tr-me_0504.jpg,meningioma,1
/content/drive/MyDrive/Brain_Tumor_CNN_Project/dataset/Epic and CSCR hospital Dataset/Train/glioma/Tr-gl_1135.jpg,glioma,1
/content/drive/MyDrive/Brain_Tumor_CNN_Project/dataset/Epic and CSCR hospital Dataset/Train/notumor/Tr-no_0691.jpg,notumor,0
/content/drive/MyDrive/Brain_Tumor_CNN_Project/dataset/Epic and CSCR hospital Dataset/Train/glioma/G_848_BR_.jpg,glioma,1
/content/drive/MyDrive/Brain_Tumor_CNN_Project/dataset/Epic and CSCR hospital Dataset/Train/pituitary/P_834_BR_.jpg,pituitary,1
/content/drive/MyDrive/Brain_Tumor_CNN_Project/dataset/Epic and CSCR hospital Dataset/Train/glioma/G_857_DA_.jpg,glioma,1
/content/drive/MyDrive/Brain_Tumor_CNN_Project/dataset/Epic and CSCR hospital Dataset/Train/pituitary/Tr-pi_1103.jpg,pituitary,1
/content/drive/MyDrive/Brain_Tumor_CNN_Project/dataset/Epic and CSCR hospital Dataset/Train/glioma/gg (598).jpg,glioma,1
/content/drive/MyDrive/Brain_Tumor_CNN_Project/dataset/Epic and CSCR hospital Dataset/Train/glioma/Tr-gl_0473.jpg,glioma,1
/content/drive/MyDrive/Brain_Tumor_CNN_Project/dataset/Epic and CSCR hospital Dataset/Train/meningioma/Tr-me_1157.jpg,meningioma,1
/content/drive/MyDrive/Brain_Tumor_CNN_Project/dataset/Epic and CSCR hospital Dataset/Train/glioma/G_720.jpg,glioma,1
/content/drive/MyDrive/Brain_Tumor_CNN_Project/dataset/Epic and CSCR hospital Dataset/Train/pituitary/Tr-pi_0329.jpg,pituitary,1
/content/drive/MyDrive/Brain_Tumor_CNN_Project/dataset/Epic and CSCR hospital Dataset/Train/pituitary/Tr-pi_1365.jpg,pituitary,1
/content/drive/MyDrive/Brain_Tumor_CNN_Project/dataset/Epic and CSCR hospital Dataset/Train/meningioma/Tr-me_0891.jpg,meningioma,1
/content/drive/MyDrive/Brain_Tumor_CNN_Project/dataset/Epic and CSCR hospital Dataset/Train/meningioma/Tr-me_0870.jpg,meningioma,1
/content/drive/MyDrive/Brain_Tumor_CNN_Project/dataset/Epic and CSCR hospital Dataset/Train/glioma/Te-gl_0202.jpg,glioma,1
/content/drive/MyDrive/Brain_Tumor_CNN_Project/dataset/Epic and CSCR hospital Dataset/Train/meningioma/Tr-me_0264.jpg,meningioma,1
/content/drive/MyDrive/Brain_Tumor_CNN_Project/dataset/Epic and CSCR hospital Dataset/Train/glioma/G_827_RO_.jpg,glioma,1
/content/drive/MyDrive/Brain_Tumor_CNN_Project/dataset/Epic and CSCR hospital Dataset/Train/pituitary/P_837_HF_.jpg,pituitary,1
/content/drive/MyDrive/Brain_Tumor_CNN_Project/dataset/Epic and CSCR hospital Dataset/Train/meningioma/Tr-me_1219.jpg,meningioma,1
/content/drive/MyDrive/Brain_Tumor_CNN_Project/dataset/Epic and CSCR hospital Dataset/Train/glioma/G_799_RO_.jpg,glioma,1
/content/drive/MyDrive/Brain_Tumor_CNN_Project/dataset/Epic and CSCR hospital Dataset/Train/meningioma/Tr-me_1161.jpg,meningioma,1
/content/drive/MyDrive/Brain_Tumor_CNN_Project/dataset/Epic and CSCR hospital Dataset/Train/glioma/G_767_DA_.jpg,glioma,1
/content/drive/MyDrive/Brain_Tumor_CNN_Project/dataset/Epic and CSCR hospital Dataset/Train/meningioma/Tr-me_0136.jpg,meningioma,1
/content/drive/MyDrive/Brain_Tumor_CNN_Project/dataset/Epic and CSCR hospital Dataset/Train/notumor/Te-no_0257.jpg,notumor,0
/content/drive/MyDrive/Brain_Tumor_CNN_Project/dataset/Epic and CSCR hospital Dataset/Train/glioma/Tr-gl_0274.jpg,glioma,1
/content/drive/MyDrive/Brain_Tumor_CNN_Project/dataset/Epic and CSCR hospital Dataset/Train/meningioma/Tr-me_0463.jpg,meningioma,1
/content/drive/MyDrive/Brain_Tumor_CNN_Project/dataset/Epic and CSCR hospital Dataset/Train/glioma/gg (443).jpg,glioma,1
/content/drive/MyDrive/Brain_Tumor_CNN_Project/dataset/Epic and CSCR hospital Dataset/Train/meningioma/Tr-me_1158.jpg,meningioma,1
/content/drive/MyDrive/Brain_Tumor_CNN_Project/dataset/Epic and CSCR hospital Dataset/Train/meningioma/Tr-me_0137.jpg,meningioma,1
/content/drive/MyDrive/Brain_Tumor_CNN_Project/dataset/Epic and CSCR hospital Dataset/Train/pituitary/P_718_DA_.jpg,pituitary,1
/content/drive/MyDrive/Brain_Tumor_CNN_Project/dataset/Epic and CSCR hospital Dataset/Train/pituitary/Tr-pi_0145.jpg,pituitary,1
/content/drive/MyDrive/Brain_Tumor_CNN_Project/dataset/Epic and CSCR hospital Dataset/Train/notumor/1848.jpg,notumor,0
/content/drive/MyDrive/Brain_Tumor_CNN_Project/dataset/Epic and CSCR hospital Dataset/Train/notumor/Te-no_0082.jpg,notumor,0
/content/drive/MyDrive/Brain_Tumor_CNN_Project/dataset/Epic and CSCR hospital Dataset/Train/meningioma/Tr-me_0903.jpg,meningioma,1
/content/drive/MyDrive/Brain_Tumor_CNN_Project/dataset/Epic and CSCR hospital Dataset/Train/glioma/G_855_HF_.jpg,glioma,1
/content/drive/MyDrive/Brain_Tumor_CNN_Project/dataset/Epic and CSCR hospital Dataset/Train/meningioma/Te-me_0286.jpg,meningioma,1
/content/drive/MyDrive/Brain_Tumor_CNN_Project/dataset/Epic and CSCR hospital Dataset/Train/notumor/Tr-no_0220.jpg,notumor,0
/content/drive/MyDrive/Brain_Tumor_CNN_Project/dataset/Epic and CSCR hospital Dataset/Train/notumor/14 no.jpg,notumor,0
/content/drive/MyDrive/Brain_Tumor_CNN_Project/dataset/Epic and CSCR hospital Dataset/Train/glioma/G_742_HF_.jpg,glioma,1
/content/drive/MyDrive/Brain_Tumor_CNN_Project/dataset/Epic and CSCR hospital Dataset/Train/notumor/N_386.jpg,notumor,0
/content/drive/MyDrive/Brain_Tumor_CNN_Project/dataset/Epic and CSCR hospital Dataset/Train/glioma/Tr-gl_0315.jpg,glioma,1
/content/drive/MyDrive/Brain_Tumor_CNN_Project/dataset/Epic and CSCR hospital Dataset/Train/meningioma/Tr-me_0505.jpg,meningioma,1
/content/drive/MyDrive/Brain_Tumor_CNN_Project/dataset/Epic and CSCR hospital Dataset/Train/glioma/gg (495).jpg,glioma,1
/content/drive/MyDrive/Brain_Tumor_CNN_Project/dataset/Epic and CSCR hospital Dataset/Train/glioma/G_731_HF_.jpg,glioma,1
/content/drive/MyDrive/Brain_Tumor_CNN_Project/dataset/Epic and CSCR hospital Dataset/Train/meningioma/M_852_BR_.jpg,meningioma,1
/content/drive/MyDrive/Brain_Tumor_CNN_Project/dataset/Epic and CSCR hospital Dataset/Train/meningioma/m3 (159).jpg,meningioma,1
/content/drive/MyDrive/Brain_Tumor_CNN_Project/dataset/Epic and CSCR hospital Dataset/Train/notumor/Te-no_0210.jpg,notumor,0
/content/drive/MyDrive/Brain_Tumor_CNN_Project/dataset/Epic and CSCR hospital Dataset/Train/pituitary/p (606).jpg,pituitary,1
/content/drive/MyDrive/Brain_Tumor_CNN_Project/dataset/Epic and CSCR hospital Dataset/Train/glioma/G_722_RO_.jpg,glioma,1
/content/drive/MyDrive/Brain_Tumor_CNN_Project/dataset/Epic and CSCR hospital Dataset/Train/meningioma/M_839_DA_.jpg,meningioma,1
/content/drive/MyDrive/Brain_Tumor_CNN_Project/dataset/Epic and CSCR hospital Dataset/Train/glioma/G_848_DA_.jpg,glioma,1
/content/drive/MyDrive/Brain_Tumor_CNN_Project/dataset/Epic and CSCR hospital Dataset/Train/glioma/G_889_VF_.jpg,glioma,1
/content/drive/MyDrive/Brain_Tumor_CNN_Project/dataset/Epic and CSCR hospital Dataset/Train/glioma/Tr-gl_0219.jpg,glioma,1
/content/drive/MyDrive/Brain_Tumor_CNN_Project/dataset/Epic and CSCR hospital Dataset/Train/pituitary/p (544).jpg,pituitary,1
/content/drive/MyDrive/Brain_Tumor_CNN_Project/dataset/Epic and CSCR hospital Dataset/Train/notumor/1705.jpg,notumor,0
/content/drive/MyDrive/Brain_Tumor_CNN_Project/dataset/Epic and CSCR hospital Dataset/Train/glioma/Tr-gl_0205.jpg,glioma,1
/content/drive/MyDrive/Brain_Tumor_CNN_Project/dataset/Epic and CSCR hospital Dataset/Train/glioma/G_755_HF_.jpg,glioma,1
/content/drive/MyDrive/Brain_Tumor_CNN_Project/dataset/Epic and CSCR hospital Dataset/Train/meningioma/M_879.jpg,meningioma,1
/content/drive/MyDrive/Brain_Tumor_CNN_Project/dataset/Epic and CSCR hospital Dataset/Train/notumor/Tr-no_0255.jpg,notumor,0
/content/drive/MyDrive/Brain_Tumor_CNN_Project/dataset/Epic and CSCR hospital Dataset/Train/pituitary/Tr-pi_0369.jpg,pituitary,1
/content/drive/MyDrive/Brain_Tumor_CNN_Project/dataset/Epic and CSCR hospital Dataset/Train/meningioma/Tr-me_0170.jpg,meningioma,1
/content/drive/MyDrive/Brain_Tumor_CNN_Project/dataset/Epic and CSCR hospital Dataset/Train/meningioma/M_836.jpg,meningioma,1
/content/drive/MyDrive/Brain_Tumor_CNN_Project/dataset/Epic and CSCR hospital Dataset/Train/meningioma/M_866_HF_.jpg,meningioma,1
/content/drive/MyDrive/Brain_Tumor_CNN_Project/dataset/Epic and CSCR hospital Dataset/Train/meningioma/M_823_SP_.jpg,meningioma,1
/content/drive/MyDrive/Brain_Tumor_CNN_Project/dataset/Epic and CSCR hospital Dataset/Train/pituitary/Tr-pi_0524.jpg,pituitary,1
/content/drive/MyDrive/Brain_Tumor_CNN_Project/dataset/Epic and CSCR hospital Dataset/Train/notumor/image(188).jpg,notumor,0
/content/drive/MyDrive/Brain_Tumor_CNN_Project/dataset/Epic and CSCR hospital Dataset/Train/meningioma/Tr-me_0404.jpg,meningioma,1
/content/drive/MyDrive/Brain_Tumor_CNN_Project/dataset/Epic and CSCR hospital Dataset/Train/pituitary/Tr-pi_1054.jpg,pituitary,1
/content/drive/MyDrive/Brain_Tumor_CNN_Project/dataset/Epic and CSCR hospital Dataset/Train/meningioma/Te-me_0242.jpg,meningioma,1
/content/drive/MyDrive/Brain_Tumor_CNN_Project/dataset/Epic and CSCR hospital Dataset/Train/glioma/G_763_VF_.jpg,glioma,1
/content/drive/MyDrive/Brain_Tumor_CNN_Project/dataset/Epic and CSCR hospital Dataset/Train/glioma/Tr-gl_1108.jpg,glioma,1
/content/drive/MyDrive/Brain_Tumor_CNN_Project/dataset/Epic and CSCR hospital Dataset/Train/glioma/image(77).jpg,glioma,1
/content/drive/MyDrive/Brain_Tumor_CNN_Project/dataset/Epic and CSCR hospital Dataset/Train/meningioma/m2 (53).jpg,meningioma,1
/content/drive/MyDrive/Brain_Tumor_CNN_Project/dataset/Epic and CSCR hospital Dataset/Train/meningioma/Tr-me_0072.jpg,meningioma,1
/content/drive/MyDrive/Brain_Tumor_CNN_Project/dataset/Epic and CSCR hospital Dataset/Train/glioma/Tr-gl_0982.jpg,glioma,1
/content/drive/MyDrive/Brain_Tumor_CNN_Project/dataset/Epic and CSCR hospital Dataset/Train/glioma/Tr-gl_0590.jpg,glioma,1
/content/drive/MyDrive/Brain_Tumor_CNN_Project/dataset/Epic and CSCR hospital Dataset/Train/meningioma/Te-me_0094.jpg,meningioma,1
/content/drive/MyDrive/Brain_Tumor_CNN_Project/dataset/Epic and CSCR hospital Dataset/Train/pituitary/P_811_DA_.jpg,pituitary,1
/content/drive/MyDrive/Brain_Tumor_CNN_Project/dataset/Epic and CSCR hospital Dataset/Train/meningioma/Te-me_0220.jpg,meningioma,1
/content/drive/MyDrive/Brain_Tumor_CNN_Project/dataset/Epic and CSCR hospital Dataset/Train/meningioma/m3 (129).jpg,meningioma,1
/content/drive/MyDrive/Brain_Tumor_CNN_Project/dataset/Epic and CSCR hospital Dataset/Train/meningioma/Tr-me_0393.jpg,meningioma,1
/content/drive/MyDrive/Brain_Tumor_CNN_Project/dataset/Epic and CSCR hospital Dataset/Train/glioma/Tr-gl_0484.jpg,glioma,1
/content/drive/MyDrive/Brain_Tumor_CNN_Project/dataset/Epic and CSCR hospital Dataset/Train/glioma/Tr-gl_1089.jpg,glioma,1
/content/drive/MyDrive/Brain_Tumor_CNN_Project/dataset/Epic and CSCR hospital Dataset/Train/notumor/N_410_DA_.jpg,notumor,0
/content/drive/MyDrive/Brain_Tumor_CNN_Project/dataset/Epic and CSCR hospital Dataset/Train/meningioma/m2 (100).jpg,meningioma,1
/content/drive/MyDrive/Brain_Tumor_CNN_Project/dataset/Epic and CSCR hospital Dataset/Train/meningioma/Tr-me_0350.jpg,meningioma,1
/content/drive/MyDrive/Brain_Tumor_CNN_Project/dataset/Epic and CSCR hospital Dataset/Train/pituitary/Te-pi_0201.jpg,pituitary,1
/content/drive/MyDrive/Brain_Tumor_CNN_Project/dataset/Epic and CSCR hospital Dataset/Train/meningioma/Tr-me_0448.jpg,meningioma,1
/content/drive/MyDrive/Brain_Tumor_CNN_Project/dataset/Epic and CSCR hospital Dataset/Train/pituitary/Tr-pi_1394.jpg,pituitary,1
/content/drive/MyDrive/Brain_Tumor_CNN_Project/dataset/Epic and CSCR hospital Dataset/Train/pituitary/Tr-pi_1092.jpg,pituitary,1
/content/drive/MyDrive/Brain_Tumor_CNN_Project/dataset/Epic and CSCR hospital Dataset/Train/glioma/G_87_RO_.jpg,glioma,1
/content/drive/MyDrive/Brain_Tumor_CNN_Project/dataset/Epic and CSCR hospital Dataset/Train/glioma/G_812_VF_.jpg,glioma,1
/content/drive/MyDrive/Brain_Tumor_CNN_Project/dataset/Epic and CSCR hospital Dataset/Train/glioma/gg (434).jpg,glioma,1
/content/drive/MyDrive/Brain_Tumor_CNN_Project/dataset/Epic and CSCR hospital Dataset/Train/pituitary/P_774_VF_.jpg,pituitary,1
/content/drive/MyDrive/Brain_Tumor_CNN_Project/dataset/Epic and CSCR hospital Dataset/Train/glioma/G_708_VF_.jpg,glioma,1
/content/drive/MyDrive/Brain_Tumor_CNN_Project/dataset/Epic and CSCR hospital Dataset/Train/glioma/G_718_VF_.jpg,glioma,1
/content/drive/MyDrive/Brain_Tumor_CNN_Project/dataset/Epic and CSCR hospital Dataset/Train/glioma/Tr-gl_1068.jpg,glioma,1
/content/drive/MyDrive/Brain_Tumor_CNN_Project/dataset/Epic and CSCR hospital Dataset/Train/notumor/Te-no_0303.jpg,notumor,0
/content/drive/MyDrive/Brain_Tumor_CNN_Project/dataset/Epic and CSCR hospital Dataset/Train/pituitary/P_823_BR_.jpg,pituitary,1
/content/drive/MyDrive/Brain_Tumor_CNN_Project/dataset/Epic and CSCR hospital Dataset/Train/meningioma/Tr-me_0578.jpg,meningioma,1
/content/drive/MyDrive/Brain_Tumor_CNN_Project/dataset/Epic and CSCR hospital Dataset/Train/pituitary/Tr-pi_1135.jpg,pituitary,1
/content/drive/MyDrive/Brain_Tumor_CNN_Project/dataset/Epic and CSCR hospital Dataset/Train/pituitary/P_795_VF_.jpg,pituitary,1
/content/drive/MyDrive/Brain_Tumor_CNN_Project/dataset/Epic and CSCR hospital Dataset/Train/glioma/Tr-gl_0178.jpg,glioma,1
/content/drive/MyDrive/Brain_Tumor_CNN_Project/dataset/Epic and CSCR hospital Dataset/Train/notumor/N_383_DA_.jpg,notumor,0
/content/drive/MyDrive/Brain_Tumor_CNN_Project/dataset/Epic and CSCR hospital Dataset/Train/pituitary/Tr-pi_1147.jpg,pituitary,1
/content/drive/MyDrive/Brain_Tumor_CNN_Project/dataset/Epic and CSCR hospital Dataset/Train/notumor/Tr-no_0146.jpg,notumor,0
/content/drive/MyDrive/Brain_Tumor_CNN_Project/dataset/Epic and CSCR hospital Dataset/Train/pituitary/p (562).jpg,pituitary,1
/content/drive/MyDrive/Brain_Tumor_CNN_Project/dataset/Epic and CSCR hospital Dataset/Train/notumor/N_377_BR_.jpg,notumor,0
/content/drive/MyDrive/Brain_Tumor_CNN_Project/dataset/Epic and CSCR hospital Dataset/Train/meningioma/Tr-me_1225.jpg,meningioma,1
/content/drive/MyDrive/Brain_Tumor_CNN_Project/dataset/Epic and CSCR hospital Dataset/Train/pituitary/P_80_DA_.jpg,pituitary,1
/content/drive/MyDrive/Brain_Tumor_CNN_Project/dataset/Epic and CSCR hospital Dataset/Train/glioma/G_801.jpg,glioma,1
/content/drive/MyDrive/Brain_Tumor_CNN_Project/dataset/Epic and CSCR hospital Dataset/Train/glioma/Tr-gl_1057.jpg,glioma,1
/content/drive/MyDrive/Brain_Tumor_CNN_Project/dataset/Epic and CSCR hospital Dataset/Train/glioma/Tr-gl_0275.jpg,glioma,1
/content/drive/MyDrive/Brain_Tumor_CNN_Project/dataset/Epic and CSCR hospital Dataset/Train/glioma/G_735_VF_.jpg,glioma,1
/content/drive/MyDrive/Brain_Tumor_CNN_Project/dataset/Epic and CSCR hospital Dataset/Train/glioma/gg (576).jpg,glioma,1
/content/drive/MyDrive/Brain_Tumor_CNN_Project/dataset/Epic and CSCR hospital Dataset/Train/meningioma/M_862_HF_.jpg,meningioma,1
/content/drive/MyDrive/Brain_Tumor_CNN_Project/dataset/Epic and CSCR hospital Dataset/Train/notumor/N_407_VF_.jpg,notumor,0
/content/drive/MyDrive/Brain_Tumor_CNN_Project/dataset/Epic and CSCR hospital Dataset/Train/pituitary/Tr-pi_0452.jpg,pituitary,1
/content/drive/MyDrive/Brain_Tumor_CNN_Project/dataset/Epic and CSCR hospital Dataset/Train/notumor/N_374_RO_.jpg,notumor,0
/content/drive/MyDrive/Brain_Tumor_CNN_Project/dataset/Epic and CSCR hospital Dataset/Train/notumor/Tr-no_0261.jpg,notumor,0
/content/drive/MyDrive/Brain_Tumor_CNN_Project/dataset/Epic and CSCR hospital Dataset/Train/pituitary/Te-pi_0134.jpg,pituitary,1
/content/drive/MyDrive/Brain_Tumor_CNN_Project/dataset/Epic and CSCR hospital Dataset/Train/pituitary/Tr-pi_0494.jpg,pituitary,1
/content/drive/MyDrive/Brain_Tumor_CNN_Project/dataset/Epic and CSCR hospital Dataset/Train/glioma/Tr-gl_1052.jpg,glioma,1
/content/drive/MyDrive/Brain_Tumor_CNN_Project/dataset/Epic and CSCR hospital Dataset/Train/notumor/N_4_SP_.jpg,notumor,0
/content/drive/MyDrive/Brain_Tumor_CNN_Project/dataset/Epic and CSCR hospital Dataset/Train/pituitary/Tr-pi_0675.jpg,pituitary,1
/content/drive/MyDrive/Brain_Tumor_CNN_Project/dataset/Epic and CSCR hospital Dataset/Train/notumor/Tr-no_0528.jpg,notumor,0
/content/drive/MyDrive/Brain_Tumor_CNN_Project/dataset/Epic and CSCR hospital Dataset/Train/notumor/Tr-no_0536.jpg,notumor,0
/content/drive/MyDrive/Brain_Tumor_CNN_Project/dataset/Epic and CSCR hospital Dataset/Train/glioma/Tr-gl_0881.jpg,glioma,1
/content/drive/MyDrive/Brain_Tumor_CNN_Project/dataset/Epic and CSCR hospital Dataset/Train/pituitary/Tr-pi_0336.jpg,pituitary,1
/content/drive/MyDrive/Brain_Tumor_CNN_Project/dataset/Epic and CSCR hospital Dataset/Train/pituitary/P_761_DA_.jpg,pituitary,1
/content/drive/MyDrive/Brain_Tumor_CNN_Project/dataset/Epic and CSCR hospital Dataset/Train/pituitary/Tr-pi_1332.jpg,pituitary,1
/content/drive/MyDrive/Brain_Tumor_CNN_Project/dataset/Epic and CSCR hospital Dataset/Train/pituitary/P_735_DA_.jpg,pituitary,1
/content/drive/MyDrive/Brain_Tumor_CNN_Project/dataset/Epic and CSCR hospital Dataset/Train/pituitary/P_730_HF_.jpg,pituitary,1
/content/drive/MyDrive/Brain_Tumor_CNN_Project/dataset/Epic and CSCR hospital Dataset/Train/meningioma/Te-me_0173.jpg,meningioma,1
/content/drive/MyDrive/Brain_Tumor_CNN_Project/dataset/Epic and CSCR hospital Dataset/Train/pituitary/P_720_VF_.jpg,pituitary,1
/content/drive/MyDrive/Brain_Tumor_CNN_Project/dataset/Epic and CSCR hospital Dataset/Train/glioma/G_710_DA_.jpg,glioma,1
/content/drive/MyDrive/Brain_Tumor_CNN_Project/dataset/Epic and CSCR hospital Dataset/Train/meningioma/M_835_BR_.jpg,meningioma,1
/content/drive/MyDrive/Brain_Tumor_CNN_Project/dataset/Epic and CSCR hospital Dataset/Train/pituitary/P_793_RO_.jpg,pituitary,1
/content/drive/MyDrive/Brain_Tumor_CNN_Project/dataset/Epic and CSCR hospital Dataset/Train/glioma/Te-gl_0246.jpg,glioma,1
/content/drive/MyDrive/Brain_Tumor_CNN_Project/dataset/Epic and CSCR hospital Dataset/Train/pituitary/p (534).jpg,pituitary,1
/content/drive/MyDrive/Brain_Tumor_CNN_Project/dataset/Epic and CSCR hospital Dataset/Train/pituitary/Tr-pi_1233.jpg,pituitary,1
/content/drive/MyDrive/Brain_Tumor_CNN_Project/dataset/Epic and CSCR hospital Dataset/Train/pituitary/Tr-pi_0498.jpg,pituitary,1
/content/drive/MyDrive/Brain_Tumor_CNN_Project/dataset/Epic and CSCR hospital Dataset/Train/glioma/G_763_BR_.jpg,glioma,1
/content/drive/MyDrive/Brain_Tumor_CNN_Project/dataset/Epic and CSCR hospital Dataset/Train/glioma/Tr-gl_0225.jpg,glioma,1
/content/drive/MyDrive/Brain_Tumor_CNN_Project/dataset/Epic and CSCR hospital Dataset/Train/pituitary/P_723.jpg,pituitary,1
/content/drive/MyDrive/Brain_Tumor_CNN_Project/dataset/Epic and CSCR hospital Dataset/Train/notumor/N_371_DA_.jpg,notumor,0
/content/drive/MyDrive/Brain_Tumor_CNN_Project/dataset/Epic and CSCR hospital Dataset/Train/meningioma/1438.jpg,meningioma,1
/content/drive/MyDrive/Brain_Tumor_CNN_Project/dataset/Epic and CSCR hospital Dataset/Train/meningioma/M_852_VF_.jpg,meningioma,1
/content/drive/MyDrive/Brain_Tumor_CNN_Project/dataset/Epic and CSCR hospital Dataset/Train/glioma/G_824_BR_.jpg,glioma,1
/content/drive/MyDrive/Brain_Tumor_CNN_Project/dataset/Epic and CSCR hospital Dataset/Train/pituitary/Tr-pi_0703.jpg,pituitary,1
/content/drive/MyDrive/Brain_Tumor_CNN_Project/dataset/Epic and CSCR hospital Dataset/Train/glioma/G_825_SP_.jpg,glioma,1
/content/drive/MyDrive/Brain_Tumor_CNN_Project/dataset/Epic and CSCR hospital Dataset/Train/glioma/G_854_SP_.jpg,glioma,1
/content/drive/MyDrive/Brain_Tumor_CNN_Project/dataset/Epic and CSCR hospital Dataset/Train/meningioma/m3 (175).jpg,meningioma,1
/content/drive/MyDrive/Brain_Tumor_CNN_Project/dataset/Epic and CSCR hospital Dataset/Train/meningioma/1362.jpg,meningioma,1
/content/drive/MyDrive/Brain_Tumor_CNN_Project/dataset/Epic and CSCR hospital Dataset/Train/glioma/Tr-gl_0884.jpg,glioma,1
/content/drive/MyDrive/Brain_Tumor_CNN_Project/dataset/Epic and CSCR hospital Dataset/Train/notumor/Te-no_0174.jpg,notumor,0
/content/drive/MyDrive/Brain_Tumor_CNN_Project/dataset/Epic and CSCR hospital Dataset/Train/meningioma/Te-me_0225.jpg,meningioma,1
/content/drive/MyDrive/Brain_Tumor_CNN_Project/dataset/Epic and CSCR hospital Dataset/Train/glioma/G_804_VF_.jpg,glioma,1
/content/drive/MyDrive/Brain_Tumor_CNN_Project/dataset/Epic and CSCR hospital Dataset/Train/pituitary/P_749_DA_.jpg,pituitary,1
/content/drive/MyDrive/Brain_Tumor_CNN_Project/dataset/Epic and CSCR hospital Dataset/Train/pituitary/P_735_SP_.jpg,pituitary,1
/content/drive/MyDrive/Brain_Tumor_CNN_Project/dataset/Epic and CSCR hospital Dataset/Train/notumor/N_403_RO_.jpg,notumor,0
/content/drive/MyDrive/Brain_Tumor_CNN_Project/dataset/Epic and CSCR hospital Dataset/Train/meningioma/Tr-me_0418.jpg,meningioma,1
/content/drive/MyDrive/Brain_Tumor_CNN_Project/dataset/Epic and CSCR hospital Dataset/Train/notumor/image(159) - Copy.jpg,notumor,0
/content/drive/MyDrive/Brain_Tumor_CNN_Project/dataset/Epic and CSCR hospital Dataset/Train/meningioma/1429.jpg,meningioma,1
/content/drive/MyDrive/Brain_Tumor_CNN_Project/dataset/Epic and CSCR hospital Dataset/Train/pituitary/Tr-pi_1295.jpg,pituitary,1
/content/drive/MyDrive/Brain_Tumor_CNN_Project/dataset/Epic and CSCR hospital Dataset/Train/meningioma/Tr-me_0284.jpg,meningioma,1
/content/drive/MyDrive/Brain_Tumor_CNN_Project/dataset/Epic and CSCR hospital Dataset/Train/pituitary/P_782_HF_.jpg,pituitary,1
/content/drive/MyDrive/Brain_Tumor_CNN_Project/dataset/Epic and CSCR hospital Dataset/Train/meningioma/M_821_BR_.jpg,meningioma,1
/content/drive/MyDrive/Brain_Tumor_CNN_Project/dataset/Epic and CSCR hospital Dataset/Train/notumor/N_47_DA_.jpg,notumor,0
/content/drive/MyDrive/Brain_Tumor_CNN_Project/dataset/Epic and CSCR hospital Dataset/Train/meningioma/Tr-me_0270.jpg,meningioma,1
/content/drive/MyDrive/Brain_Tumor_CNN_Project/dataset/Epic and CSCR hospital Dataset/Train/notumor/Te-no_0086.jpg,notumor,0
/content/drive/MyDrive/Brain_Tumor_CNN_Project/dataset/Epic and CSCR hospital Dataset/Train/pituitary/Tr-pi_1025.jpg,pituitary,1
/content/drive/MyDrive/Brain_Tumor_CNN_Project/dataset/Epic and CSCR hospital Dataset/Train/glioma/G_827.jpg,glioma,1
/content/drive/MyDrive/Brain_Tumor_CNN_Project/dataset/Epic and CSCR hospital Dataset/Train/meningioma/Tr-me_1108.jpg,meningioma,1
/content/drive/MyDrive/Brain_Tumor_CNN_Project/dataset/Epic and CSCR hospital Dataset/Train/meningioma/Tr-me_0489.jpg,meningioma,1
/content/drive/MyDrive/Brain_Tumor_CNN_Project/dataset/Epic and CSCR hospital Dataset/Train/glioma/image(24).jpg,glioma,1
/content/drive/MyDrive/Brain_Tumor_CNN_Project/dataset/Epic and CSCR hospital Dataset/Train/notumor/Tr-no_0238.jpg,notumor,0
/content/drive/MyDrive/Brain_Tumor_CNN_Project/dataset/Epic and CSCR hospital Dataset/Train/meningioma/Tr-me_1179.jpg,meningioma,1
/content/drive/MyDrive/Brain_Tumor_CNN_Project/dataset/Epic and CSCR hospital Dataset/Train/meningioma/m2 (93).jpg,meningioma,1
/content/drive/MyDrive/Brain_Tumor_CNN_Project/dataset/Epic and CSCR hospital Dataset/Train/meningioma/Tr-me_0503.jpg,meningioma,1
/content/drive/MyDrive/Brain_Tumor_CNN_Project/dataset/Epic and CSCR hospital Dataset/Train/pituitary/P_787_HF_.jpg,pituitary,1
/content/drive/MyDrive/Brain_Tumor_CNN_Project/dataset/Epic and CSCR hospital Dataset/Train/meningioma/Tr-me_0149.jpg,meningioma,1
/content/drive/MyDrive/Brain_Tumor_CNN_Project/dataset/Epic and CSCR hospital Dataset/Train/meningioma/M_839_VF_.jpg,meningioma,1
/content/drive/MyDrive/Brain_Tumor_CNN_Project/dataset/Epic and CSCR hospital Dataset/Train/glioma/G_824_RO_.jpg,glioma,1
/content/drive/MyDrive/Brain_Tumor_CNN_Project/dataset/Epic and CSCR hospital Dataset/Train/notumor/no 92.jpg,notumor,0
/content/drive/MyDrive/Brain_Tumor_CNN_Project/dataset/Epic and CSCR hospital Dataset/Train/notumor/N_397_VF_.jpg,notumor,0
/content/drive/MyDrive/Brain_Tumor_CNN_Project/dataset/Epic and CSCR hospital Dataset/Train/meningioma/1322.jpg,meningioma,1
/content/drive/MyDrive/Brain_Tumor_CNN_Project/dataset/Epic and CSCR hospital Dataset/Train/glioma/Te-gl_0179.jpg,glioma,1
/content/drive/MyDrive/Brain_Tumor_CNN_Project/dataset/Epic and CSCR hospital Dataset/Train/meningioma/1401.jpg,meningioma,1
/content/drive/MyDrive/Brain_Tumor_CNN_Project/dataset/Epic and CSCR hospital Dataset/Train/pituitary/P_784_HF_.jpg,pituitary,1
/content/drive/MyDrive/Brain_Tumor_CNN_Project/dataset/Epic and CSCR hospital Dataset/Train/meningioma/Te-me_0268.jpg,meningioma,1
/content/drive/MyDrive/Brain_Tumor_CNN_Project/dataset/Epic and CSCR hospital Dataset/Train/pituitary/Te-pi_0022.jpg,pituitary,1
/content/drive/MyDrive/Brain_Tumor_CNN_Project/dataset/Epic and CSCR hospital Dataset/Train/glioma/G_745_DA_.jpg,glioma,1
/content/drive/MyDrive/Brain_Tumor_CNN_Project/dataset/Epic and CSCR hospital Dataset/Train/glioma/Tr-gl_0900.jpg,glioma,1
/content/drive/MyDrive/Brain_Tumor_CNN_Project/dataset/Epic and CSCR hospital Dataset/Train/glioma/G_881_HF_.jpg,glioma,1
/content/drive/MyDrive/Brain_Tumor_CNN_Project/dataset/Epic and CSCR hospital Dataset/Train/notumor/1603.jpg,notumor,0
/content/drive/MyDrive/Brain_Tumor_CNN_Project/dataset/Epic and CSCR hospital Dataset/Train/pituitary/P_757_VF_.jpg,pituitary,1
/content/drive/MyDrive/Brain_Tumor_CNN_Project/dataset/Epic and CSCR hospital Dataset/Train/meningioma/Tr-me_1038.jpg,meningioma,1
/content/drive/MyDrive/Brain_Tumor_CNN_Project/dataset/Epic and CSCR hospital Dataset/Train/pituitary/Tr-pi_1016.jpg,pituitary,1
/content/drive/MyDrive/Brain_Tumor_CNN_Project/dataset/Epic and CSCR hospital Dataset/Train/notumor/1741.jpg,notumor,0
/content/drive/MyDrive/Brain_Tumor_CNN_Project/dataset/Epic and CSCR hospital Dataset/Train/notumor/Tr-no_0379.jpg,notumor,0
/content/drive/MyDrive/Brain_Tumor_CNN_Project/dataset/Epic and CSCR hospital Dataset/Train/glioma/Tr-gl_0428.jpg,glioma,1
/content/drive/MyDrive/Brain_Tumor_CNN_Project/dataset/Epic and CSCR hospital Dataset/Train/meningioma/Tr-me_0110.jpg,meningioma,1
/content/drive/MyDrive/Brain_Tumor_CNN_Project/dataset/Epic and CSCR hospital Dataset/Train/pituitary/Tr-pi_0542.jpg,pituitary,1
/content/drive/MyDrive/Brain_Tumor_CNN_Project/dataset/Epic and CSCR hospital Dataset/Train/notumor/1658.jpg,notumor,0
/content/drive/MyDrive/Brain_Tumor_CNN_Project/dataset/Epic and CSCR hospital Dataset/Train/meningioma/Tr-me_0763.jpg,meningioma,1
/content/drive/MyDrive/Brain_Tumor_CNN_Project/dataset/Epic and CSCR hospital Dataset/Train/meningioma/Tr-me_0172.jpg,meningioma,1
/content/drive/MyDrive/Brain_Tumor_CNN_Project/dataset/Epic and CSCR hospital Dataset/Train/meningioma/Tr-me_1239.jpg,meningioma,1
/content/drive/MyDrive/Brain_Tumor_CNN_Project/dataset/Epic and CSCR hospital Dataset/Train/notumor/N_44_SP_.jpg,notumor,0
/content/drive/MyDrive/Brain_Tumor_CNN_Project/dataset/Epic and CSCR hospital Dataset/Train/notumor/Te-no_0162.jpg,notumor,0
/content/drive/MyDrive/Brain_Tumor_CNN_Project/dataset/Epic and CSCR hospital Dataset/Train/pituitary/Te-pi_0092.jpg,pituitary,1
/content/drive/MyDrive/Brain_Tumor_CNN_Project/dataset/Epic and CSCR hospital Dataset/Train/pituitary/Tr-pi_0786.jpg,pituitary,1
/content/drive/MyDrive/Brain_Tumor_CNN_Project/dataset/Epic and CSCR hospital Dataset/Train/pituitary/P_733_RO_.jpg,pituitary,1
/content/drive/MyDrive/Brain_Tumor_CNN_Project/dataset/Epic and CSCR hospital Dataset/Train/notumor/39 no.jpg,notumor,0
/content/drive/MyDrive/Brain_Tumor_CNN_Project/dataset/Epic and CSCR hospital Dataset/Train/pituitary/P_7_DA_.jpg,pituitary,1
/content/drive/MyDrive/Brain_Tumor_CNN_Project/dataset/Epic and CSCR hospital Dataset/Train/pituitary/P_777_RO_.jpg,pituitary,1
/content/drive/MyDrive/Brain_Tumor_CNN_Project/dataset/Epic and CSCR hospital Dataset/Train/glioma/Tr-gl_0167.jpg,glioma,1
/content/drive/MyDrive/Brain_Tumor_CNN_Project/dataset/Epic and CSCR hospital Dataset/Train/glioma/G_754_SP_.jpg,glioma,1
/content/drive/MyDrive/Brain_Tumor_CNN_Project/dataset/Epic and CSCR hospital Dataset/Train/glioma/Tr-gl_0897.jpg,glioma,1
/content/drive/MyDrive/Brain_Tumor_CNN_Project/dataset/Epic and CSCR hospital Dataset/Train/meningioma/M_856_VF_.jpg,meningioma,1
/content/drive/MyDrive/Brain_Tumor_CNN_Project/dataset/Epic and CSCR hospital Dataset/Train/meningioma/Tr-me_0915.jpg,meningioma,1
/content/drive/MyDrive/Brain_Tumor_CNN_Project/dataset/Epic and CSCR hospital Dataset/Train/glioma/G_825_HF_.jpg,glioma,1
/content/drive/MyDrive/Brain_Tumor_CNN_Project/dataset/Epic and CSCR hospital Dataset/Train/glioma/Tr-gl_1103.jpg,glioma,1
/content/drive/MyDrive/Brain_Tumor_CNN_Project/dataset/Epic and CSCR hospital Dataset/Train/pituitary/P_799_VF_.jpg,pituitary,1
/content/drive/MyDrive/Brain_Tumor_CNN_Project/dataset/Epic and CSCR hospital Dataset/Train/pituitary/P_795.jpg,pituitary,1
/content/drive/MyDrive/Brain_Tumor_CNN_Project/dataset/Epic and CSCR hospital Dataset/Train/notumor/Tr-no_0401.jpg,notumor,0
/content/drive/MyDrive/Brain_Tumor_CNN_Project/dataset/Epic and CSCR hospital Dataset/Train/glioma/Tr-gl_0547.jpg,glioma,1
/content/drive/MyDrive/Brain_Tumor_CNN_Project/dataset/Epic and CSCR hospital Dataset/Train/meningioma/Tr-me_0282.jpg,meningioma,1
/content/drive/MyDrive/Brain_Tumor_CNN_Project/dataset/Epic and CSCR hospital Dataset/Train/meningioma/M_833_HF_.jpg,meningioma,1
/content/drive/MyDrive/Brain_Tumor_CNN_Project/dataset/Epic and CSCR hospital Dataset/Train/meningioma/Tr-me_0370.jpg,meningioma,1
/content/drive/MyDrive/Brain_Tumor_CNN_Project/dataset/Epic and CSCR hospital Dataset/Train/meningioma/1428.jpg,meningioma,1
/content/drive/MyDrive/Brain_Tumor_CNN_Project/dataset/Epic and CSCR hospital Dataset/Train/notumor/Tr-no_0239.jpg,notumor,0
/content/drive/MyDrive/Brain_Tumor_CNN_Project/dataset/Epic and CSCR hospital Dataset/Train/glioma/Tr-gl_0793.jpg,glioma,1
/content/drive/MyDrive/Brain_Tumor_CNN_Project/dataset/Epic and CSCR hospital Dataset/Train/meningioma/Tr-me_0511.jpg,meningioma,1
/content/drive/MyDrive/Brain_Tumor_CNN_Project/dataset/Epic and CSCR hospital Dataset/Train/glioma/Tr-gl_0070.jpg,glioma,1
/content/drive/MyDrive/Brain_Tumor_CNN_Project/dataset/Epic and CSCR hospital Dataset/Train/glioma/G_762_DA_.jpg,glioma,1
/content/drive/MyDrive/Brain_Tumor_CNN_Project/dataset/Epic and CSCR hospital Dataset/Train/pituitary/Te-pi_0188.jpg,pituitary,1
/content/drive/MyDrive/Brain_Tumor_CNN_Project/dataset/Epic and CSCR hospital Dataset/Train/meningioma/Te-me_0247.jpg,meningioma,1
/content/drive/MyDrive/Brain_Tumor_CNN_Project/dataset/Epic and CSCR hospital Dataset/Train/meningioma/Tr-me_1257.jpg,meningioma,1
/content/drive/MyDrive/Brain_Tumor_CNN_Project/dataset/Epic and CSCR hospital Dataset/Train/pituitary/Tr-pi_1039.jpg,pituitary,1
/content/drive/MyDrive/Brain_Tumor_CNN_Project/dataset/Epic and CSCR hospital Dataset/Train/pituitary/Tr-pi_0951.jpg,pituitary,1
/content/drive/MyDrive/Brain_Tumor_CNN_Project/dataset/Epic and CSCR hospital Dataset/Train/pituitary/Tr-pi_0274.jpg,pituitary,1
/content/drive/MyDrive/Brain_Tumor_CNN_Project/dataset/Epic and CSCR hospital Dataset/Train/glioma/G_721_VF_.jpg,glioma,1
/content/drive/MyDrive/Brain_Tumor_CNN_Project/dataset/Epic and CSCR hospital Dataset/Train/notumor/1757.jpg,notumor,0
/content/drive/MyDrive/Brain_Tumor_CNN_Project/dataset/Epic and CSCR hospital Dataset/Train/pituitary/p (590).jpg,pituitary,1
/content/drive/MyDrive/Brain_Tumor_CNN_Project/dataset/Epic and CSCR hospital Dataset/Train/notumor/N_381_RO_.jpg,notumor,0
/content/drive/MyDrive/Brain_Tumor_CNN_Project/dataset/Epic and CSCR hospital Dataset/Train/pituitary/Tr-pi_1447.jpg,pituitary,1
/content/drive/MyDrive/Brain_Tumor_CNN_Project/dataset/Epic and CSCR hospital Dataset/Train/glioma/G_729_DA_.jpg,glioma,1
/content/drive/MyDrive/Brain_Tumor_CNN_Project/dataset/Epic and CSCR hospital Dataset/Train/meningioma/M_848.jpg,meningioma,1
/content/drive/MyDrive/Brain_Tumor_CNN_Project/dataset/Epic and CSCR hospital Dataset/Train/meningioma/Tr-me_0460.jpg,meningioma,1
/content/drive/MyDrive/Brain_Tumor_CNN_Project/dataset/Epic and CSCR hospital Dataset/Train/glioma/Tr-gl_0858.jpg,glioma,1
/content/drive/MyDrive/Brain_Tumor_CNN_Project/dataset/Epic and CSCR hospital Dataset/Train/pituitary/Tr-pi_1082.jpg,pituitary,1
/content/drive/MyDrive/Brain_Tumor_CNN_Project/dataset/Epic and CSCR hospital Dataset/Train/notumor/image(152) - Copy.jpg,notumor,0
/content/drive/MyDrive/Brain_Tumor_CNN_Project/dataset/Epic and CSCR hospital Dataset/Train/glioma/Tr-gl_0069.jpg,glioma,1
/content/drive/MyDrive/Brain_Tumor_CNN_Project/dataset/Epic and CSCR hospital Dataset/Train/pituitary/P_780_BR_.jpg,pituitary,1
/content/drive/MyDrive/Brain_Tumor_CNN_Project/dataset/Epic and CSCR hospital Dataset/Train/glioma/G_843_DA_.jpg,glioma,1
/content/drive/MyDrive/Brain_Tumor_CNN_Project/dataset/Epic and CSCR hospital Dataset/Train/glioma/G_843_HF_.jpg,glioma,1
/content/drive/MyDrive/Brain_Tumor_CNN_Project/dataset/Epic and CSCR hospital Dataset/Train/notumor/1806.jpg,notumor,0
/content/drive/MyDrive/Brain_Tumor_CNN_Project/dataset/Epic and CSCR hospital Dataset/Train/meningioma/M_833_DA_.jpg,meningioma,1
/content/drive/MyDrive/Brain_Tumor_CNN_Project/dataset/Epic and CSCR hospital Dataset/Train/notumor/No17.jpg,notumor,0
/content/drive/MyDrive/Brain_Tumor_CNN_Project/dataset/Epic and CSCR hospital Dataset/Train/notumor/image(15).jpg,notumor,0
/content/drive/MyDrive/Brain_Tumor_CNN_Project/dataset/Epic and CSCR hospital Dataset/Train/meningioma/Tr-me_0280.jpg,meningioma,1
/content/drive/MyDrive/Brain_Tumor_CNN_Project/dataset/Epic and CSCR hospital Dataset/Train/meningioma/Tr-me_0471.jpg,meningioma,1
/content/drive/MyDrive/Brain_Tumor_CNN_Project/dataset/Epic and CSCR hospital Dataset/Train/glioma/gg (632).jpg,glioma,1
/content/drive/MyDrive/Brain_Tumor_CNN_Project/dataset/Epic and CSCR hospital Dataset/Train/glioma/Tr-gl_0817.jpg,glioma,1
/content/drive/MyDrive/Brain_Tumor_CNN_Project/dataset/Epic and CSCR hospital Dataset/Train/glioma/Tr-gl_0886.jpg,glioma,1
/content/drive/MyDrive/Brain_Tumor_CNN_Project/dataset/Epic and CSCR hospital Dataset/Train/pituitary/P_82_SP_.jpg,pituitary,1
/content/drive/MyDrive/Brain_Tumor_CNN_Project/dataset/Epic and CSCR hospital Dataset/Train/meningioma/Tr-me_0604.jpg,meningioma,1
/content/drive/MyDrive/Brain_Tumor_CNN_Project/dataset/Epic and CSCR hospital Dataset/Train/glioma/gg (403).jpg,glioma,1
/content/drive/MyDrive/Brain_Tumor_CNN_Project/dataset/Epic and CSCR hospital Dataset/Train/glioma/gg (546).jpg,glioma,1
/content/drive/MyDrive/Brain_Tumor_CNN_Project/dataset/Epic and CSCR hospital Dataset/Train/meningioma/Tr-me_0236.jpg,meningioma,1
/content/drive/MyDrive/Brain_Tumor_CNN_Project/dataset/Epic and CSCR hospital Dataset/Train/glioma/G_790_HF_.jpg,glioma,1
/content/drive/MyDrive/Brain_Tumor_CNN_Project/dataset/Epic and CSCR hospital Dataset/Train/pituitary/Tr-pi_1037.jpg,pituitary,1
/content/drive/MyDrive/Brain_Tumor_CNN_Project/dataset/Epic and CSCR hospital Dataset/Train/pituitary/P_792_DA_.jpg,pituitary,1
/content/drive/MyDrive/Brain_Tumor_CNN_Project/dataset/Epic and CSCR hospital Dataset/Train/glioma/G_766_RO_.jpg,glioma,1
/content/drive/MyDrive/Brain_Tumor_CNN_Project/dataset/Epic and CSCR hospital Dataset/Train/glioma/G_793_BR_.jpg,glioma,1
/content/drive/MyDrive/Brain_Tumor_CNN_Project/dataset/Epic and CSCR hospital Dataset/Train/pituitary/Tr-pi_0550.jpg,pituitary,1
/content/drive/MyDrive/Brain_Tumor_CNN_Project/dataset/Epic and CSCR hospital Dataset/Train/glioma/G_740_VF_.jpg,glioma,1
/content/drive/MyDrive/Brain_Tumor_CNN_Project/dataset/Epic and CSCR hospital Dataset/Train/meningioma/m2 (142).jpg,meningioma,1
/content/drive/MyDrive/Brain_Tumor_CNN_Project/dataset/Epic and CSCR hospital Dataset/Train/meningioma/M_879_HF_.jpg,meningioma,1
/content/drive/MyDrive/Brain_Tumor_CNN_Project/dataset/Epic and CSCR hospital Dataset/Train/glioma/Tr-gl_0953.jpg,glioma,1
/content/drive/MyDrive/Brain_Tumor_CNN_Project/dataset/Epic and CSCR hospital Dataset/Train/meningioma/Tr-me_0973.jpg,meningioma,1
/content/drive/MyDrive/Brain_Tumor_CNN_Project/dataset/Epic and CSCR hospital Dataset/Train/pituitary/Tr-pi_1097.jpg,pituitary,1
/content/drive/MyDrive/Brain_Tumor_CNN_Project/dataset/Epic and CSCR hospital Dataset/Train/meningioma/M_861.jpg,meningioma,1
/content/drive/MyDrive/Brain_Tumor_CNN_Project/dataset/Epic and CSCR hospital Dataset/Train/pituitary/Tr-pi_1099.jpg,pituitary,1
/content/drive/MyDrive/Brain_Tumor_CNN_Project/dataset/Epic and CSCR hospital Dataset/Train/glioma/G_714_BR_.jpg,glioma,1
/content/drive/MyDrive/Brain_Tumor_CNN_Project/dataset/Epic and CSCR hospital Dataset/Train/meningioma/m2 (123).jpg,meningioma,1
/content/drive/MyDrive/Brain_Tumor_CNN_Project/dataset/Epic and CSCR hospital Dataset/Train/pituitary/Tr-pi_0306.jpg,pituitary,1
/content/drive/MyDrive/Brain_Tumor_CNN_Project/dataset/Epic and CSCR hospital Dataset/Train/meningioma/Tr-me_0577.jpg,meningioma,1
/content/drive/MyDrive/Brain_Tumor_CNN_Project/dataset/Epic and CSCR hospital Dataset/Train/glioma/G_837.jpg,glioma,1
/content/drive/MyDrive/Brain_Tumor_CNN_Project/dataset/Epic and CSCR hospital Dataset/Train/pituitary/Te-pi_0113.jpg,pituitary,1
/content/drive/MyDrive/Brain_Tumor_CNN_Project/dataset/Epic and CSCR hospital Dataset/Train/glioma/gg (61).jpg,glioma,1
/content/drive/MyDrive/Brain_Tumor_CNN_Project/dataset/Epic and CSCR hospital Dataset/Train/pituitary/P_817_DA_.jpg,pituitary,1
/content/drive/MyDrive/Brain_Tumor_CNN_Project/dataset/Epic and CSCR hospital Dataset/Train/notumor/Tr-no_0268.jpg,notumor,0
/content/drive/MyDrive/Brain_Tumor_CNN_Project/dataset/Epic and CSCR hospital Dataset/Train/meningioma/Tr-me_0371.jpg,meningioma,1
/content/drive/MyDrive/Brain_Tumor_CNN_Project/dataset/Epic and CSCR hospital Dataset/Train/pituitary/P_835_BR_.jpg,pituitary,1
/content/drive/MyDrive/Brain_Tumor_CNN_Project/dataset/Epic and CSCR hospital Dataset/Train/pituitary/P_738_HF_.jpg,pituitary,1
/content/drive/MyDrive/Brain_Tumor_CNN_Project/dataset/Epic and CSCR hospital Dataset/Train/notumor/Tr-no_0229.jpg,notumor,0
/content/drive/MyDrive/Brain_Tumor_CNN_Project/dataset/Epic and CSCR hospital Dataset/Train/pituitary/P_778.jpg,pituitary,1
/content/drive/MyDrive/Brain_Tumor_CNN_Project/dataset/Epic and CSCR hospital Dataset/Train/glioma/G_872_DA_.jpg,glioma,1
/content/drive/MyDrive/Brain_Tumor_CNN_Project/dataset/Epic and CSCR hospital Dataset/Train/notumor/N_368_BR_.jpg,notumor,0
/content/drive/MyDrive/Brain_Tumor_CNN_Project/dataset/Epic and CSCR hospital Dataset/Train/glioma/G_770_SP_.jpg,glioma,1
/content/drive/MyDrive/Brain_Tumor_CNN_Project/dataset/Epic and CSCR hospital Dataset/Train/glioma/image(28).jpg,glioma,1
/content/drive/MyDrive/Brain_Tumor_CNN_Project/dataset/Epic and CSCR hospital Dataset/Train/pituitary/P_725_BR_.jpg,pituitary,1
/content/drive/MyDrive/Brain_Tumor_CNN_Project/dataset/Epic and CSCR hospital Dataset/Train/meningioma/Tr-me_0296.jpg,meningioma,1
/content/drive/MyDrive/Brain_Tumor_CNN_Project/dataset/Epic and CSCR hospital Dataset/Train/meningioma/Tr-me_0220.jpg,meningioma,1
/content/drive/MyDrive/Brain_Tumor_CNN_Project/dataset/Epic and CSCR hospital Dataset/Train/glioma/G_714.jpg,glioma,1
/content/drive/MyDrive/Brain_Tumor_CNN_Project/dataset/Epic and CSCR hospital Dataset/Train/glioma/Tr-gl_0248.jpg,glioma,1
/content/drive/MyDrive/Brain_Tumor_CNN_Project/dataset/Epic and CSCR hospital Dataset/Train/meningioma/Tr-me_0392.jpg,meningioma,1
/content/drive/MyDrive/Brain_Tumor_CNN_Project/dataset/Epic and CSCR hospital Dataset/Train/glioma/Tr-gl_1029.jpg,glioma,1
/content/drive/MyDrive/Brain_Tumor_CNN_Project/dataset/Epic and CSCR hospital Dataset/Train/glioma/Tr-gl_1044.jpg,glioma,1
/content/drive/MyDrive/Brain_Tumor_CNN_Project/dataset/Epic and CSCR hospital Dataset/Train/glioma/Tr-gl_0584.jpg,glioma,1
/content/drive/MyDrive/Brain_Tumor_CNN_Project/dataset/Epic and CSCR hospital Dataset/Train/pituitary/P_722_BR_.jpg,pituitary,1
/content/drive/MyDrive/Brain_Tumor_CNN_Project/dataset/Epic and CSCR hospital Dataset/Train/meningioma/m3 (1).jpg,meningioma,1
/content/drive/MyDrive/Brain_Tumor_CNN_Project/dataset/Epic and CSCR hospital Dataset/Train/meningioma/Te-me_0235.jpg,meningioma,1
/content/drive/MyDrive/Brain_Tumor_CNN_Project/dataset/Epic and CSCR hospital Dataset/Train/notumor/image(177).jpg,notumor,0
/content/drive/MyDrive/Brain_Tumor_CNN_Project/dataset/Epic and CSCR hospital Dataset/Train/pituitary/P_779_SP_.jpg,pituitary,1
/content/drive/MyDrive/Brain_Tumor_CNN_Project/dataset/Epic and CSCR hospital Dataset/Train/glioma/Te-gl_0059.jpg,glioma,1
/content/drive/MyDrive/Brain_Tumor_CNN_Project/dataset/Epic and CSCR hospital Dataset/Train/notumor/N_387_VF_.jpg,notumor,0
/content/drive/MyDrive/Brain_Tumor_CNN_Project/dataset/Epic and CSCR hospital Dataset/Train/glioma/Tr-gl_0192.jpg,glioma,1
/content/drive/MyDrive/Brain_Tumor_CNN_Project/dataset/Epic and CSCR hospital Dataset/Train/glioma/Tr-gl_0250.jpg,glioma,1
/content/drive/MyDrive/Brain_Tumor_CNN_Project/dataset/Epic and CSCR hospital Dataset/Train/pituitary/Tr-pi_1448.jpg,pituitary,1
/content/drive/MyDrive/Brain_Tumor_CNN_Project/dataset/Epic and CSCR hospital Dataset/Train/meningioma/Tr-me_0099.jpg,meningioma,1
/content/drive/MyDrive/Brain_Tumor_CNN_Project/dataset/Epic and CSCR hospital Dataset/Train/notumor/Tr-no_0116.jpg,notumor,0
/content/drive/MyDrive/Brain_Tumor_CNN_Project/dataset/Epic and CSCR hospital Dataset/Train/notumor/N_48_DA_.jpg,notumor,0
/content/drive/MyDrive/Brain_Tumor_CNN_Project/dataset/Epic and CSCR hospital Dataset/Train/glioma/Tr-gl_0814.jpg,glioma,1
/content/drive/MyDrive/Brain_Tumor_CNN_Project/dataset/Epic and CSCR hospital Dataset/Train/meningioma/m2 (66).jpg,meningioma,1
/content/drive/MyDrive/Brain_Tumor_CNN_Project/dataset/Epic and CSCR hospital Dataset/Train/glioma/G_790_VF_.jpg,glioma,1
/content/drive/MyDrive/Brain_Tumor_CNN_Project/dataset/Epic and CSCR hospital Dataset/Train/notumor/Tr-no_0356.jpg,notumor,0
/content/drive/MyDrive/Brain_Tumor_CNN_Project/dataset/Epic and CSCR hospital Dataset/Train/notumor/Tr-no_0556.jpg,notumor,0
/content/drive/MyDrive/Brain_Tumor_CNN_Project/dataset/Epic and CSCR hospital Dataset/Train/glioma/image(88).jpg,glioma,1
/content/drive/MyDrive/Brain_Tumor_CNN_Project/dataset/Epic and CSCR hospital Dataset/Train/pituitary/P_77_BR_.jpg,pituitary,1
/content/drive/MyDrive/Brain_Tumor_CNN_Project/dataset/Epic and CSCR hospital Dataset/Train/notumor/Tr-no_0291.jpg,notumor,0
/content/drive/MyDrive/Brain_Tumor_CNN_Project/dataset/Epic and CSCR hospital Dataset/Train/notumor/1771.jpg,notumor,0
/content/drive/MyDrive/Brain_Tumor_CNN_Project/dataset/Epic and CSCR hospital Dataset/Train/meningioma/1380.jpg,meningioma,1
/content/drive/MyDrive/Brain_Tumor_CNN_Project/dataset/Epic and CSCR hospital Dataset/Train/meningioma/Tr-me_0479.jpg,meningioma,1
/content/drive/MyDrive/Brain_Tumor_CNN_Project/dataset/Epic and CSCR hospital Dataset/Train/glioma/G_832_VF_.jpg,glioma,1
/content/drive/MyDrive/Brain_Tumor_CNN_Project/dataset/Epic and CSCR hospital Dataset/Train/notumor/N_411_RO_.jpg,notumor,0
/content/drive/MyDrive/Brain_Tumor_CNN_Project/dataset/Epic and CSCR hospital Dataset/Train/meningioma/Te-me_0229.jpg,meningioma,1
/content/drive/MyDrive/Brain_Tumor_CNN_Project/dataset/Epic and CSCR hospital Dataset/Train/glioma/Tr-gl_1221.jpg,glioma,1
/content/drive/MyDrive/Brain_Tumor_CNN_Project/dataset/Epic and CSCR hospital Dataset/Train/glioma/gg (460).jpg,glioma,1
/content/drive/MyDrive/Brain_Tumor_CNN_Project/dataset/Epic and CSCR hospital Dataset/Train/meningioma/Tr-me_0175.jpg,meningioma,1
/content/drive/MyDrive/Brain_Tumor_CNN_Project/dataset/Epic and CSCR hospital Dataset/Train/meningioma/Te-me_0127.jpg,meningioma,1
/content/drive/MyDrive/Brain_Tumor_CNN_Project/dataset/Epic and CSCR hospital Dataset/Train/glioma/gg (586).jpg,glioma,1
/content/drive/MyDrive/Brain_Tumor_CNN_Project/dataset/Epic and CSCR hospital Dataset/Train/meningioma/Tr-me_1006.jpg,meningioma,1
/content/drive/MyDrive/Brain_Tumor_CNN_Project/dataset/Epic and CSCR hospital Dataset/Train/meningioma/M_852_DA_.jpg,meningioma,1
/content/drive/MyDrive/Brain_Tumor_CNN_Project/dataset/Epic and CSCR hospital Dataset/Train/pituitary/Tr-pi_1210.jpg,pituitary,1
/content/drive/MyDrive/Brain_Tumor_CNN_Project/dataset/Epic and CSCR hospital Dataset/Train/notumor/Tr-no_0275.jpg,notumor,0
/content/drive/MyDrive/Brain_Tumor_CNN_Project/dataset/Epic and CSCR hospital Dataset/Train/notumor/1835.jpg,notumor,0
/content/drive/MyDrive/Brain_Tumor_CNN_Project/dataset/Epic and CSCR hospital Dataset/Train/pituitary/P_716_HF_.jpg,pituitary,1
/content/drive/MyDrive/Brain_Tumor_CNN_Project/dataset/Epic and CSCR hospital Dataset/Train/glioma/G_846_DA_.jpg,glioma,1
/content/drive/MyDrive/Brain_Tumor_CNN_Project/dataset/Epic and CSCR hospital Dataset/Train/glioma/Tr-gl_0586.jpg,glioma,1
/content/drive/MyDrive/Brain_Tumor_CNN_Project/dataset/Epic and CSCR hospital Dataset/Train/meningioma/1328.jpg,meningioma,1
/content/drive/MyDrive/Brain_Tumor_CNN_Project/dataset/Epic and CSCR hospital Dataset/Train/notumor/Tr-no_0434.jpg,notumor,0
/content/drive/MyDrive/Brain_Tumor_CNN_Project/dataset/Epic and CSCR hospital Dataset/Train/glioma/G_878_DA_.jpg,glioma,1
/content/drive/MyDrive/Brain_Tumor_CNN_Project/dataset/Epic and CSCR hospital Dataset/Train/glioma/G_852_VF_.jpg,glioma,1
/content/drive/MyDrive/Brain_Tumor_CNN_Project/dataset/Epic and CSCR hospital Dataset/Train/pituitary/Tr-pi_0608.jpg,pituitary,1
/content/drive/MyDrive/Brain_Tumor_CNN_Project/dataset/Epic and CSCR hospital Dataset/Train/meningioma/M_872.jpg,meningioma,1
/content/drive/MyDrive/Brain_Tumor_CNN_Project/dataset/Epic and CSCR hospital Dataset/Train/meningioma/Te-me_0145.jpg,meningioma,1
/content/drive/MyDrive/Brain_Tumor_CNN_Project/dataset/Epic and CSCR hospital Dataset/Train/pituitary/Tr-pi_1134.jpg,pituitary,1
/content/drive/MyDrive/Brain_Tumor_CNN_Project/dataset/Epic and CSCR hospital Dataset/Train/notumor/1713.jpg,notumor,0
/content/drive/MyDrive/Brain_Tumor_CNN_Project/dataset/Epic and CSCR hospital Dataset/Train/notumor/1 no.jpeg,notumor,0
/content/drive/MyDrive/Brain_Tumor_CNN_Project/dataset/Epic and CSCR hospital Dataset/Train/pituitary/Tr-pi_0138.jpg,pituitary,1
/content/drive/MyDrive/Brain_Tumor_CNN_Project/dataset/Epic and CSCR hospital Dataset/Train/notumor/image(157) - Copy.jpg,notumor,0
/content/drive/MyDrive/Brain_Tumor_CNN_Project/dataset/Epic and CSCR hospital Dataset/Train/glioma/Te-gl_0157.jpg,glioma,1
/content/drive/MyDrive/Brain_Tumor_CNN_Project/dataset/Epic and CSCR hospital Dataset/Train/pituitary/Tr-pi_1451.jpg,pituitary,1
/content/drive/MyDrive/Brain_Tumor_CNN_Project/dataset/Epic and CSCR hospital Dataset/Train/glioma/Tr-gl_0074.jpg,glioma,1
/content/drive/MyDrive/Brain_Tumor_CNN_Project/dataset/Epic and CSCR hospital Dataset/Train/glioma/G_834_DA_.jpg,glioma,1
/content/drive/MyDrive/Brain_Tumor_CNN_Project/dataset/Epic and CSCR hospital Dataset/Train/meningioma/Te-me_0251.jpg,meningioma,1
/content/drive/MyDrive/Brain_Tumor_CNN_Project/dataset/Epic and CSCR hospital Dataset/Train/pituitary/Tr-pi_0491.jpg,pituitary,1
/content/drive/MyDrive/Brain_Tumor_CNN_Project/dataset/Epic and CSCR hospital Dataset/Train/meningioma/Te-me_0099.jpg,meningioma,1
/content/drive/MyDrive/Brain_Tumor_CNN_Project/dataset/Epic and CSCR hospital Dataset/Train/notumor/Tr-no_0192.jpg,notumor,0
/content/drive/MyDrive/Brain_Tumor_CNN_Project/dataset/Epic and CSCR hospital Dataset/Train/pituitary/P_782_VF_.jpg,pituitary,1
/content/drive/MyDrive/Brain_Tumor_CNN_Project/dataset/Epic and CSCR hospital Dataset/Train/pituitary/P_75_SP_.jpg,pituitary,1
/content/drive/MyDrive/Brain_Tumor_CNN_Project/dataset/Epic and CSCR hospital Dataset/Train/pituitary/Tr-pi_0376.jpg,pituitary,1
/content/drive/MyDrive/Brain_Tumor_CNN_Project/dataset/Epic and CSCR hospital Dataset/Train/glioma/Tr-gl_0567.jpg,glioma,1
/content/drive/MyDrive/Brain_Tumor_CNN_Project/dataset/Epic and CSCR hospital Dataset/Train/glioma/G_733_BR_.jpg,glioma,1
/content/drive/MyDrive/Brain_Tumor_CNN_Project/dataset/Epic and CSCR hospital Dataset/Train/glioma/G_705_DA_.jpg,glioma,1
/content/drive/MyDrive/Brain_Tumor_CNN_Project/dataset/Epic and CSCR hospital Dataset/Train/meningioma/Tr-me_1036.jpg,meningioma,1
/content/drive/MyDrive/Brain_Tumor_CNN_Project/dataset/Epic and CSCR hospital Dataset/Train/pituitary/p (572).jpg,pituitary,1
/content/drive/MyDrive/Brain_Tumor_CNN_Project/dataset/Epic and CSCR hospital Dataset/Train/glioma/G_746_HF_.jpg,glioma,1
/content/drive/MyDrive/Brain_Tumor_CNN_Project/dataset/Epic and CSCR hospital Dataset/Train/pituitary/P_770.jpg,pituitary,1
/content/drive/MyDrive/Brain_Tumor_CNN_Project/dataset/Epic and CSCR hospital Dataset/Train/meningioma/Tr-me_0254.jpg,meningioma,1
/content/drive/MyDrive/Brain_Tumor_CNN_Project/dataset/Epic and CSCR hospital Dataset/Train/meningioma/Tr-me_0919.jpg,meningioma,1
/content/drive/MyDrive/Brain_Tumor_CNN_Project/dataset/Epic and CSCR hospital Dataset/Train/glioma/G_762_SP_.jpg,glioma,1
/content/drive/MyDrive/Brain_Tumor_CNN_Project/dataset/Epic and CSCR hospital Dataset/Train/meningioma/Tr-me_0375.jpg,meningioma,1
/content/drive/MyDrive/Brain_Tumor_CNN_Project/dataset/Epic and CSCR hospital Dataset/Train/glioma/G_783_RO_.jpg,glioma,1
/content/drive/MyDrive/Brain_Tumor_CNN_Project/dataset/Epic and CSCR hospital Dataset/Train/glioma/gg (497).jpg,glioma,1
/content/drive/MyDrive/Brain_Tumor_CNN_Project/dataset/Epic and CSCR hospital Dataset/Train/glioma/Tr-gl_0173.jpg,glioma,1
/content/drive/MyDrive/Brain_Tumor_CNN_Project/dataset/Epic and CSCR hospital Dataset/Train/glioma/Tr-gl_0422.jpg,glioma,1
/content/drive/MyDrive/Brain_Tumor_CNN_Project/dataset/Epic and CSCR hospital Dataset/Train/meningioma/m2 (133).jpg,meningioma,1
/content/drive/MyDrive/Brain_Tumor_CNN_Project/dataset/Epic and CSCR hospital Dataset/Train/pituitary/Te-pi_0207.jpg,pituitary,1
/content/drive/MyDrive/Brain_Tumor_CNN_Project/dataset/Epic and CSCR hospital Dataset/Train/notumor/N_438_RO_.jpg,notumor,0
/content/drive/MyDrive/Brain_Tumor_CNN_Project/dataset/Epic and CSCR hospital Dataset/Train/pituitary/P_736_BR_.jpg,pituitary,1
/content/drive/MyDrive/Brain_Tumor_CNN_Project/dataset/Epic and CSCR hospital Dataset/Train/glioma/G_760_RO_.jpg,glioma,1
/content/drive/MyDrive/Brain_Tumor_CNN_Project/dataset/Epic and CSCR hospital Dataset/Train/meningioma/Tr-me_1150.jpg,meningioma,1
/content/drive/MyDrive/Brain_Tumor_CNN_Project/dataset/Epic and CSCR hospital Dataset/Train/meningioma/Tr-me_0492.jpg,meningioma,1
/content/drive/MyDrive/Brain_Tumor_CNN_Project/dataset/Epic and CSCR hospital Dataset/Train/meningioma/Tr-me_1110.jpg,meningioma,1
/content/drive/MyDrive/Brain_Tumor_CNN_Project/dataset/Epic and CSCR hospital Dataset/Train/meningioma/1335.jpg,meningioma,1
/content/drive/MyDrive/Brain_Tumor_CNN_Project/dataset/Epic and CSCR hospital Dataset/Train/pituitary/Tr-pi_0549.jpg,pituitary,1
/content/drive/MyDrive/Brain_Tumor_CNN_Project/dataset/Epic and CSCR hospital Dataset/Train/notumor/Tr-no_0132.jpg,notumor,0
/content/drive/MyDrive/Brain_Tumor_CNN_Project/dataset/Epic and CSCR hospital Dataset/Train/glioma/Tr-gl_1176.jpg,glioma,1
/content/drive/MyDrive/Brain_Tumor_CNN_Project/dataset/Epic and CSCR hospital Dataset/Train/notumor/Te-no_0316.jpg,notumor,0
/content/drive/MyDrive/Brain_Tumor_CNN_Project/dataset/Epic and CSCR hospital Dataset/Train/pituitary/Tr-pi_1138.jpg,pituitary,1
/content/drive/MyDrive/Brain_Tumor_CNN_Project/dataset/Epic and CSCR hospital Dataset/Train/glioma/G_713_BR_.jpg,glioma,1
/content/drive/MyDrive/Brain_Tumor_CNN_Project/dataset/Epic and CSCR hospital Dataset/Train/meningioma/M_873_SP_.jpg,meningioma,1
/content/drive/MyDrive/Brain_Tumor_CNN_Project/dataset/Epic and CSCR hospital Dataset/Train/glioma/Tr-gl_0522.jpg,glioma,1
/content/drive/MyDrive/Brain_Tumor_CNN_Project/dataset/Epic and CSCR hospital Dataset/Train/meningioma/Te-me_0128.jpg,meningioma,1
/content/drive/MyDrive/Brain_Tumor_CNN_Project/dataset/Epic and CSCR hospital Dataset/Train/meningioma/M_877_DA_.jpg,meningioma,1
/content/drive/MyDrive/Brain_Tumor_CNN_Project/dataset/Epic and CSCR hospital Dataset/Train/meningioma/Tr-me_1013.jpg,meningioma,1
/content/drive/MyDrive/Brain_Tumor_CNN_Project/dataset/Epic and CSCR hospital Dataset/Train/glioma/Tr-gl_0572.jpg,glioma,1
/content/drive/MyDrive/Brain_Tumor_CNN_Project/dataset/Epic and CSCR hospital Dataset/Train/glioma/Tr-gl_0866.jpg,glioma,1
/content/drive/MyDrive/Brain_Tumor_CNN_Project/dataset/Epic and CSCR hospital Dataset/Train/meningioma/Tr-me_0828.jpg,meningioma,1
/content/drive/MyDrive/Brain_Tumor_CNN_Project/dataset/Epic and CSCR hospital Dataset/Train/glioma/G_837_SP_.jpg,glioma,1
/content/drive/MyDrive/Brain_Tumor_CNN_Project/dataset/Epic and CSCR hospital Dataset/Train/glioma/Tr-gl_1077.jpg,glioma,1
/content/drive/MyDrive/Brain_Tumor_CNN_Project/dataset/Epic and CSCR hospital Dataset/Train/notumor/N_414_VF_.jpg,notumor,0
/content/drive/MyDrive/Brain_Tumor_CNN_Project/dataset/Epic and CSCR hospital Dataset/Train/notumor/N_397_SP_.jpg,notumor,0
/content/drive/MyDrive/Brain_Tumor_CNN_Project/dataset/Epic and CSCR hospital Dataset/Train/pituitary/Tr-pi_0700.jpg,pituitary,1
/content/drive/MyDrive/Brain_Tumor_CNN_Project/dataset/Epic and CSCR hospital Dataset/Train/notumor/N_42_BR_.jpg,notumor,0
/content/drive/MyDrive/Brain_Tumor_CNN_Project/dataset/Epic and CSCR hospital Dataset/Train/pituitary/P_829_BR_.jpg,pituitary,1
/content/drive/MyDrive/Brain_Tumor_CNN_Project/dataset/Epic and CSCR hospital Dataset/Train/pituitary/P_830_DA_.jpg,pituitary,1
/content/drive/MyDrive/Brain_Tumor_CNN_Project/dataset/Epic and CSCR hospital Dataset/Train/notumor/1649.jpg,notumor,0
/content/drive/MyDrive/Brain_Tumor_CNN_Project/dataset/Epic and CSCR hospital Dataset/Train/glioma/G_802.jpg,glioma,1
/content/drive/MyDrive/Brain_Tumor_CNN_Project/dataset/Epic and CSCR hospital Dataset/Train/pituitary/p (484).jpg,pituitary,1
/content/drive/MyDrive/Brain_Tumor_CNN_Project/dataset/Epic and CSCR hospital Dataset/Train/glioma/gg (638).jpg,glioma,1
/content/drive/MyDrive/Brain_Tumor_CNN_Project/dataset/Epic and CSCR hospital Dataset/Train/notumor/image(181).jpg,notumor,0
/content/drive/MyDrive/Brain_Tumor_CNN_Project/dataset/Epic and CSCR hospital Dataset/Train/glioma/gg (346).jpg,glioma,1
/content/drive/MyDrive/Brain_Tumor_CNN_Project/dataset/Epic and CSCR hospital Dataset/Train/glioma/G_885_HF_.jpg,glioma,1
/content/drive/MyDrive/Brain_Tumor_CNN_Project/dataset/Epic and CSCR hospital Dataset/Train/notumor/N_424_SP_.jpg,notumor,0
/content/drive/MyDrive/Brain_Tumor_CNN_Project/dataset/Epic and CSCR hospital Dataset/Train/meningioma/Tr-me_0598.jpg,meningioma,1
/content/drive/MyDrive/Brain_Tumor_CNN_Project/dataset/Epic and CSCR hospital Dataset/Train/glioma/Tr-gl_1051.jpg,glioma,1
/content/drive/MyDrive/Brain_Tumor_CNN_Project/dataset/Epic and CSCR hospital Dataset/Train/glioma/G_882_HF_.jpg,glioma,1
/content/drive/MyDrive/Brain_Tumor_CNN_Project/dataset/Epic and CSCR hospital Dataset/Train/pituitary/Tr-pi_0232.jpg,pituitary,1
/content/drive/MyDrive/Brain_Tumor_CNN_Project/dataset/Epic and CSCR hospital Dataset/Train/meningioma/Tr-me_0224.jpg,meningioma,1
/content/drive/MyDrive/Brain_Tumor_CNN_Project/dataset/Epic and CSCR hospital Dataset/Train/meningioma/Tr-me_0394.jpg,meningioma,1
/content/drive/MyDrive/Brain_Tumor_CNN_Project/dataset/Epic and CSCR hospital Dataset/Train/glioma/gg (326).jpg,glioma,1
/content/drive/MyDrive/Brain_Tumor_CNN_Project/dataset/Epic and CSCR hospital Dataset/Train/glioma/Tr-gl_0896.jpg,glioma,1
/content/drive/MyDrive/Brain_Tumor_CNN_Project/dataset/Epic and CSCR hospital Dataset/Train/notumor/1846.jpg,notumor,0
/content/drive/MyDrive/Brain_Tumor_CNN_Project/dataset/Epic and CSCR hospital Dataset/Train/glioma/Tr-gl_1219.jpg,glioma,1
/content/drive/MyDrive/Brain_Tumor_CNN_Project/dataset/Epic and CSCR hospital Dataset/Train/pituitary/Tr-pi_1197.jpg,pituitary,1
/content/drive/MyDrive/Brain_Tumor_CNN_Project/dataset/Epic and CSCR hospital Dataset/Train/pituitary/Tr-pi_0992.jpg,pituitary,1
/content/drive/MyDrive/Brain_Tumor_CNN_Project/dataset/Epic and CSCR hospital Dataset/Train/pituitary/Tr-pi_0588.jpg,pituitary,1
/content/drive/MyDrive/Brain_Tumor_CNN_Project/dataset/Epic and CSCR hospital Dataset/Train/glioma/G_778_VF_.jpg,glioma,1
/content/drive/MyDrive/Brain_Tumor_CNN_Project/dataset/Epic and CSCR hospital Dataset/Train/meningioma/1366.jpg,meningioma,1
/content/drive/MyDrive/Brain_Tumor_CNN_Project/dataset/Epic and CSCR hospital Dataset/Train/pituitary/Te-pi_0048.jpg,pituitary,1
/content/drive/MyDrive/Brain_Tumor_CNN_Project/dataset/Epic and CSCR hospital Dataset/Train/glioma/Tr-gl_1034.jpg,glioma,1
/content/drive/MyDrive/Brain_Tumor_CNN_Project/dataset/Epic and CSCR hospital Dataset/Train/notumor/Tr-no_0271.jpg,notumor,0
/content/drive/MyDrive/Brain_Tumor_CNN_Project/dataset/Epic and CSCR hospital Dataset/Train/notumor/Te-no_0227.jpg,notumor,0
/content/drive/MyDrive/Brain_Tumor_CNN_Project/dataset/Epic and CSCR hospital Dataset/Train/notumor/N_370_BR_.jpg,notumor,0
/content/drive/MyDrive/Brain_Tumor_CNN_Project/dataset/Epic and CSCR hospital Dataset/Train/glioma/Tr-gl_1055.jpg,glioma,1
/content/drive/MyDrive/Brain_Tumor_CNN_Project/dataset/Epic and CSCR hospital Dataset/Train/glioma/gg (475).jpg,glioma,1
/content/drive/MyDrive/Brain_Tumor_CNN_Project/dataset/Epic and CSCR hospital Dataset/Train/glioma/image(27).jpg,glioma,1
/content/drive/MyDrive/Brain_Tumor_CNN_Project/dataset/Epic and CSCR hospital Dataset/Train/pituitary/Tr-pi_0094.jpg,pituitary,1
/content/drive/MyDrive/Brain_Tumor_CNN_Project/dataset/Epic and CSCR hospital Dataset/Train/pituitary/Tr-pi_0456.jpg,pituitary,1
/content/drive/MyDrive/Brain_Tumor_CNN_Project/dataset/Epic and CSCR hospital Dataset/Train/pituitary/P_780_HF_.jpg,pituitary,1
/content/drive/MyDrive/Brain_Tumor_CNN_Project/dataset/Epic and CSCR hospital Dataset/Train/notumor/N_46_VF_.jpg,notumor,0
/content/drive/MyDrive/Brain_Tumor_CNN_Project/dataset/Epic and CSCR hospital Dataset/Train/notumor/1798.jpg,notumor,0
/content/drive/MyDrive/Brain_Tumor_CNN_Project/dataset/Epic and CSCR hospital Dataset/Train/notumor/N_432_VF_.jpg,notumor,0
/content/drive/MyDrive/Brain_Tumor_CNN_Project/dataset/Epic and CSCR hospital Dataset/Train/glioma/G_848_HF_.jpg,glioma,1
/content/drive/MyDrive/Brain_Tumor_CNN_Project/dataset/Epic and CSCR hospital Dataset/Train/pituitary/P_725_DA_.jpg,pituitary,1
/content/drive/MyDrive/Brain_Tumor_CNN_Project/dataset/Epic and CSCR hospital Dataset/Train/meningioma/Tr-me_0444.jpg,meningioma,1
/content/drive/MyDrive/Brain_Tumor_CNN_Project/dataset/Epic and CSCR hospital Dataset/Train/pituitary/P_820_HF_.jpg,pituitary,1
/content/drive/MyDrive/Brain_Tumor_CNN_Project/dataset/Epic and CSCR hospital Dataset/Train/notumor/N_438.jpg,notumor,0
/content/drive/MyDrive/Brain_Tumor_CNN_Project/dataset/Epic and CSCR hospital Dataset/Train/glioma/Tr-gl_1125.jpg,glioma,1
/content/drive/MyDrive/Brain_Tumor_CNN_Project/dataset/Epic and CSCR hospital Dataset/Train/pituitary/P_743.jpg,pituitary,1
/content/drive/MyDrive/Brain_Tumor_CNN_Project/dataset/Epic and CSCR hospital Dataset/Train/notumor/Tr-no_0280.jpg,notumor,0
/content/drive/MyDrive/Brain_Tumor_CNN_Project/dataset/Epic and CSCR hospital Dataset/Train/glioma/Tr-gl_0381.jpg,glioma,1
/content/drive/MyDrive/Brain_Tumor_CNN_Project/dataset/Epic and CSCR hospital Dataset/Train/glioma/Tr-gl_1132.jpg,glioma,1
/content/drive/MyDrive/Brain_Tumor_CNN_Project/dataset/Epic and CSCR hospital Dataset/Train/pituitary/Tr-pi_0661.jpg,pituitary,1
/content/drive/MyDrive/Brain_Tumor_CNN_Project/dataset/Epic and CSCR hospital Dataset/Train/glioma/Tr-gl_0151.jpg,glioma,1
/content/drive/MyDrive/Brain_Tumor_CNN_Project/dataset/Epic and CSCR hospital Dataset/Train/notumor/1884.jpg,notumor,0
/content/drive/MyDrive/Brain_Tumor_CNN_Project/dataset/Epic and CSCR hospital Dataset/Train/glioma/G_743_RO_.jpg,glioma,1
/content/drive/MyDrive/Brain_Tumor_CNN_Project/dataset/Epic and CSCR hospital Dataset/Train/pituitary/Te-pi_0109.jpg,pituitary,1
/content/drive/MyDrive/Brain_Tumor_CNN_Project/dataset/Epic and CSCR hospital Dataset/Train/notumor/Tr-no_0158.jpg,notumor,0
/content/drive/MyDrive/Brain_Tumor_CNN_Project/dataset/Epic and CSCR hospital Dataset/Train/notumor/N_415_SP_.jpg,notumor,0
/content/drive/MyDrive/Brain_Tumor_CNN_Project/dataset/Epic and CSCR hospital Dataset/Train/notumor/Tr-no_0249.jpg,notumor,0
/content/drive/MyDrive/Brain_Tumor_CNN_Project/dataset/Epic and CSCR hospital Dataset/Train/meningioma/Tr-me_0856.jpg,meningioma,1
/content/drive/MyDrive/Brain_Tumor_CNN_Project/dataset/Epic and CSCR hospital Dataset/Train/pituitary/Tr-pi_0801.jpg,pituitary,1
/content/drive/MyDrive/Brain_Tumor_CNN_Project/dataset/Epic and CSCR hospital Dataset/Train/pituitary/Tr-pi_0605.jpg,pituitary,1
/content/drive/MyDrive/Brain_Tumor_CNN_Project/dataset/Epic and CSCR hospital Dataset/Train/meningioma/Tr-me_0363.jpg,meningioma,1
/content/drive/MyDrive/Brain_Tumor_CNN_Project/dataset/Epic and CSCR hospital Dataset/Train/pituitary/Tr-pi_1125.jpg,pituitary,1
/content/drive/MyDrive/Brain_Tumor_CNN_Project/dataset/Epic and CSCR hospital Dataset/Train/glioma/G_782_VF_.jpg,glioma,1
/content/drive/MyDrive/Brain_Tumor_CNN_Project/dataset/Epic and CSCR hospital Dataset/Train/glioma/gg (431).jpg,glioma,1
/content/drive/MyDrive/Brain_Tumor_CNN_Project/dataset/Epic and CSCR hospital Dataset/Train/pituitary/P_721_DA_.jpg,pituitary,1
/content/drive/MyDrive/Brain_Tumor_CNN_Project/dataset/Epic and CSCR hospital Dataset/Train/glioma/Tr-gl_0179.jpg,glioma,1
/content/drive/MyDrive/Brain_Tumor_CNN_Project/dataset/Epic and CSCR hospital Dataset/Train/pituitary/P_741_RO_.jpg,pituitary,1
/content/drive/MyDrive/Brain_Tumor_CNN_Project/dataset/Epic and CSCR hospital Dataset/Train/glioma/G_737_DA_.jpg,glioma,1
/content/drive/MyDrive/Brain_Tumor_CNN_Project/dataset/Epic and CSCR hospital Dataset/Train/glioma/Te-gl_0096.jpg,glioma,1
/content/drive/MyDrive/Brain_Tumor_CNN_Project/dataset/Epic and CSCR hospital Dataset/Train/glioma/image(78).jpg,glioma,1
/content/drive/MyDrive/Brain_Tumor_CNN_Project/dataset/Epic and CSCR hospital Dataset/Train/glioma/Tr-gl_1028.jpg,glioma,1
/content/drive/MyDrive/Brain_Tumor_CNN_Project/dataset/Epic and CSCR hospital Dataset/Train/glioma/G_885.jpg,glioma,1
/content/drive/MyDrive/Brain_Tumor_CNN_Project/dataset/Epic and CSCR hospital Dataset/Train/pituitary/P_786_HF_.jpg,pituitary,1
/content/drive/MyDrive/Brain_Tumor_CNN_Project/dataset/Epic and CSCR hospital Dataset/Train/notumor/N26.JPG,notumor,0
/content/drive/MyDrive/Brain_Tumor_CNN_Project/dataset/Epic and CSCR hospital Dataset/Train/notumor/1851.jpg,notumor,0
/content/drive/MyDrive/Brain_Tumor_CNN_Project/dataset/Epic and CSCR hospital Dataset/Train/meningioma/Tr-me_1245.jpg,meningioma,1
/content/drive/MyDrive/Brain_Tumor_CNN_Project/dataset/Epic and CSCR hospital Dataset/Train/glioma/gg (462).jpg,glioma,1
/content/drive/MyDrive/Brain_Tumor_CNN_Project/dataset/Epic and CSCR hospital Dataset/Train/meningioma/Tr-me_0416.jpg,meningioma,1
/content/drive/MyDrive/Brain_Tumor_CNN_Project/dataset/Epic and CSCR hospital Dataset/Train/meningioma/1302.jpg,meningioma,1
/content/drive/MyDrive/Brain_Tumor_CNN_Project/dataset/Epic and CSCR hospital Dataset/Train/pituitary/P_777.jpg,pituitary,1
/content/drive/MyDrive/Brain_Tumor_CNN_Project/dataset/Epic and CSCR hospital Dataset/Train/glioma/Tr-gl_0333.jpg,glioma,1
/content/drive/MyDrive/Brain_Tumor_CNN_Project/dataset/Epic and CSCR hospital Dataset/Train/meningioma/M_861_HF_.jpg,meningioma,1
/content/drive/MyDrive/Brain_Tumor_CNN_Project/dataset/Epic and CSCR hospital Dataset/Train/notumor/Tr-no_0198.jpg,notumor,0
/content/drive/MyDrive/Brain_Tumor_CNN_Project/dataset/Epic and CSCR hospital Dataset/Train/pituitary/Te-pi_0019.jpg,pituitary,1
/content/drive/MyDrive/Brain_Tumor_CNN_Project/dataset/Epic and CSCR hospital Dataset/Train/notumor/N_384_BR_.jpg,notumor,0
/content/drive/MyDrive/Brain_Tumor_CNN_Project/dataset/Epic and CSCR hospital Dataset/Train/pituitary/P_794_DA_.jpg,pituitary,1
/content/drive/MyDrive/Brain_Tumor_CNN_Project/dataset/Epic and CSCR hospital Dataset/Train/pituitary/P_744_HF_.jpg,pituitary,1
/content/drive/MyDrive/Brain_Tumor_CNN_Project/dataset/Epic and CSCR hospital Dataset/Train/glioma/G_805_SP_.jpg,glioma,1
/content/drive/MyDrive/Brain_Tumor_CNN_Project/dataset/Epic and CSCR hospital Dataset/Train/meningioma/Te-me_0159.jpg,meningioma,1
/content/drive/MyDrive/Brain_Tumor_CNN_Project/dataset/Epic and CSCR hospital Dataset/Train/notumor/Tr-no_0369.jpg,notumor,0
/content/drive/MyDrive/Brain_Tumor_CNN_Project/dataset/Epic and CSCR hospital Dataset/Train/pituitary/Tr-pi_0436.jpg,pituitary,1
/content/drive/MyDrive/Brain_Tumor_CNN_Project/dataset/Epic and CSCR hospital Dataset/Train/meningioma/1310.jpg,meningioma,1
/content/drive/MyDrive/Brain_Tumor_CNN_Project/dataset/Epic and CSCR hospital Dataset/Train/glioma/G_871_HF_.jpg,glioma,1
/content/drive/MyDrive/Brain_Tumor_CNN_Project/dataset/Epic and CSCR hospital Dataset/Train/notumor/N_379_VF_.jpg,notumor,0
/content/drive/MyDrive/Brain_Tumor_CNN_Project/dataset/Epic and CSCR hospital Dataset/Train/glioma/gg (445).jpg,glioma,1
/content/drive/MyDrive/Brain_Tumor_CNN_Project/dataset/Epic and CSCR hospital Dataset/Train/glioma/G_831_RO_.jpg,glioma,1
/content/drive/MyDrive/Brain_Tumor_CNN_Project/dataset/Epic and CSCR hospital Dataset/Train/glioma/gg (492).jpg,glioma,1
/content/drive/MyDrive/Brain_Tumor_CNN_Project/dataset/Epic and CSCR hospital Dataset/Train/pituitary/Tr-pi_1128.jpg,pituitary,1
/content/drive/MyDrive/Brain_Tumor_CNN_Project/dataset/Epic and CSCR hospital Dataset/Train/pituitary/P_757_SP_.jpg,pituitary,1
/content/drive/MyDrive/Brain_Tumor_CNN_Project/dataset/Epic and CSCR hospital Dataset/Train/glioma/G_726_SP_.jpg,glioma,1
/content/drive/MyDrive/Brain_Tumor_CNN_Project/dataset/Epic and CSCR hospital Dataset/Train/meningioma/Tr-me_0989.jpg,meningioma,1
/content/drive/MyDrive/Brain_Tumor_CNN_Project/dataset/Epic and CSCR hospital Dataset/Train/notumor/N_49_RO_.jpg,notumor,0
/content/drive/MyDrive/Brain_Tumor_CNN_Project/dataset/Epic and CSCR hospital Dataset/Train/glioma/G_859_DA_.jpg,glioma,1
/content/drive/MyDrive/Brain_Tumor_CNN_Project/dataset/Epic and CSCR hospital Dataset/Train/pituitary/P_793_VF_.jpg,pituitary,1
/content/drive/MyDrive/Brain_Tumor_CNN_Project/dataset/Epic and CSCR hospital Dataset/Train/glioma/Tr-gl_0077.jpg,glioma,1
/content/drive/MyDrive/Brain_Tumor_CNN_Project/dataset/Epic and CSCR hospital Dataset/Train/notumor/Tr-no_0251.jpg,notumor,0
/content/drive/MyDrive/Brain_Tumor_CNN_Project/dataset/Epic and CSCR hospital Dataset/Train/notumor/Tr-no_0332.jpg,notumor,0
/content/drive/MyDrive/Brain_Tumor_CNN_Project/dataset/Epic and CSCR hospital Dataset/Train/notumor/Te-no_0216.jpg,notumor,0
/content/drive/MyDrive/Brain_Tumor_CNN_Project/dataset/Epic and CSCR hospital Dataset/Train/glioma/gg (558).jpg,glioma,1
/content/drive/MyDrive/Brain_Tumor_CNN_Project/dataset/Epic and CSCR hospital Dataset/Train/notumor/1799.jpg,notumor,0
/content/drive/MyDrive/Brain_Tumor_CNN_Project/dataset/Epic and CSCR hospital Dataset/Train/meningioma/M_829_RO_.jpg,meningioma,1
/content/drive/MyDrive/Brain_Tumor_CNN_Project/dataset/Epic and CSCR hospital Dataset/Train/notumor/N_47.jpg,notumor,0
/content/drive/MyDrive/Brain_Tumor_CNN_Project/dataset/Epic and CSCR hospital Dataset/Train/meningioma/Tr-me_0283.jpg,meningioma,1
/content/drive/MyDrive/Brain_Tumor_CNN_Project/dataset/Epic and CSCR hospital Dataset/Train/pituitary/Tr-pi_0619.jpg,pituitary,1
/content/drive/MyDrive/Brain_Tumor_CNN_Project/dataset/Epic and CSCR hospital Dataset/Train/meningioma/m1(83).jpg,meningioma,1
/content/drive/MyDrive/Brain_Tumor_CNN_Project/dataset/Epic and CSCR hospital Dataset/Train/glioma/Tr-gl_0404.jpg,glioma,1
/content/drive/MyDrive/Brain_Tumor_CNN_Project/dataset/Epic and CSCR hospital Dataset/Train/glioma/G_868.jpg,glioma,1
/content/drive/MyDrive/Brain_Tumor_CNN_Project/dataset/Epic and CSCR hospital Dataset/Train/meningioma/Tr-me_0484.jpg,meningioma,1
/content/drive/MyDrive/Brain_Tumor_CNN_Project/dataset/Epic and CSCR hospital Dataset/Train/glioma/G_743_VF_.jpg,glioma,1
/content/drive/MyDrive/Brain_Tumor_CNN_Project/dataset/Epic and CSCR hospital Dataset/Train/notumor/Tr-no_0260.jpg,notumor,0
/content/drive/MyDrive/Brain_Tumor_CNN_Project/dataset/Epic and CSCR hospital Dataset/Train/glioma/Tr-gl_0563.jpg,glioma,1
/content/drive/MyDrive/Brain_Tumor_CNN_Project/dataset/Epic and CSCR hospital Dataset/Train/glioma/G_773.jpg,glioma,1
/content/drive/MyDrive/Brain_Tumor_CNN_Project/dataset/Epic and CSCR hospital Dataset/Train/notumor/Te-no_0251.jpg,notumor,0
/content/drive/MyDrive/Brain_Tumor_CNN_Project/dataset/Epic and CSCR hospital Dataset/Train/pituitary/P_77_HF_.jpg,pituitary,1
/content/drive/MyDrive/Brain_Tumor_CNN_Project/dataset/Epic and CSCR hospital Dataset/Train/glioma/G_771_RO_.jpg,glioma,1
/content/drive/MyDrive/Brain_Tumor_CNN_Project/dataset/Epic and CSCR hospital Dataset/Train/glioma/Tr-gl_0260.jpg,glioma,1
/content/drive/MyDrive/Brain_Tumor_CNN_Project/dataset/Epic and CSCR hospital Dataset/Train/notumor/N_377_DA_.jpg,notumor,0
/content/drive/MyDrive/Brain_Tumor_CNN_Project/dataset/Epic and CSCR hospital Dataset/Train/pituitary/Tr-pi_0359.jpg,pituitary,1
/content/drive/MyDrive/Brain_Tumor_CNN_Project/dataset/Epic and CSCR hospital Dataset/Train/pituitary/P_772_DA_.jpg,pituitary,1
/content/drive/MyDrive/Brain_Tumor_CNN_Project/dataset/Epic and CSCR hospital Dataset/Train/meningioma/Te-me_0285.jpg,meningioma,1
/content/drive/MyDrive/Brain_Tumor_CNN_Project/dataset/Epic and CSCR hospital Dataset/Train/meningioma/M_865_RO_.jpg,meningioma,1
/content/drive/MyDrive/Brain_Tumor_CNN_Project/dataset/Epic and CSCR hospital Dataset/Train/meningioma/m3 (179).jpg,meningioma,1
/content/drive/MyDrive/Brain_Tumor_CNN_Project/dataset/Epic and CSCR hospital Dataset/Train/glioma/G_705_VF_.jpg,glioma,1
/content/drive/MyDrive/Brain_Tumor_CNN_Project/dataset/Epic and CSCR hospital Dataset/Train/pituitary/Te-pi_0044.jpg,pituitary,1
/content/drive/MyDrive/Brain_Tumor_CNN_Project/dataset/Epic and CSCR hospital Dataset/Train/glioma/G_711_SP_.jpg,glioma,1
/content/drive/MyDrive/Brain_Tumor_CNN_Project/dataset/Epic and CSCR hospital Dataset/Train/glioma/Tr-gl_1113.jpg,glioma,1
/content/drive/MyDrive/Brain_Tumor_CNN_Project/dataset/Epic and CSCR hospital Dataset/Train/meningioma/Tr-me_0488.jpg,meningioma,1
/content/drive/MyDrive/Brain_Tumor_CNN_Project/dataset/Epic and CSCR hospital Dataset/Train/meningioma/m2 (9).jpg,meningioma,1
/content/drive/MyDrive/Brain_Tumor_CNN_Project/dataset/Epic and CSCR hospital Dataset/Train/meningioma/Tr-me_1070.jpg,meningioma,1
/content/drive/MyDrive/Brain_Tumor_CNN_Project/dataset/Epic and CSCR hospital Dataset/Train/notumor/Tr-no_0278.jpg,notumor,0
/content/drive/MyDrive/Brain_Tumor_CNN_Project/dataset/Epic and CSCR hospital Dataset/Train/pituitary/Tr-pi_1243.jpg,pituitary,1
/content/drive/MyDrive/Brain_Tumor_CNN_Project/dataset/Epic and CSCR hospital Dataset/Train/glioma/G_734_SP_.jpg,glioma,1
/content/drive/MyDrive/Brain_Tumor_CNN_Project/dataset/Epic and CSCR hospital Dataset/Train/pituitary/P_743_DA_.jpg,pituitary,1
/content/drive/MyDrive/Brain_Tumor_CNN_Project/dataset/Epic and CSCR hospital Dataset/Train/meningioma/1309.jpg,meningioma,1
/content/drive/MyDrive/Brain_Tumor_CNN_Project/dataset/Epic and CSCR hospital Dataset/Train/pituitary/Tr-pi_0270.jpg,pituitary,1
/content/drive/MyDrive/Brain_Tumor_CNN_Project/dataset/Epic and CSCR hospital Dataset/Train/glioma/G_837_VF_.jpg,glioma,1
/content/drive/MyDrive/Brain_Tumor_CNN_Project/dataset/Epic and CSCR hospital Dataset/Train/pituitary/P_720_BR_.jpg,pituitary,1
/content/drive/MyDrive/Brain_Tumor_CNN_Project/dataset/Epic and CSCR hospital Dataset/Train/meningioma/Te-me_0097.jpg,meningioma,1
/content/drive/MyDrive/Brain_Tumor_CNN_Project/dataset/Epic and CSCR hospital Dataset/Train/glioma/Tr-gl_0284.jpg,glioma,1
/content/drive/MyDrive/Brain_Tumor_CNN_Project/dataset/Epic and CSCR hospital Dataset/Train/meningioma/Tr-me_0219.jpg,meningioma,1
/content/drive/MyDrive/Brain_Tumor_CNN_Project/dataset/Epic and CSCR hospital Dataset/Train/glioma/G_798_HF_.jpg,glioma,1
/content/drive/MyDrive/Brain_Tumor_CNN_Project/dataset/Epic and CSCR hospital Dataset/Train/pituitary/Tr-pi_0762.jpg,pituitary,1
/content/drive/MyDrive/Brain_Tumor_CNN_Project/dataset/Epic and CSCR hospital Dataset/Train/glioma/gg (49).jpg,glioma,1
/content/drive/MyDrive/Brain_Tumor_CNN_Project/dataset/Epic and CSCR hospital Dataset/Train/pituitary/Tr-pi_0247.jpg,pituitary,1
/content/drive/MyDrive/Brain_Tumor_CNN_Project/dataset/Epic and CSCR hospital Dataset/Train/pituitary/P_736_DA_.jpg,pituitary,1
/content/drive/MyDrive/Brain_Tumor_CNN_Project/dataset/Epic and CSCR hospital Dataset/Train/notumor/Te-no_0142.jpg,notumor,0
/content/drive/MyDrive/Brain_Tumor_CNN_Project/dataset/Epic and CSCR hospital Dataset/Train/pituitary/Tr-pi_1064.jpg,pituitary,1
/content/drive/MyDrive/Brain_Tumor_CNN_Project/dataset/Epic and CSCR hospital Dataset/Train/meningioma/1417.jpg,meningioma,1
/content/drive/MyDrive/Brain_Tumor_CNN_Project/dataset/Epic and CSCR hospital Dataset/Train/glioma/G_817_BR_.jpg,glioma,1
/content/drive/MyDrive/Brain_Tumor_CNN_Project/dataset/Epic and CSCR hospital Dataset/Train/pituitary/P_823_VF_.jpg,pituitary,1
/content/drive/MyDrive/Brain_Tumor_CNN_Project/dataset/Epic and CSCR hospital Dataset/Train/glioma/Tr-gl_0307.jpg,glioma,1
/content/drive/MyDrive/Brain_Tumor_CNN_Project/dataset/Epic and CSCR hospital Dataset/Train/glioma/Tr-gl_0581.jpg,glioma,1
/content/drive/MyDrive/Brain_Tumor_CNN_Project/dataset/Epic and CSCR hospital Dataset/Train/notumor/N_416_HF_.jpg,notumor,0
/content/drive/MyDrive/Brain_Tumor_CNN_Project/dataset/Epic and CSCR hospital Dataset/Train/glioma/Te-gl_0208.jpg,glioma,1
/content/drive/MyDrive/Brain_Tumor_CNN_Project/dataset/Epic and CSCR hospital Dataset/Train/meningioma/M_871_BR_.jpg,meningioma,1
/content/drive/MyDrive/Brain_Tumor_CNN_Project/dataset/Epic and CSCR hospital Dataset/Train/pituitary/P_726_VF_.jpg,pituitary,1
/content/drive/MyDrive/Brain_Tumor_CNN_Project/dataset/Epic and CSCR hospital Dataset/Train/pituitary/P_789_HF_.jpg,pituitary,1
/content/drive/MyDrive/Brain_Tumor_CNN_Project/dataset/Epic and CSCR hospital Dataset/Train/meningioma/Te-me_0198.jpg,meningioma,1
/content/drive/MyDrive/Brain_Tumor_CNN_Project/dataset/Epic and CSCR hospital Dataset/Train/notumor/Tr-no_0090.jpg,notumor,0
/content/drive/MyDrive/Brain_Tumor_CNN_Project/dataset/Epic and CSCR hospital Dataset/Train/meningioma/M_864_SP_.jpg,meningioma,1
/content/drive/MyDrive/Brain_Tumor_CNN_Project/dataset/Epic and CSCR hospital Dataset/Train/glioma/Tr-gl_0320.jpg,glioma,1
/content/drive/MyDrive/Brain_Tumor_CNN_Project/dataset/Epic and CSCR hospital Dataset/Train/pituitary/Tr-pi_0426.jpg,pituitary,1
/content/drive/MyDrive/Brain_Tumor_CNN_Project/dataset/Epic and CSCR hospital Dataset/Train/notumor/image(150).jpg,notumor,0
/content/drive/MyDrive/Brain_Tumor_CNN_Project/dataset/Epic and CSCR hospital Dataset/Train/notumor/N_404_SP_.jpg,notumor,0
/content/drive/MyDrive/Brain_Tumor_CNN_Project/dataset/Epic and CSCR hospital Dataset/Train/pituitary/P_720_HF_.jpg,pituitary,1
/content/drive/MyDrive/Brain_Tumor_CNN_Project/dataset/Epic and CSCR hospital Dataset/Train/glioma/G_889_BR_.jpg,glioma,1
/content/drive/MyDrive/Brain_Tumor_CNN_Project/dataset/Epic and CSCR hospital Dataset/Train/pituitary/Te-pi_0066.jpg,pituitary,1
/content/drive/MyDrive/Brain_Tumor_CNN_Project/dataset/Epic and CSCR hospital Dataset/Train/glioma/G_882_BR_.jpg,glioma,1
/content/drive/MyDrive/Brain_Tumor_CNN_Project/dataset/Epic and CSCR hospital Dataset/Train/pituitary/Tr-pi_0058.jpg,pituitary,1
/content/drive/MyDrive/Brain_Tumor_CNN_Project/dataset/Epic and CSCR hospital Dataset/Train/meningioma/Te-me_0088.jpg,meningioma,1
/content/drive/MyDrive/Brain_Tumor_CNN_Project/dataset/Epic and CSCR hospital Dataset/Train/meningioma/1421.jpg,meningioma,1
/content/drive/MyDrive/Brain_Tumor_CNN_Project/dataset/Epic and CSCR hospital Dataset/Train/pituitary/Tr-pi_0447.jpg,pituitary,1
/content/drive/MyDrive/Brain_Tumor_CNN_Project/dataset/Epic and CSCR hospital Dataset/Train/meningioma/M_836_SP_.jpg,meningioma,1
/content/drive/MyDrive/Brain_Tumor_CNN_Project/dataset/Epic and CSCR hospital Dataset/Train/glioma/G_814_VF_.jpg,glioma,1
/content/drive/MyDrive/Brain_Tumor_CNN_Project/dataset/Epic and CSCR hospital Dataset/Train/notumor/N_49_DA_.jpg,notumor,0
/content/drive/MyDrive/Brain_Tumor_CNN_Project/dataset/Epic and CSCR hospital Dataset/Train/pituitary/Te-pi_0076.jpg,pituitary,1
/content/drive/MyDrive/Brain_Tumor_CNN_Project/dataset/Epic and CSCR hospital Dataset/Train/notumor/1612.jpg,notumor,0
/content/drive/MyDrive/Brain_Tumor_CNN_Project/dataset/Epic and CSCR hospital Dataset/Train/notumor/Te-no_0092.jpg,notumor,0
/content/drive/MyDrive/Brain_Tumor_CNN_Project/dataset/Epic and CSCR hospital Dataset/Train/glioma/image(56).jpg,glioma,1
/content/drive/MyDrive/Brain_Tumor_CNN_Project/dataset/Epic and CSCR hospital Dataset/Train/notumor/1676.jpg,notumor,0
/content/drive/MyDrive/Brain_Tumor_CNN_Project/dataset/Epic and CSCR hospital Dataset/Train/notumor/N_390_SP_.jpg,notumor,0
/content/drive/MyDrive/Brain_Tumor_CNN_Project/dataset/Epic and CSCR hospital Dataset/Train/meningioma/m2 (16).jpg,meningioma,1
/content/drive/MyDrive/Brain_Tumor_CNN_Project/dataset/Epic and CSCR hospital Dataset/Train/glioma/Tr-gl_1017.jpg,glioma,1
/content/drive/MyDrive/Brain_Tumor_CNN_Project/dataset/Epic and CSCR hospital Dataset/Train/glioma/G_887.jpg,glioma,1
/content/drive/MyDrive/Brain_Tumor_CNN_Project/dataset/Epic and CSCR hospital Dataset/Train/pituitary/Tr-pi_0785.jpg,pituitary,1
/content/drive/MyDrive/Brain_Tumor_CNN_Project/dataset/Epic and CSCR hospital Dataset/Train/pituitary/Tr-pi_0630.jpg,pituitary,1
/content/drive/MyDrive/Brain_Tumor_CNN_Project/dataset/Epic and CSCR hospital Dataset/Train/pituitary/Tr-pi_0508.jpg,pituitary,1
/content/drive/MyDrive/Brain_Tumor_CNN_Project/dataset/Epic and CSCR hospital Dataset/Train/glioma/Tr-gl_1268.jpg,glioma,1
/content/drive/MyDrive/Brain_Tumor_CNN_Project/dataset/Epic and CSCR hospital Dataset/Train/glioma/G_706_SP_.jpg,glioma,1
/content/drive/MyDrive/Brain_Tumor_CNN_Project/dataset/Epic and CSCR hospital Dataset/Train/glioma/image(34).jpg,glioma,1
/content/drive/MyDrive/Brain_Tumor_CNN_Project/dataset/Epic and CSCR hospital Dataset/Train/pituitary/P_838_SP_.jpg,pituitary,1
/content/drive/MyDrive/Brain_Tumor_CNN_Project/dataset/Epic and CSCR hospital Dataset/Train/pituitary/Tr-pi_0746.jpg,pituitary,1
/content/drive/MyDrive/Brain_Tumor_CNN_Project/dataset/Epic and CSCR hospital Dataset/Train/glioma/image(62).jpg,glioma,1
/content/drive/MyDrive/Brain_Tumor_CNN_Project/dataset/Epic and CSCR hospital Dataset/Train/meningioma/M_858_SP_.jpg,meningioma,1
/content/drive/MyDrive/Brain_Tumor_CNN_Project/dataset/Epic and CSCR hospital Dataset/Train/meningioma/Tr-me_0815.jpg,meningioma,1
/content/drive/MyDrive/Brain_Tumor_CNN_Project/dataset/Epic and CSCR hospital Dataset/Train/meningioma/Te-me_0194.jpg,meningioma,1
/content/drive/MyDrive/Brain_Tumor_CNN_Project/dataset/Epic and CSCR hospital Dataset/Train/meningioma/m2 (32).jpg,meningioma,1
/content/drive/MyDrive/Brain_Tumor_CNN_Project/dataset/Epic and CSCR hospital Dataset/Train/pituitary/P_71.jpg,pituitary,1
/content/drive/MyDrive/Brain_Tumor_CNN_Project/dataset/Epic and CSCR hospital Dataset/Train/glioma/Tr-gl_0912.jpg,glioma,1
/content/drive/MyDrive/Brain_Tumor_CNN_Project/dataset/Epic and CSCR hospital Dataset/Train/glioma/G_783_VF_.jpg,glioma,1
/content/drive/MyDrive/Brain_Tumor_CNN_Project/dataset/Epic and CSCR hospital Dataset/Train/notumor/Tr-no_0612.jpg,notumor,0
/content/drive/MyDrive/Brain_Tumor_CNN_Project/dataset/Epic and CSCR hospital Dataset/Train/meningioma/M_829_SP_.jpg,meningioma,1
/content/drive/MyDrive/Brain_Tumor_CNN_Project/dataset/Epic and CSCR hospital Dataset/Train/notumor/N_41_BR_.jpg,notumor,0
/content/drive/MyDrive/Brain_Tumor_CNN_Project/dataset/Epic and CSCR hospital Dataset/Train/glioma/Tr-gl_0589.jpg,glioma,1
/content/drive/MyDrive/Brain_Tumor_CNN_Project/dataset/Epic and CSCR hospital Dataset/Train/notumor/Tr-no_0290.jpg,notumor,0
/content/drive/MyDrive/Brain_Tumor_CNN_Project/dataset/Epic and CSCR hospital Dataset/Train/pituitary/Tr-pi_0611.jpg,pituitary,1
/content/drive/MyDrive/Brain_Tumor_CNN_Project/dataset/Epic and CSCR hospital Dataset/Train/pituitary/Tr-pi_1374.jpg,pituitary,1
/content/drive/MyDrive/Brain_Tumor_CNN_Project/dataset/Epic and CSCR hospital Dataset/Train/pituitary/P_783_HF_.jpg,pituitary,1
/content/drive/MyDrive/Brain_Tumor_CNN_Project/dataset/Epic and CSCR hospital Dataset/Train/glioma/Tr-gl_0845.jpg,glioma,1
/content/drive/MyDrive/Brain_Tumor_CNN_Project/dataset/Epic and CSCR hospital Dataset/Train/pituitary/Te-pi_0054.jpg,pituitary,1
/content/drive/MyDrive/Brain_Tumor_CNN_Project/dataset/Epic and CSCR hospital Dataset/Train/pituitary/p (538).jpg,pituitary,1
/content/drive/MyDrive/Brain_Tumor_CNN_Project/dataset/Epic and CSCR hospital Dataset/Train/glioma/Tr-gl_0296.jpg,glioma,1
/content/drive/MyDrive/Brain_Tumor_CNN_Project/dataset/Epic and CSCR hospital Dataset/Train/meningioma/Tr-me_0295.jpg,meningioma,1
/content/drive/MyDrive/Brain_Tumor_CNN_Project/dataset/Epic and CSCR hospital Dataset/Train/meningioma/1374.jpg,meningioma,1
/content/drive/MyDrive/Brain_Tumor_CNN_Project/dataset/Epic and CSCR hospital Dataset/Train/meningioma/m1(7).jpg,meningioma,1
/content/drive/MyDrive/Brain_Tumor_CNN_Project/dataset/Epic and CSCR hospital Dataset/Train/glioma/Tr-gl_0080.jpg,glioma,1
/content/drive/MyDrive/Brain_Tumor_CNN_Project/dataset/Epic and CSCR hospital Dataset/Train/glioma/G_772_SP_.jpg,glioma,1
/content/drive/MyDrive/Brain_Tumor_CNN_Project/dataset/Epic and CSCR hospital Dataset/Train/glioma/G_861_VF_.jpg,glioma,1
/content/drive/MyDrive/Brain_Tumor_CNN_Project/dataset/Epic and CSCR hospital Dataset/Train/notumor/1746.jpg,notumor,0
/content/drive/MyDrive/Brain_Tumor_CNN_Project/dataset/Epic and CSCR hospital Dataset/Train/meningioma/Tr-me_0462.jpg,meningioma,1
/content/drive/MyDrive/Brain_Tumor_CNN_Project/dataset/Epic and CSCR hospital Dataset/Train/pituitary/P_711_SP_.jpg,pituitary,1
/content/drive/MyDrive/Brain_Tumor_CNN_Project/dataset/Epic and CSCR hospital Dataset/Train/glioma/G_805_HF_.jpg,glioma,1
/content/drive/MyDrive/Brain_Tumor_CNN_Project/dataset/Epic and CSCR hospital Dataset/Train/glioma/gg (455).jpg,glioma,1
/content/drive/MyDrive/Brain_Tumor_CNN_Project/dataset/Epic and CSCR hospital Dataset/Train/glioma/G_867_SP_.jpg,glioma,1
/content/drive/MyDrive/Brain_Tumor_CNN_Project/dataset/Epic and CSCR hospital Dataset/Train/notumor/Tr-no_0523.jpg,notumor,0
/content/drive/MyDrive/Brain_Tumor_CNN_Project/dataset/Epic and CSCR hospital Dataset/Train/glioma/Tr-gl_1180.jpg,glioma,1
/content/drive/MyDrive/Brain_Tumor_CNN_Project/dataset/Epic and CSCR hospital Dataset/Train/glioma/G_803_RO_.jpg,glioma,1
/content/drive/MyDrive/Brain_Tumor_CNN_Project/dataset/Epic and CSCR hospital Dataset/Train/meningioma/m2 (25).jpg,meningioma,1
/content/drive/MyDrive/Brain_Tumor_CNN_Project/dataset/Epic and CSCR hospital Dataset/Train/meningioma/m3 (137).jpg,meningioma,1
/content/drive/MyDrive/Brain_Tumor_CNN_Project/dataset/Epic and CSCR hospital Dataset/Train/glioma/G_754_VF_.jpg,glioma,1
/content/drive/MyDrive/Brain_Tumor_CNN_Project/dataset/Epic and CSCR hospital Dataset/Train/glioma/Tr-gl_1166.jpg,glioma,1
/content/drive/MyDrive/Brain_Tumor_CNN_Project/dataset/Epic and CSCR hospital Dataset/Train/glioma/gg (58).jpg,glioma,1
/content/drive/MyDrive/Brain_Tumor_CNN_Project/dataset/Epic and CSCR hospital Dataset/Train/pituitary/Tr-pi_0258.jpg,pituitary,1
/content/drive/MyDrive/Brain_Tumor_CNN_Project/dataset/Epic and CSCR hospital Dataset/Train/glioma/G_818_DA_.jpg,glioma,1
/content/drive/MyDrive/Brain_Tumor_CNN_Project/dataset/Epic and CSCR hospital Dataset/Train/notumor/N_40_DA_.jpg,notumor,0
/content/drive/MyDrive/Brain_Tumor_CNN_Project/dataset/Epic and CSCR hospital Dataset/Train/glioma/G_789_DA_.jpg,glioma,1
/content/drive/MyDrive/Brain_Tumor_CNN_Project/dataset/Epic and CSCR hospital Dataset/Train/meningioma/Tr-me_0883.jpg,meningioma,1
/content/drive/MyDrive/Brain_Tumor_CNN_Project/dataset/Epic and CSCR hospital Dataset/Train/pituitary/Tr-pi_0579.jpg,pituitary,1
/content/drive/MyDrive/Brain_Tumor_CNN_Project/dataset/Epic and CSCR hospital Dataset/Train/pituitary/P_747_DA_.jpg,pituitary,1
/content/drive/MyDrive/Brain_Tumor_CNN_Project/dataset/Epic and CSCR hospital Dataset/Train/meningioma/Te-me_0137.jpg,meningioma,1
/content/drive/MyDrive/Brain_Tumor_CNN_Project/dataset/Epic and CSCR hospital Dataset/Train/pituitary/Tr-pi_1344.jpg,pituitary,1
/content/drive/MyDrive/Brain_Tumor_CNN_Project/dataset/Epic and CSCR hospital Dataset/Train/notumor/N_383_HF_.jpg,notumor,0
/content/drive/MyDrive/Brain_Tumor_CNN_Project/dataset/Epic and CSCR hospital Dataset/Train/meningioma/Tr-me_0346.jpg,meningioma,1
/content/drive/MyDrive/Brain_Tumor_CNN_Project/dataset/Epic and CSCR hospital Dataset/Train/meningioma/M_866_BR_.jpg,meningioma,1
/content/drive/MyDrive/Brain_Tumor_CNN_Project/dataset/Epic and CSCR hospital Dataset/Train/notumor/N20.JPG,notumor,0
/content/drive/MyDrive/Brain_Tumor_CNN_Project/dataset/Epic and CSCR hospital Dataset/Train/notumor/1669.jpg,notumor,0
/content/drive/MyDrive/Brain_Tumor_CNN_Project/dataset/Epic and CSCR hospital Dataset/Train/pituitary/P_71_SP_.jpg,pituitary,1
/content/drive/MyDrive/Brain_Tumor_CNN_Project/dataset/Epic and CSCR hospital Dataset/Train/meningioma/M_872_VF_.jpg,meningioma,1
/content/drive/MyDrive/Brain_Tumor_CNN_Project/dataset/Epic and CSCR hospital Dataset/Train/pituitary/P_723_VF_.jpg,pituitary,1
/content/drive/MyDrive/Brain_Tumor_CNN_Project/dataset/Epic and CSCR hospital Dataset/Train/pituitary/Tr-pi_1001.jpg,pituitary,1
/content/drive/MyDrive/Brain_Tumor_CNN_Project/dataset/Epic and CSCR hospital Dataset/Train/meningioma/Tr-me_0978.jpg,meningioma,1
/content/drive/MyDrive/Brain_Tumor_CNN_Project/dataset/Epic and CSCR hospital Dataset/Train/pituitary/P_828.jpg,pituitary,1
/content/drive/MyDrive/Brain_Tumor_CNN_Project/dataset/Epic and CSCR hospital Dataset/Train/notumor/Tr-no_0454.jpg,notumor,0
/content/drive/MyDrive/Brain_Tumor_CNN_Project/dataset/Epic and CSCR hospital Dataset/Train/pituitary/Tr-pi_1307.jpg,pituitary,1
/content/drive/MyDrive/Brain_Tumor_CNN_Project/dataset/Epic and CSCR hospital Dataset/Train/glioma/Te-gl_0061.jpg,glioma,1
/content/drive/MyDrive/Brain_Tumor_CNN_Project/dataset/Epic and CSCR hospital Dataset/Train/meningioma/M_819_VF_.jpg,meningioma,1
/content/drive/MyDrive/Brain_Tumor_CNN_Project/dataset/Epic and CSCR hospital Dataset/Train/pituitary/Tr-pi_0144.jpg,pituitary,1
/content/drive/MyDrive/Brain_Tumor_CNN_Project/dataset/Epic and CSCR hospital Dataset/Train/pituitary/Tr-pi_0495.jpg,pituitary,1
/content/drive/MyDrive/Brain_Tumor_CNN_Project/dataset/Epic and CSCR hospital Dataset/Train/glioma/gg (48).jpg,glioma,1
/content/drive/MyDrive/Brain_Tumor_CNN_Project/dataset/Epic and CSCR hospital Dataset/Train/meningioma/Te-me_0168.jpg,meningioma,1
/content/drive/MyDrive/Brain_Tumor_CNN_Project/dataset/Epic and CSCR hospital Dataset/Train/glioma/image(71).jpg,glioma,1
/content/drive/MyDrive/Brain_Tumor_CNN_Project/dataset/Epic and CSCR hospital Dataset/Train/pituitary/P_74_HF_.jpg,pituitary,1
/content/drive/MyDrive/Brain_Tumor_CNN_Project/dataset/Epic and CSCR hospital Dataset/Train/notumor/1610.jpg,notumor,0
/content/drive/MyDrive/Brain_Tumor_CNN_Project/dataset/Epic and CSCR hospital Dataset/Train/meningioma/Te-me_0100.jpg,meningioma,1
/content/drive/MyDrive/Brain_Tumor_CNN_Project/dataset/Epic and CSCR hospital Dataset/Train/meningioma/m2 (10).jpg,meningioma,1
/content/drive/MyDrive/Brain_Tumor_CNN_Project/dataset/Epic and CSCR hospital Dataset/Train/meningioma/m3 (186).jpg,meningioma,1
/content/drive/MyDrive/Brain_Tumor_CNN_Project/dataset/Epic and CSCR hospital Dataset/Train/pituitary/Tr-pi_0275.jpg,pituitary,1
/content/drive/MyDrive/Brain_Tumor_CNN_Project/dataset/Epic and CSCR hospital Dataset/Train/glioma/Tr-gl_0684.jpg,glioma,1
/content/drive/MyDrive/Brain_Tumor_CNN_Project/dataset/Epic and CSCR hospital Dataset/Train/meningioma/Te-me_0147.jpg,meningioma,1
/content/drive/MyDrive/Brain_Tumor_CNN_Project/dataset/Epic and CSCR hospital Dataset/Train/notumor/N_370_DA_.jpg,notumor,0
/content/drive/MyDrive/Brain_Tumor_CNN_Project/dataset/Epic and CSCR hospital Dataset/Train/pituitary/p (510).jpg,pituitary,1
/content/drive/MyDrive/Brain_Tumor_CNN_Project/dataset/Epic and CSCR hospital Dataset/Train/meningioma/Te-me_0207.jpg,meningioma,1
/content/drive/MyDrive/Brain_Tumor_CNN_Project/dataset/Epic and CSCR hospital Dataset/Train/glioma/G_785.jpg,glioma,1
/content/drive/MyDrive/Brain_Tumor_CNN_Project/dataset/Epic and CSCR hospital Dataset/Train/pituitary/Te-pi_0196.jpg,pituitary,1
/content/drive/MyDrive/Brain_Tumor_CNN_Project/dataset/Epic and CSCR hospital Dataset/Train/notumor/1626.jpg,notumor,0
/content/drive/MyDrive/Brain_Tumor_CNN_Project/dataset/Epic and CSCR hospital Dataset/Train/notumor/1812.jpg,notumor,0
/content/drive/MyDrive/Brain_Tumor_CNN_Project/dataset/Epic and CSCR hospital Dataset/Train/notumor/1770.jpg,notumor,0
/content/drive/MyDrive/Brain_Tumor_CNN_Project/dataset/Epic and CSCR hospital Dataset/Train/notumor/Te-no_0360.jpg,notumor,0
/content/drive/MyDrive/Brain_Tumor_CNN_Project/dataset/Epic and CSCR hospital Dataset/Train/glioma/G_805_BR_.jpg,glioma,1
/content/drive/MyDrive/Brain_Tumor_CNN_Project/dataset/Epic and CSCR hospital Dataset/Train/notumor/Tr-no_0232.jpg,notumor,0
/content/drive/MyDrive/Brain_Tumor_CNN_Project/dataset/Epic and CSCR hospital Dataset/Train/pituitary/Te-pi_0047.jpg,pituitary,1
/content/drive/MyDrive/Brain_Tumor_CNN_Project/dataset/Epic and CSCR hospital Dataset/Train/pituitary/P_771_BR_.jpg,pituitary,1
/content/drive/MyDrive/Brain_Tumor_CNN_Project/dataset/Epic and CSCR hospital Dataset/Train/notumor/1605.jpg,notumor,0
/content/drive/MyDrive/Brain_Tumor_CNN_Project/dataset/Epic and CSCR hospital Dataset/Train/glioma/gg (35).jpg,glioma,1
/content/drive/MyDrive/Brain_Tumor_CNN_Project/dataset/Epic and CSCR hospital Dataset/Train/notumor/Te-no_0233.jpg,notumor,0
/content/drive/MyDrive/Brain_Tumor_CNN_Project/dataset/Epic and CSCR hospital Dataset/Train/pituitary/P_733_BR_.jpg,pituitary,1
/content/drive/MyDrive/Brain_Tumor_CNN_Project/dataset/Epic and CSCR hospital Dataset/Train/glioma/G_804_RO_.jpg,glioma,1
/content/drive/MyDrive/Brain_Tumor_CNN_Project/dataset/Epic and CSCR hospital Dataset/Train/notumor/N_396.jpg,notumor,0
/content/drive/MyDrive/Brain_Tumor_CNN_Project/dataset/Epic and CSCR hospital Dataset/Train/notumor/Te-no_0279.jpg,notumor,0
/content/drive/MyDrive/Brain_Tumor_CNN_Project/dataset/Epic and CSCR hospital Dataset/Train/meningioma/Tr-me_0601.jpg,meningioma,1
/content/drive/MyDrive/Brain_Tumor_CNN_Project/dataset/Epic and CSCR hospital Dataset/Train/glioma/G_748_BR_.jpg,glioma,1
/content/drive/MyDrive/Brain_Tumor_CNN_Project/dataset/Epic and CSCR hospital Dataset/Train/notumor/Tr-no_0248.jpg,notumor,0
/content/drive/MyDrive/Brain_Tumor_CNN_Project/dataset/Epic and CSCR hospital Dataset/Train/pituitary/Tr-pi_1112.jpg,pituitary,1
/content/drive/MyDrive/Brain_Tumor_CNN_Project/dataset/Epic and CSCR hospital Dataset/Train/notumor/1788.jpg,notumor,0
/content/drive/MyDrive/Brain_Tumor_CNN_Project/dataset/Epic and CSCR hospital Dataset/Train/glioma/Tr-gl_0311.jpg,glioma,1
/content/drive/MyDrive/Brain_Tumor_CNN_Project/dataset/Epic and CSCR hospital Dataset/Train/pituitary/Tr-pi_1292.jpg,pituitary,1
/content/drive/MyDrive/Brain_Tumor_CNN_Project/dataset/Epic and CSCR hospital Dataset/Train/notumor/Tr-no_0565.jpg,notumor,0
/content/drive/MyDrive/Brain_Tumor_CNN_Project/dataset/Epic and CSCR hospital Dataset/Train/glioma/G_885_RO_.jpg,glioma,1
/content/drive/MyDrive/Brain_Tumor_CNN_Project/dataset/Epic and CSCR hospital Dataset/Train/glioma/Tr-gl_0437.jpg,glioma,1
/content/drive/MyDrive/Brain_Tumor_CNN_Project/dataset/Epic and CSCR hospital Dataset/Train/meningioma/Tr-me_0130.jpg,meningioma,1
/content/drive/MyDrive/Brain_Tumor_CNN_Project/dataset/Epic and CSCR hospital Dataset/Train/pituitary/Tr-pi_0533.jpg,pituitary,1
/content/drive/MyDrive/Brain_Tumor_CNN_Project/dataset/Epic and CSCR hospital Dataset/Train/pituitary/Tr-pi_0736.jpg,pituitary,1
/content/drive/MyDrive/Brain_Tumor_CNN_Project/dataset/Epic and CSCR hospital Dataset/Train/pituitary/P_742_RO_.jpg,pituitary,1
/content/drive/MyDrive/Brain_Tumor_CNN_Project/dataset/Epic and CSCR hospital Dataset/Train/glioma/Tr-gl_1143.jpg,glioma,1
/content/drive/MyDrive/Brain_Tumor_CNN_Project/dataset/Epic and CSCR hospital Dataset/Train/meningioma/Tr-me_0088.jpg,meningioma,1
/content/drive/MyDrive/Brain_Tumor_CNN_Project/dataset/Epic and CSCR hospital Dataset/Train/meningioma/1443.jpg,meningioma,1
/content/drive/MyDrive/Brain_Tumor_CNN_Project/dataset/Epic and CSCR hospital Dataset/Train/meningioma/m3 (173).jpg,meningioma,1
/content/drive/MyDrive/Brain_Tumor_CNN_Project/dataset/Epic and CSCR hospital Dataset/Train/glioma/G_88_BR_.jpg,glioma,1
/content/drive/MyDrive/Brain_Tumor_CNN_Project/dataset/Epic and CSCR hospital Dataset/Train/glioma/G_776_VF_.jpg,glioma,1
/content/drive/MyDrive/Brain_Tumor_CNN_Project/dataset/Epic and CSCR hospital Dataset/Train/notumor/Tr-no_0304.jpg,notumor,0
/content/drive/MyDrive/Brain_Tumor_CNN_Project/dataset/Epic and CSCR hospital Dataset/Train/glioma/G_745_HF_.jpg,glioma,1
/content/drive/MyDrive/Brain_Tumor_CNN_Project/dataset/Epic and CSCR hospital Dataset/Train/meningioma/Tr-me_0938.jpg,meningioma,1
/content/drive/MyDrive/Brain_Tumor_CNN_Project/dataset/Epic and CSCR hospital Dataset/Train/meningioma/Tr-me_1192.jpg,meningioma,1
/content/drive/MyDrive/Brain_Tumor_CNN_Project/dataset/Epic and CSCR hospital Dataset/Train/glioma/G_773_RO_.jpg,glioma,1
/content/drive/MyDrive/Brain_Tumor_CNN_Project/dataset/Epic and CSCR hospital Dataset/Train/pituitary/Tr-pi_0273.jpg,pituitary,1
/content/drive/MyDrive/Brain_Tumor_CNN_Project/dataset/Epic and CSCR hospital Dataset/Train/pituitary/Tr-pi_1304.jpg,pituitary,1
/content/drive/MyDrive/Brain_Tumor_CNN_Project/dataset/Epic and CSCR hospital Dataset/Train/glioma/gg (450).jpg,glioma,1
/content/drive/MyDrive/Brain_Tumor_CNN_Project/dataset/Epic and CSCR hospital Dataset/Train/pituitary/P_71_BR_.jpg,pituitary,1
/content/drive/MyDrive/Brain_Tumor_CNN_Project/dataset/Epic and CSCR hospital Dataset/Train/pituitary/P_779_HF_.jpg,pituitary,1
/content/drive/MyDrive/Brain_Tumor_CNN_Project/dataset/Epic and CSCR hospital Dataset/Train/meningioma/m2 (156).jpg,meningioma,1
/content/drive/MyDrive/Brain_Tumor_CNN_Project/dataset/Epic and CSCR hospital Dataset/Train/notumor/Te-no_0120.jpg,notumor,0
/content/drive/MyDrive/Brain_Tumor_CNN_Project/dataset/Epic and CSCR hospital Dataset/Train/notumor/Te-no_0285.jpg,notumor,0
/content/drive/MyDrive/Brain_Tumor_CNN_Project/dataset/Epic and CSCR hospital Dataset/Train/notumor/Tr-no_0284.jpg,notumor,0
/content/drive/MyDrive/Brain_Tumor_CNN_Project/dataset/Epic and CSCR hospital Dataset/Train/pituitary/P_774_BR_.jpg,pituitary,1
/content/drive/MyDrive/Brain_Tumor_CNN_Project/dataset/Epic and CSCR hospital Dataset/Train/glioma/G_719_DA_.jpg,glioma,1
/content/drive/MyDrive/Brain_Tumor_CNN_Project/dataset/Epic and CSCR hospital Dataset/Train/meningioma/M_857_DA_.jpg,meningioma,1
/content/drive/MyDrive/Brain_Tumor_CNN_Project/dataset/Epic and CSCR hospital Dataset/Train/glioma/G_819_BR_.jpg,glioma,1
/content/drive/MyDrive/Brain_Tumor_CNN_Project/dataset/Epic and CSCR hospital Dataset/Train/meningioma/Te-me_0151.jpg,meningioma,1
/content/drive/MyDrive/Brain_Tumor_CNN_Project/dataset/Epic and CSCR hospital Dataset/Train/glioma/G_845_HF_.jpg,glioma,1
/content/drive/MyDrive/Brain_Tumor_CNN_Project/dataset/Epic and CSCR hospital Dataset/Train/pituitary/p (561).jpg,pituitary,1
/content/drive/MyDrive/Brain_Tumor_CNN_Project/dataset/Epic and CSCR hospital Dataset/Train/glioma/G_815_SP_.jpg,glioma,1
/content/drive/MyDrive/Brain_Tumor_CNN_Project/dataset/Epic and CSCR hospital Dataset/Train/meningioma/Tr-me_1259.jpg,meningioma,1
/content/drive/MyDrive/Brain_Tumor_CNN_Project/dataset/Epic and CSCR hospital Dataset/Train/pituitary/P_714_SP_.jpg,pituitary,1
/content/drive/MyDrive/Brain_Tumor_CNN_Project/dataset/Epic and CSCR hospital Dataset/Train/pituitary/P_817_VF_.jpg,pituitary,1
/content/drive/MyDrive/Brain_Tumor_CNN_Project/dataset/Epic and CSCR hospital Dataset/Train/meningioma/m3 (151).jpg,meningioma,1
/content/drive/MyDrive/Brain_Tumor_CNN_Project/dataset/Epic and CSCR hospital Dataset/Train/pituitary/Tr-pi_1277.jpg,pituitary,1
/content/drive/MyDrive/Brain_Tumor_CNN_Project/dataset/Epic and CSCR hospital Dataset/Train/glioma/gg (532).jpg,glioma,1
/content/drive/MyDrive/Brain_Tumor_CNN_Project/dataset/Epic and CSCR hospital Dataset/Train/notumor/Te-no_0243.jpg,notumor,0
/content/drive/MyDrive/Brain_Tumor_CNN_Project/dataset/Epic and CSCR hospital Dataset/Train/pituitary/Tr-pi_1360.jpg,pituitary,1
/content/drive/MyDrive/Brain_Tumor_CNN_Project/dataset/Epic and CSCR hospital Dataset/Train/meningioma/M_850_DA_.jpg,meningioma,1
/content/drive/MyDrive/Brain_Tumor_CNN_Project/dataset/Epic and CSCR hospital Dataset/Train/notumor/Tr-no_0467.jpg,notumor,0
/content/drive/MyDrive/Brain_Tumor_CNN_Project/dataset/Epic and CSCR hospital Dataset/Train/pituitary/Tr-pi_0154.jpg,pituitary,1
/content/drive/MyDrive/Brain_Tumor_CNN_Project/dataset/Epic and CSCR hospital Dataset/Train/glioma/Tr-gl_0222.jpg,glioma,1
/content/drive/MyDrive/Brain_Tumor_CNN_Project/dataset/Epic and CSCR hospital Dataset/Train/glioma/G_796_HF_.jpg,glioma,1
/content/drive/MyDrive/Brain_Tumor_CNN_Project/dataset/Epic and CSCR hospital Dataset/Train/glioma/G_819.jpg,glioma,1
/content/drive/MyDrive/Brain_Tumor_CNN_Project/dataset/Epic and CSCR hospital Dataset/Train/meningioma/Tr-me_1169.jpg,meningioma,1
/content/drive/MyDrive/Brain_Tumor_CNN_Project/dataset/Epic and CSCR hospital Dataset/Train/notumor/Te-no_0069.jpg,notumor,0
/content/drive/MyDrive/Brain_Tumor_CNN_Project/dataset/Epic and CSCR hospital Dataset/Train/notumor/Tr-no_0641.jpg,notumor,0
/content/drive/MyDrive/Brain_Tumor_CNN_Project/dataset/Epic and CSCR hospital Dataset/Train/notumor/Tr-no_0296.jpg,notumor,0
/content/drive/MyDrive/Brain_Tumor_CNN_Project/dataset/Epic and CSCR hospital Dataset/Train/pituitary/P_756_RO_.jpg,pituitary,1
/content/drive/MyDrive/Brain_Tumor_CNN_Project/dataset/Epic and CSCR hospital Dataset/Train/meningioma/Tr-me_0499.jpg,meningioma,1
/content/drive/MyDrive/Brain_Tumor_CNN_Project/dataset/Epic and CSCR hospital Dataset/Train/notumor/image(163).jpg,notumor,0
/content/drive/MyDrive/Brain_Tumor_CNN_Project/dataset/Epic and CSCR hospital Dataset/Train/pituitary/Tr-pi_1324.jpg,pituitary,1
/content/drive/MyDrive/Brain_Tumor_CNN_Project/dataset/Epic and CSCR hospital Dataset/Train/meningioma/Tr-me_0190.jpg,meningioma,1
/content/drive/MyDrive/Brain_Tumor_CNN_Project/dataset/Epic and CSCR hospital Dataset/Train/glioma/Tr-gl_0640.jpg,glioma,1
/content/drive/MyDrive/Brain_Tumor_CNN_Project/dataset/Epic and CSCR hospital Dataset/Train/meningioma/m2 (2).jpg,meningioma,1
/content/drive/MyDrive/Brain_Tumor_CNN_Project/dataset/Epic and CSCR hospital Dataset/Train/glioma/Tr-gl_0183.jpg,glioma,1
/content/drive/MyDrive/Brain_Tumor_CNN_Project/dataset/Epic and CSCR hospital Dataset/Train/pituitary/P_729_RO_.jpg,pituitary,1
/content/drive/MyDrive/Brain_Tumor_CNN_Project/dataset/Epic and CSCR hospital Dataset/Train/meningioma/Tr-me_1042.jpg,meningioma,1
/content/drive/MyDrive/Brain_Tumor_CNN_Project/dataset/Epic and CSCR hospital Dataset/Train/pituitary/Tr-pi_0052.jpg,pituitary,1
/content/drive/MyDrive/Brain_Tumor_CNN_Project/dataset/Epic and CSCR hospital Dataset/Train/notumor/1631.jpg,notumor,0
/content/drive/MyDrive/Brain_Tumor_CNN_Project/dataset/Epic and CSCR hospital Dataset/Train/notumor/Tr-no_0241.jpg,notumor,0
/content/drive/MyDrive/Brain_Tumor_CNN_Project/dataset/Epic and CSCR hospital Dataset/Train/meningioma/Tr-me_0218.jpg,meningioma,1
/content/drive/MyDrive/Brain_Tumor_CNN_Project/dataset/Epic and CSCR hospital Dataset/Train/pituitary/Te-pi_0175.jpg,pituitary,1
/content/drive/MyDrive/Brain_Tumor_CNN_Project/dataset/Epic and CSCR hospital Dataset/Train/pituitary/Te-pi_0116.jpg,pituitary,1
/content/drive/MyDrive/Brain_Tumor_CNN_Project/dataset/Epic and CSCR hospital Dataset/Train/meningioma/Tr-me_0308.jpg,meningioma,1
/content/drive/MyDrive/Brain_Tumor_CNN_Project/dataset/Epic and CSCR hospital Dataset/Train/glioma/Tr-gl_1013.jpg,glioma,1
/content/drive/MyDrive/Brain_Tumor_CNN_Project/dataset/Epic and CSCR hospital Dataset/Train/pituitary/Tr-pi_0406.jpg,pituitary,1
/content/drive/MyDrive/Brain_Tumor_CNN_Project/dataset/Epic and CSCR hospital Dataset/Train/meningioma/1441.jpg,meningioma,1
/content/drive/MyDrive/Brain_Tumor_CNN_Project/dataset/Epic and CSCR hospital Dataset/Train/meningioma/m3 (148).jpg,meningioma,1
/content/drive/MyDrive/Brain_Tumor_CNN_Project/dataset/Epic and CSCR hospital Dataset/Train/pituitary/P_78_BR_.jpg,pituitary,1
/content/drive/MyDrive/Brain_Tumor_CNN_Project/dataset/Epic and CSCR hospital Dataset/Train/glioma/Te-gl_0086.jpg,glioma,1
/content/drive/MyDrive/Brain_Tumor_CNN_Project/dataset/Epic and CSCR hospital Dataset/Train/meningioma/Tr-me_1051.jpg,meningioma,1
/content/drive/MyDrive/Brain_Tumor_CNN_Project/dataset/Epic and CSCR hospital Dataset/Train/meningioma/Tr-me_0144.jpg,meningioma,1
/content/drive/MyDrive/Brain_Tumor_CNN_Project/dataset/Epic and CSCR hospital Dataset/Train/glioma/Tr-gl_0624.jpg,glioma,1
/content/drive/MyDrive/Brain_Tumor_CNN_Project/dataset/Epic and CSCR hospital Dataset/Train/notumor/Tr-no_0111.jpg,notumor,0
/content/drive/MyDrive/Brain_Tumor_CNN_Project/dataset/Epic and CSCR hospital Dataset/Train/meningioma/1341.jpg,meningioma,1
/content/drive/MyDrive/Brain_Tumor_CNN_Project/dataset/Epic and CSCR hospital Dataset/Train/glioma/Te-gl_0260.jpg,glioma,1
/content/drive/MyDrive/Brain_Tumor_CNN_Project/dataset/Epic and CSCR hospital Dataset/Train/notumor/Te-no_0078.jpg,notumor,0
/content/drive/MyDrive/Brain_Tumor_CNN_Project/dataset/Epic and CSCR hospital Dataset/Train/glioma/image(25).jpg,glioma,1
/content/drive/MyDrive/Brain_Tumor_CNN_Project/dataset/Epic and CSCR hospital Dataset/Train/notumor/Tr-no_0297.jpg,notumor,0
/content/drive/MyDrive/Brain_Tumor_CNN_Project/dataset/Epic and CSCR hospital Dataset/Train/meningioma/1435.jpg,meningioma,1
/content/drive/MyDrive/Brain_Tumor_CNN_Project/dataset/Epic and CSCR hospital Dataset/Train/pituitary/Tr-pi_0568.jpg,pituitary,1
/content/drive/MyDrive/Brain_Tumor_CNN_Project/dataset/Epic and CSCR hospital Dataset/Train/pituitary/Tr-pi_0193.jpg,pituitary,1
/content/drive/MyDrive/Brain_Tumor_CNN_Project/dataset/Epic and CSCR hospital Dataset/Train/pituitary/p (507).jpg,pituitary,1
/content/drive/MyDrive/Brain_Tumor_CNN_Project/dataset/Epic and CSCR hospital Dataset/Train/pituitary/Tr-pi_0151.jpg,pituitary,1
/content/drive/MyDrive/Brain_Tumor_CNN_Project/dataset/Epic and CSCR hospital Dataset/Train/notumor/N_385_BR_.jpg,notumor,0
/content/drive/MyDrive/Brain_Tumor_CNN_Project/dataset/Epic and CSCR hospital Dataset/Train/glioma/Te-gl_0074.jpg,glioma,1
/content/drive/MyDrive/Brain_Tumor_CNN_Project/dataset/Epic and CSCR hospital Dataset/Train/notumor/1697.jpg,notumor,0
/content/drive/MyDrive/Brain_Tumor_CNN_Project/dataset/Epic and CSCR hospital Dataset/Train/pituitary/Tr-pi_1006.jpg,pituitary,1
/content/drive/MyDrive/Brain_Tumor_CNN_Project/dataset/Epic and CSCR hospital Dataset/Train/notumor/N_433_VF_.jpg,notumor,0
/content/drive/MyDrive/Brain_Tumor_CNN_Project/dataset/Epic and CSCR hospital Dataset/Train/glioma/G_723_HF_.jpg,glioma,1
/content/drive/MyDrive/Brain_Tumor_CNN_Project/dataset/Epic and CSCR hospital Dataset/Train/glioma/Tr-gl_0084.jpg,glioma,1
/content/drive/MyDrive/Brain_Tumor_CNN_Project/dataset/Epic and CSCR hospital Dataset/Train/notumor/N_403_BR_.jpg,notumor,0
/content/drive/MyDrive/Brain_Tumor_CNN_Project/dataset/Epic and CSCR hospital Dataset/Train/notumor/Te-no_0196.jpg,notumor,0
/content/drive/MyDrive/Brain_Tumor_CNN_Project/dataset/Epic and CSCR hospital Dataset/Train/notumor/Te-no_0097.jpg,notumor,0
/content/drive/MyDrive/Brain_Tumor_CNN_Project/dataset/Epic and CSCR hospital Dataset/Train/notumor/N_369_SP_.jpg,notumor,0
/content/drive/MyDrive/Brain_Tumor_CNN_Project/dataset/Epic and CSCR hospital Dataset/Train/glioma/Tr-gl_1186.jpg,glioma,1
/content/drive/MyDrive/Brain_Tumor_CNN_Project/dataset/Epic and CSCR hospital Dataset/Train/glioma/G_721.jpg,glioma,1
/content/drive/MyDrive/Brain_Tumor_CNN_Project/dataset/Epic and CSCR hospital Dataset/Train/glioma/Tr-gl_0420.jpg,glioma,1
/content/drive/MyDrive/Brain_Tumor_CNN_Project/dataset/Epic and CSCR hospital Dataset/Train/meningioma/Tr-me_0395.jpg,meningioma,1
/content/drive/MyDrive/Brain_Tumor_CNN_Project/dataset/Epic and CSCR hospital Dataset/Train/pituitary/P_825.jpg,pituitary,1
/content/drive/MyDrive/Brain_Tumor_CNN_Project/dataset/Epic and CSCR hospital Dataset/Train/meningioma/Tr-me_0963.jpg,meningioma,1
/content/drive/MyDrive/Brain_Tumor_CNN_Project/dataset/Epic and CSCR hospital Dataset/Train/meningioma/Tr-me_1148.jpg,meningioma,1
/content/drive/MyDrive/Brain_Tumor_CNN_Project/dataset/Epic and CSCR hospital Dataset/Train/notumor/1864.jpg,notumor,0
/content/drive/MyDrive/Brain_Tumor_CNN_Project/dataset/Epic and CSCR hospital Dataset/Train/notumor/Tr-no_0269.jpg,notumor,0
/content/drive/MyDrive/Brain_Tumor_CNN_Project/dataset/Epic and CSCR hospital Dataset/Train/pituitary/Tr-pi_0654.jpg,pituitary,1
/content/drive/MyDrive/Brain_Tumor_CNN_Project/dataset/Epic and CSCR hospital Dataset/Train/meningioma/Tr-me_0993.jpg,meningioma,1
/content/drive/MyDrive/Brain_Tumor_CNN_Project/dataset/Epic and CSCR hospital Dataset/Train/pituitary/Te-pi_0068.jpg,pituitary,1
/content/drive/MyDrive/Brain_Tumor_CNN_Project/dataset/Epic and CSCR hospital Dataset/Train/pituitary/Tr-pi_1003.jpg,pituitary,1
/content/drive/MyDrive/Brain_Tumor_CNN_Project/dataset/Epic and CSCR hospital Dataset/Train/notumor/Tr-no_0335.jpg,notumor,0
/content/drive/MyDrive/Brain_Tumor_CNN_Project/dataset/Epic and CSCR hospital Dataset/Train/pituitary/p (593).jpg,pituitary,1
/content/drive/MyDrive/Brain_Tumor_CNN_Project/dataset/Epic and CSCR hospital Dataset/Train/notumor/N_430.jpg,notumor,0
/content/drive/MyDrive/Brain_Tumor_CNN_Project/dataset/Epic and CSCR hospital Dataset/Train/glioma/Tr-gl_1046.jpg,glioma,1
/content/drive/MyDrive/Brain_Tumor_CNN_Project/dataset/Epic and CSCR hospital Dataset/Train/glioma/G_800_BR_.jpg,glioma,1
/content/drive/MyDrive/Brain_Tumor_CNN_Project/dataset/Epic and CSCR hospital Dataset/Train/notumor/1773.jpg,notumor,0
/content/drive/MyDrive/Brain_Tumor_CNN_Project/dataset/Epic and CSCR hospital Dataset/Train/notumor/No15.jpg,notumor,0
/content/drive/MyDrive/Brain_Tumor_CNN_Project/dataset/Epic and CSCR hospital Dataset/Train/glioma/G_890_RO_.jpg,glioma,1
/content/drive/MyDrive/Brain_Tumor_CNN_Project/dataset/Epic and CSCR hospital Dataset/Train/meningioma/M_862_VF_.jpg,meningioma,1
/content/drive/MyDrive/Brain_Tumor_CNN_Project/dataset/Epic and CSCR hospital Dataset/Train/pituitary/Tr-pi_0642.jpg,pituitary,1
/content/drive/MyDrive/Brain_Tumor_CNN_Project/dataset/Epic and CSCR hospital Dataset/Train/pituitary/p (558).jpg,pituitary,1
/content/drive/MyDrive/Brain_Tumor_CNN_Project/dataset/Epic and CSCR hospital Dataset/Train/meningioma/Te-me_0252.jpg,meningioma,1
/content/drive/MyDrive/Brain_Tumor_CNN_Project/dataset/Epic and CSCR hospital Dataset/Train/notumor/N_411.jpg,notumor,0
/content/drive/MyDrive/Brain_Tumor_CNN_Project/dataset/Epic and CSCR hospital Dataset/Train/meningioma/m2 (68).jpg,meningioma,1
/content/drive/MyDrive/Brain_Tumor_CNN_Project/dataset/Epic and CSCR hospital Dataset/Train/meningioma/M_858_HF_.jpg,meningioma,1
/content/drive/MyDrive/Brain_Tumor_CNN_Project/dataset/Epic and CSCR hospital Dataset/Train/pituitary/Tr-pi_1231.jpg,pituitary,1
/content/drive/MyDrive/Brain_Tumor_CNN_Project/dataset/Epic and CSCR hospital Dataset/Train/notumor/N_421.jpg,notumor,0
/content/drive/MyDrive/Brain_Tumor_CNN_Project/dataset/Epic and CSCR hospital Dataset/Train/pituitary/P_787_SP_.jpg,pituitary,1
/content/drive/MyDrive/Brain_Tumor_CNN_Project/dataset/Epic and CSCR hospital Dataset/Train/meningioma/m2 (134).jpg,meningioma,1
/content/drive/MyDrive/Brain_Tumor_CNN_Project/dataset/Epic and CSCR hospital Dataset/Train/pituitary/P_801_VF_.jpg,pituitary,1
/content/drive/MyDrive/Brain_Tumor_CNN_Project/dataset/Epic and CSCR hospital Dataset/Train/notumor/N_423_BR_.jpg,notumor,0
/content/drive/MyDrive/Brain_Tumor_CNN_Project/dataset/Epic and CSCR hospital Dataset/Train/notumor/Te-no_0190.jpg,notumor,0
/content/drive/MyDrive/Brain_Tumor_CNN_Project/dataset/Epic and CSCR hospital Dataset/Train/pituitary/P_755_BR_.jpg,pituitary,1
/content/drive/MyDrive/Brain_Tumor_CNN_Project/dataset/Epic and CSCR hospital Dataset/Train/glioma/Tr-gl_0474.jpg,glioma,1
/content/drive/MyDrive/Brain_Tumor_CNN_Project/dataset/Epic and CSCR hospital Dataset/Train/notumor/Te-no_0156.jpg,notumor,0
/content/drive/MyDrive/Brain_Tumor_CNN_Project/dataset/Epic and CSCR hospital Dataset/Train/glioma/Tr-gl_0634.jpg,glioma,1
/content/drive/MyDrive/Brain_Tumor_CNN_Project/dataset/Epic and CSCR hospital Dataset/Train/notumor/N_405.jpg,notumor,0
/content/drive/MyDrive/Brain_Tumor_CNN_Project/dataset/Epic and CSCR hospital Dataset/Train/notumor/N_385.jpg,notumor,0
/content/drive/MyDrive/Brain_Tumor_CNN_Project/dataset/Epic and CSCR hospital Dataset/Train/glioma/G_851_RO_.jpg,glioma,1
/content/drive/MyDrive/Brain_Tumor_CNN_Project/dataset/Epic and CSCR hospital Dataset/Train/meningioma/Tr-me_1009.jpg,meningioma,1
/content/drive/MyDrive/Brain_Tumor_CNN_Project/dataset/Epic and CSCR hospital Dataset/Train/meningioma/M_854_VF_.jpg,meningioma,1
/content/drive/MyDrive/Brain_Tumor_CNN_Project/dataset/Epic and CSCR hospital Dataset/Train/glioma/Te-gl_0068.jpg,glioma,1
/content/drive/MyDrive/Brain_Tumor_CNN_Project/dataset/Epic and CSCR hospital Dataset/Train/meningioma/m3 (13).jpg,meningioma,1
/content/drive/MyDrive/Brain_Tumor_CNN_Project/dataset/Epic and CSCR hospital Dataset/Train/notumor/1655.jpg,notumor,0
/content/drive/MyDrive/Brain_Tumor_CNN_Project/dataset/Epic and CSCR hospital Dataset/Train/pituitary/P_760_SP_.jpg,pituitary,1
/content/drive/MyDrive/Brain_Tumor_CNN_Project/dataset/Epic and CSCR hospital Dataset/Train/meningioma/Tr-me_0169.jpg,meningioma,1
/content/drive/MyDrive/Brain_Tumor_CNN_Project/dataset/Epic and CSCR hospital Dataset/Train/pituitary/Tr-pi_0352.jpg,pituitary,1
/content/drive/MyDrive/Brain_Tumor_CNN_Project/dataset/Epic and CSCR hospital Dataset/Train/glioma/Tr-gl_1072.jpg,glioma,1
/content/drive/MyDrive/Brain_Tumor_CNN_Project/dataset/Epic and CSCR hospital Dataset/Train/meningioma/M_849_VF_.jpg,meningioma,1
/content/drive/MyDrive/Brain_Tumor_CNN_Project/dataset/Epic and CSCR hospital Dataset/Train/notumor/1716.jpg,notumor,0
/content/drive/MyDrive/Brain_Tumor_CNN_Project/dataset/Epic and CSCR hospital Dataset/Train/meningioma/m2 (64).jpg,meningioma,1
/content/drive/MyDrive/Brain_Tumor_CNN_Project/dataset/Epic and CSCR hospital Dataset/Train/notumor/N_412_BR_.jpg,notumor,0
/content/drive/MyDrive/Brain_Tumor_CNN_Project/dataset/Epic and CSCR hospital Dataset/Train/notumor/Te-no_0091.jpg,notumor,0
/content/drive/MyDrive/Brain_Tumor_CNN_Project/dataset/Epic and CSCR hospital Dataset/Train/notumor/1630.jpg,notumor,0
/content/drive/MyDrive/Brain_Tumor_CNN_Project/dataset/Epic and CSCR hospital Dataset/Train/pituitary/P_772_VF_.jpg,pituitary,1
/content/drive/MyDrive/Brain_Tumor_CNN_Project/dataset/Epic and CSCR hospital Dataset/Train/notumor/N_38_VF_.jpg,notumor,0
/content/drive/MyDrive/Brain_Tumor_CNN_Project/dataset/Epic and CSCR hospital Dataset/Train/pituitary/P_794_HF_.jpg,pituitary,1
/content/drive/MyDrive/Brain_Tumor_CNN_Project/dataset/Epic and CSCR hospital Dataset/Train/glioma/gg (377).jpg,glioma,1
/content/drive/MyDrive/Brain_Tumor_CNN_Project/dataset/Epic and CSCR hospital Dataset/Train/pituitary/Tr-pi_0448.jpg,pituitary,1
/content/drive/MyDrive/Brain_Tumor_CNN_Project/dataset/Epic and CSCR hospital Dataset/Train/notumor/1755.jpg,notumor,0
/content/drive/MyDrive/Brain_Tumor_CNN_Project/dataset/Epic and CSCR hospital Dataset/Train/meningioma/m2 (22).jpg,meningioma,1
/content/drive/MyDrive/Brain_Tumor_CNN_Project/dataset/Epic and CSCR hospital Dataset/Train/notumor/Tr-no_0579.jpg,notumor,0
/content/drive/MyDrive/Brain_Tumor_CNN_Project/dataset/Epic and CSCR hospital Dataset/Train/pituitary/Tr-pi_0389.jpg,pituitary,1
/content/drive/MyDrive/Brain_Tumor_CNN_Project/dataset/Epic and CSCR hospital Dataset/Train/glioma/Tr-gl_0501.jpg,glioma,1
/content/drive/MyDrive/Brain_Tumor_CNN_Project/dataset/Epic and CSCR hospital Dataset/Train/glioma/G_787_BR_.jpg,glioma,1
/content/drive/MyDrive/Brain_Tumor_CNN_Project/dataset/Epic and CSCR hospital Dataset/Train/meningioma/m3 (187).jpg,meningioma,1
/content/drive/MyDrive/Brain_Tumor_CNN_Project/dataset/Epic and CSCR hospital Dataset/Train/meningioma/m2 (138).jpg,meningioma,1
/content/drive/MyDrive/Brain_Tumor_CNN_Project/dataset/Epic and CSCR hospital Dataset/Train/pituitary/P_796_RO_.jpg,pituitary,1
/content/drive/MyDrive/Brain_Tumor_CNN_Project/dataset/Epic and CSCR hospital Dataset/Train/meningioma/Te-me_0197.jpg,meningioma,1
/content/drive/MyDrive/Brain_Tumor_CNN_Project/dataset/Epic and CSCR hospital Dataset/Train/pituitary/Te-pi_0203.jpg,pituitary,1
/content/drive/MyDrive/Brain_Tumor_CNN_Project/dataset/Epic and CSCR hospital Dataset/Train/meningioma/1304.jpg,meningioma,1
/content/drive/MyDrive/Brain_Tumor_CNN_Project/dataset/Epic and CSCR hospital Dataset/Train/glioma/G_854_HF_.jpg,glioma,1
/content/drive/MyDrive/Brain_Tumor_CNN_Project/dataset/Epic and CSCR hospital Dataset/Train/glioma/Tr-gl_0213.jpg,glioma,1
/content/drive/MyDrive/Brain_Tumor_CNN_Project/dataset/Epic and CSCR hospital Dataset/Train/glioma/gg (46).jpg,glioma,1
/content/drive/MyDrive/Brain_Tumor_CNN_Project/dataset/Epic and CSCR hospital Dataset/Train/notumor/Tr-no_0126.jpg,notumor,0
/content/drive/MyDrive/Brain_Tumor_CNN_Project/dataset/Epic and CSCR hospital Dataset/Train/pituitary/Tr-pi_0598.jpg,pituitary,1
/content/drive/MyDrive/Brain_Tumor_CNN_Project/dataset/Epic and CSCR hospital Dataset/Train/glioma/gg (641).jpg,glioma,1
/content/drive/MyDrive/Brain_Tumor_CNN_Project/dataset/Epic and CSCR hospital Dataset/Train/meningioma/Tr-me_0176.jpg,meningioma,1
/content/drive/MyDrive/Brain_Tumor_CNN_Project/dataset/Epic and CSCR hospital Dataset/Train/pituitary/Tr-pi_0759.jpg,pituitary,1
/content/drive/MyDrive/Brain_Tumor_CNN_Project/dataset/Epic and CSCR hospital Dataset/Train/pituitary/Tr-pi_0088.jpg,pituitary,1
/content/drive/MyDrive/Brain_Tumor_CNN_Project/dataset/Epic and CSCR hospital Dataset/Train/pituitary/p (556).jpg,pituitary,1
/content/drive/MyDrive/Brain_Tumor_CNN_Project/dataset/Epic and CSCR hospital Dataset/Train/meningioma/Te-me_0069.jpg,meningioma,1
/content/drive/MyDrive/Brain_Tumor_CNN_Project/dataset/Epic and CSCR hospital Dataset/Train/glioma/G_869.jpg,glioma,1
/content/drive/MyDrive/Brain_Tumor_CNN_Project/dataset/Epic and CSCR hospital Dataset/Train/pituitary/P_793_DA_.jpg,pituitary,1
/content/drive/MyDrive/Brain_Tumor_CNN_Project/dataset/Epic and CSCR hospital Dataset/Train/notumor/Tr-no_0076.jpg,notumor,0
/content/drive/MyDrive/Brain_Tumor_CNN_Project/dataset/Epic and CSCR hospital Dataset/Train/glioma/G_789_SP_.jpg,glioma,1
/content/drive/MyDrive/Brain_Tumor_CNN_Project/dataset/Epic and CSCR hospital Dataset/Train/glioma/Tr-gl_0444.jpg,glioma,1
/content/drive/MyDrive/Brain_Tumor_CNN_Project/dataset/Epic and CSCR hospital Dataset/Train/glioma/G_834_HF_.jpg,glioma,1
/content/drive/MyDrive/Brain_Tumor_CNN_Project/dataset/Epic and CSCR hospital Dataset/Train/glioma/Tr-gl_1147.jpg,glioma,1
/content/drive/MyDrive/Brain_Tumor_CNN_Project/dataset/Epic and CSCR hospital Dataset/Train/glioma/G_780_SP_.jpg,glioma,1
/content/drive/MyDrive/Brain_Tumor_CNN_Project/dataset/Epic and CSCR hospital Dataset/Train/glioma/Tr-gl_0543.jpg,glioma,1
/content/drive/MyDrive/Brain_Tumor_CNN_Project/dataset/Epic and CSCR hospital Dataset/Train/pituitary/P_811_BR_.jpg,pituitary,1
/content/drive/MyDrive/Brain_Tumor_CNN_Project/dataset/Epic and CSCR hospital Dataset/Train/glioma/G_885_VF_.jpg,glioma,1
/content/drive/MyDrive/Brain_Tumor_CNN_Project/dataset/Epic and CSCR hospital Dataset/Train/meningioma/Te-me_0181.jpg,meningioma,1
/content/drive/MyDrive/Brain_Tumor_CNN_Project/dataset/Epic and CSCR hospital Dataset/Train/meningioma/M_842_HF_.jpg,meningioma,1
/content/drive/MyDrive/Brain_Tumor_CNN_Project/dataset/Epic and CSCR hospital Dataset/Train/meningioma/Tr-me_0602.jpg,meningioma,1
/content/drive/MyDrive/Brain_Tumor_CNN_Project/dataset/Epic and CSCR hospital Dataset/Train/notumor/1752.jpg,notumor,0
/content/drive/MyDrive/Brain_Tumor_CNN_Project/dataset/Epic and CSCR hospital Dataset/Train/meningioma/M_824_HF_.jpg,meningioma,1
/content/drive/MyDrive/Brain_Tumor_CNN_Project/dataset/Epic and CSCR hospital Dataset/Train/glioma/Te-gl_0235.jpg,glioma,1
/content/drive/MyDrive/Brain_Tumor_CNN_Project/dataset/Epic and CSCR hospital Dataset/Train/pituitary/P_83_HF_.jpg,pituitary,1
/content/drive/MyDrive/Brain_Tumor_CNN_Project/dataset/Epic and CSCR hospital Dataset/Train/notumor/N_398.jpg,notumor,0
/content/drive/MyDrive/Brain_Tumor_CNN_Project/dataset/Epic and CSCR hospital Dataset/Train/pituitary/P_828_RO_.jpg,pituitary,1
/content/drive/MyDrive/Brain_Tumor_CNN_Project/dataset/Epic and CSCR hospital Dataset/Train/pituitary/P_780_DA_.jpg,pituitary,1
/content/drive/MyDrive/Brain_Tumor_CNN_Project/dataset/Epic and CSCR hospital Dataset/Train/pituitary/p (548).jpg,pituitary,1
/content/drive/MyDrive/Brain_Tumor_CNN_Project/dataset/Epic and CSCR hospital Dataset/Train/pituitary/Tr-pi_1262.jpg,pituitary,1
/content/drive/MyDrive/Brain_Tumor_CNN_Project/dataset/Epic and CSCR hospital Dataset/Train/glioma/Te-gl_0139.jpg,glioma,1
/content/drive/MyDrive/Brain_Tumor_CNN_Project/dataset/Epic and CSCR hospital Dataset/Train/glioma/G_808_SP_.jpg,glioma,1
/content/drive/MyDrive/Brain_Tumor_CNN_Project/dataset/Epic and CSCR hospital Dataset/Train/pituitary/Tr-pi_0174.jpg,pituitary,1
/content/drive/MyDrive/Brain_Tumor_CNN_Project/dataset/Epic and CSCR hospital Dataset/Train/notumor/N_423_VF_.jpg,notumor,0
/content/drive/MyDrive/Brain_Tumor_CNN_Project/dataset/Epic and CSCR hospital Dataset/Train/glioma/G_728_DA_.jpg,glioma,1
/content/drive/MyDrive/Brain_Tumor_CNN_Project/dataset/Epic and CSCR hospital Dataset/Train/meningioma/M_887_VF_.jpg,meningioma,1
/content/drive/MyDrive/Brain_Tumor_CNN_Project/dataset/Epic and CSCR hospital Dataset/Train/notumor/Te-no_0199.jpg,notumor,0
/content/drive/MyDrive/Brain_Tumor_CNN_Project/dataset/Epic and CSCR hospital Dataset/Train/pituitary/Tr-pi_1212.jpg,pituitary,1
/content/drive/MyDrive/Brain_Tumor_CNN_Project/dataset/Epic and CSCR hospital Dataset/Train/meningioma/Tr-me_0390.jpg,meningioma,1
/content/drive/MyDrive/Brain_Tumor_CNN_Project/dataset/Epic and CSCR hospital Dataset/Train/pituitary/Tr-pi_0575.jpg,pituitary,1
/content/drive/MyDrive/Brain_Tumor_CNN_Project/dataset/Epic and CSCR hospital Dataset/Train/meningioma/m2 (126).jpg,meningioma,1
/content/drive/MyDrive/Brain_Tumor_CNN_Project/dataset/Epic and CSCR hospital Dataset/Train/glioma/G_880_HF_.jpg,glioma,1
/content/drive/MyDrive/Brain_Tumor_CNN_Project/dataset/Epic and CSCR hospital Dataset/Train/meningioma/Tr-me_0266.jpg,meningioma,1
/content/drive/MyDrive/Brain_Tumor_CNN_Project/dataset/Epic and CSCR hospital Dataset/Train/glioma/Tr-gl_1140.jpg,glioma,1
/content/drive/MyDrive/Brain_Tumor_CNN_Project/dataset/Epic and CSCR hospital Dataset/Train/glioma/G_872.jpg,glioma,1
/content/drive/MyDrive/Brain_Tumor_CNN_Project/dataset/Epic and CSCR hospital Dataset/Train/pituitary/Tr-pi_1244.jpg,pituitary,1
/content/drive/MyDrive/Brain_Tumor_CNN_Project/dataset/Epic and CSCR hospital Dataset/Train/notumor/Te-no_0093.jpg,notumor,0
/content/drive/MyDrive/Brain_Tumor_CNN_Project/dataset/Epic and CSCR hospital Dataset/Train/pituitary/P_746_RO_.jpg,pituitary,1
/content/drive/MyDrive/Brain_Tumor_CNN_Project/dataset/Epic and CSCR hospital Dataset/Train/notumor/N_376_VF_.jpg,notumor,0
/content/drive/MyDrive/Brain_Tumor_CNN_Project/dataset/Epic and CSCR hospital Dataset/Train/glioma/Tr-gl_1023.jpg,glioma,1
/content/drive/MyDrive/Brain_Tumor_CNN_Project/dataset/Epic and CSCR hospital Dataset/Train/glioma/Tr-gl_0888.jpg,glioma,1
/content/drive/MyDrive/Brain_Tumor_CNN_Project/dataset/Epic and CSCR hospital Dataset/Train/pituitary/P_804_DA_.jpg,pituitary,1
/content/drive/MyDrive/Brain_Tumor_CNN_Project/dataset/Epic and CSCR hospital Dataset/Train/pituitary/P_808_BR_.jpg,pituitary,1
/content/drive/MyDrive/Brain_Tumor_CNN_Project/dataset/Epic and CSCR hospital Dataset/Train/meningioma/M_878_RO_.jpg,meningioma,1
/content/drive/MyDrive/Brain_Tumor_CNN_Project/dataset/Epic and CSCR hospital Dataset/Train/meningioma/Tr-me_0377.jpg,meningioma,1
/content/drive/MyDrive/Brain_Tumor_CNN_Project/dataset/Epic and CSCR hospital Dataset/Train/meningioma/Tr-me_1135.jpg,meningioma,1
/content/drive/MyDrive/Brain_Tumor_CNN_Project/dataset/Epic and CSCR hospital Dataset/Train/notumor/Te-no_0178.jpg,notumor,0
/content/drive/MyDrive/Brain_Tumor_CNN_Project/dataset/Epic and CSCR hospital Dataset/Train/glioma/G_784_VF_.jpg,glioma,1
/content/drive/MyDrive/Brain_Tumor_CNN_Project/dataset/Epic and CSCR hospital Dataset/Train/notumor/Te-no_0191.jpg,notumor,0
/content/drive/MyDrive/Brain_Tumor_CNN_Project/dataset/Epic and CSCR hospital Dataset/Train/meningioma/M_851_HF_.jpg,meningioma,1
/content/drive/MyDrive/Brain_Tumor_CNN_Project/dataset/Epic and CSCR hospital Dataset/Train/glioma/G_738.jpg,glioma,1
/content/drive/MyDrive/Brain_Tumor_CNN_Project/dataset/Epic and CSCR hospital Dataset/Train/pituitary/Tr-pi_0649.jpg,pituitary,1
/content/drive/MyDrive/Brain_Tumor_CNN_Project/dataset/Epic and CSCR hospital Dataset/Train/meningioma/m2 (125).jpg,meningioma,1
/content/drive/MyDrive/Brain_Tumor_CNN_Project/dataset/Epic and CSCR hospital Dataset/Train/meningioma/M_834_RO_.jpg,meningioma,1
/content/drive/MyDrive/Brain_Tumor_CNN_Project/dataset/Epic and CSCR hospital Dataset/Train/pituitary/P_740_BR_.jpg,pituitary,1
/content/drive/MyDrive/Brain_Tumor_CNN_Project/dataset/Epic and CSCR hospital Dataset/Train/meningioma/Tr-me_1124.jpg,meningioma,1
/content/drive/MyDrive/Brain_Tumor_CNN_Project/dataset/Epic and CSCR hospital Dataset/Train/pituitary/Tr-pi_0420.jpg,pituitary,1
/content/drive/MyDrive/Brain_Tumor_CNN_Project/dataset/Epic and CSCR hospital Dataset/Train/meningioma/M_833_VF_.jpg,meningioma,1
/content/drive/MyDrive/Brain_Tumor_CNN_Project/dataset/Epic and CSCR hospital Dataset/Train/pituitary/P_773_VF_.jpg,pituitary,1
/content/drive/MyDrive/Brain_Tumor_CNN_Project/dataset/Epic and CSCR hospital Dataset/Train/notumor/Tr-no_0270.jpg,notumor,0
/content/drive/MyDrive/Brain_Tumor_CNN_Project/dataset/Epic and CSCR hospital Dataset/Train/pituitary/Tr-pi_1077.jpg,pituitary,1
/content/drive/MyDrive/Brain_Tumor_CNN_Project/dataset/Epic and CSCR hospital Dataset/Train/notumor/N_381_VF_.jpg,notumor,0
/content/drive/MyDrive/Brain_Tumor_CNN_Project/dataset/Epic and CSCR hospital Dataset/Train/glioma/Tr-gl_0977.jpg,glioma,1
/content/drive/MyDrive/Brain_Tumor_CNN_Project/dataset/Epic and CSCR hospital Dataset/Train/pituitary/Tr-pi_1191.jpg,pituitary,1
/content/drive/MyDrive/Brain_Tumor_CNN_Project/dataset/Epic and CSCR hospital Dataset/Train/glioma/G_753.jpg,glioma,1
/content/drive/MyDrive/Brain_Tumor_CNN_Project/dataset/Epic and CSCR hospital Dataset/Train/glioma/G_716_DA_.jpg,glioma,1
/content/drive/MyDrive/Brain_Tumor_CNN_Project/dataset/Epic and CSCR hospital Dataset/Train/notumor/Tr-no_0609.jpg,notumor,0
/content/drive/MyDrive/Brain_Tumor_CNN_Project/dataset/Epic and CSCR hospital Dataset/Train/meningioma/Tr-me_1220.jpg,meningioma,1
/content/drive/MyDrive/Brain_Tumor_CNN_Project/dataset/Epic and CSCR hospital Dataset/Train/notumor/Tr-no_0030.jpg,notumor,0
/content/drive/MyDrive/Brain_Tumor_CNN_Project/dataset/Epic and CSCR hospital Dataset/Train/notumor/N_394_BR_.jpg,notumor,0
/content/drive/MyDrive/Brain_Tumor_CNN_Project/dataset/Epic and CSCR hospital Dataset/Train/glioma/Te-gl_0165.jpg,glioma,1
/content/drive/MyDrive/Brain_Tumor_CNN_Project/dataset/Epic and CSCR hospital Dataset/Train/pituitary/Tr-pi_1040.jpg,pituitary,1
/content/drive/MyDrive/Brain_Tumor_CNN_Project/dataset/Epic and CSCR hospital Dataset/Train/notumor/N_45_RO_.jpg,notumor,0
/content/drive/MyDrive/Brain_Tumor_CNN_Project/dataset/Epic and CSCR hospital Dataset/Train/glioma/G_877_SP_.jpg,glioma,1
/content/drive/MyDrive/Brain_Tumor_CNN_Project/dataset/Epic and CSCR hospital Dataset/Train/notumor/Tr-no_0282.jpg,notumor,0
/content/drive/MyDrive/Brain_Tumor_CNN_Project/dataset/Epic and CSCR hospital Dataset/Train/pituitary/P_756_HF_.jpg,pituitary,1
/content/drive/MyDrive/Brain_Tumor_CNN_Project/dataset/Epic and CSCR hospital Dataset/Train/meningioma/Tr-me_0922.jpg,meningioma,1
/content/drive/MyDrive/Brain_Tumor_CNN_Project/dataset/Epic and CSCR hospital Dataset/Train/notumor/Tr-no_0597.jpg,notumor,0
/content/drive/MyDrive/Brain_Tumor_CNN_Project/dataset/Epic and CSCR hospital Dataset/Train/meningioma/M_835_VF_.jpg,meningioma,1
/content/drive/MyDrive/Brain_Tumor_CNN_Project/dataset/Epic and CSCR hospital Dataset/Train/pituitary/Tr-pi_0268.jpg,pituitary,1
/content/drive/MyDrive/Brain_Tumor_CNN_Project/dataset/Epic and CSCR hospital Dataset/Train/meningioma/Tr-me_0937.jpg,meningioma,1
/content/drive/MyDrive/Brain_Tumor_CNN_Project/dataset/Epic and CSCR hospital Dataset/Train/glioma/G_786_DA_.jpg,glioma,1
/content/drive/MyDrive/Brain_Tumor_CNN_Project/dataset/Epic and CSCR hospital Dataset/Train/glioma/Tr-gl_1031.jpg,glioma,1
/content/drive/MyDrive/Brain_Tumor_CNN_Project/dataset/Epic and CSCR hospital Dataset/Train/pituitary/P_828_BR_.jpg,pituitary,1
/content/drive/MyDrive/Brain_Tumor_CNN_Project/dataset/Epic and CSCR hospital Dataset/Train/meningioma/Tr-me_0095.jpg,meningioma,1
/content/drive/MyDrive/Brain_Tumor_CNN_Project/dataset/Epic and CSCR hospital Dataset/Train/pituitary/P_770_HF_.jpg,pituitary,1
/content/drive/MyDrive/Brain_Tumor_CNN_Project/dataset/Epic and CSCR hospital Dataset/Train/glioma/Tr-gl_0190.jpg,glioma,1
/content/drive/MyDrive/Brain_Tumor_CNN_Project/dataset/Epic and CSCR hospital Dataset/Train/glioma/G_808_HF_.jpg,glioma,1
/content/drive/MyDrive/Brain_Tumor_CNN_Project/dataset/Epic and CSCR hospital Dataset/Train/pituitary/p (511).jpg,pituitary,1
/content/drive/MyDrive/Brain_Tumor_CNN_Project/dataset/Epic and CSCR hospital Dataset/Train/meningioma/Te-me_0087.jpg,meningioma,1
/content/drive/MyDrive/Brain_Tumor_CNN_Project/dataset/Epic and CSCR hospital Dataset/Train/pituitary/Te-pi_0132.jpg,pituitary,1
/content/drive/MyDrive/Brain_Tumor_CNN_Project/dataset/Epic and CSCR hospital Dataset/Train/pituitary/P_763_SP_.jpg,pituitary,1
/content/drive/MyDrive/Brain_Tumor_CNN_Project/dataset/Epic and CSCR hospital Dataset/Train/meningioma/Tr-me_0417.jpg,meningioma,1
/content/drive/MyDrive/Brain_Tumor_CNN_Project/dataset/Epic and CSCR hospital Dataset/Train/notumor/Tr-no_0208.jpg,notumor,0
/content/drive/MyDrive/Brain_Tumor_CNN_Project/dataset/Epic and CSCR hospital Dataset/Train/glioma/G_780.jpg,glioma,1
/content/drive/MyDrive/Brain_Tumor_CNN_Project/dataset/Epic and CSCR hospital Dataset/Train/glioma/G_785_HF_.jpg,glioma,1
/content/drive/MyDrive/Brain_Tumor_CNN_Project/dataset/Epic and CSCR hospital Dataset/Train/pituitary/Tr-pi_0155.jpg,pituitary,1
/content/drive/MyDrive/Brain_Tumor_CNN_Project/dataset/Epic and CSCR hospital Dataset/Train/pituitary/P_745_DA_.jpg,pituitary,1
/content/drive/MyDrive/Brain_Tumor_CNN_Project/dataset/Epic and CSCR hospital Dataset/Train/glioma/G_865_SP_.jpg,glioma,1
/content/drive/MyDrive/Brain_Tumor_CNN_Project/dataset/Epic and CSCR hospital Dataset/Train/meningioma/m2 (71).jpg,meningioma,1
/content/drive/MyDrive/Brain_Tumor_CNN_Project/dataset/Epic and CSCR hospital Dataset/Train/pituitary/Te-pi_0154.jpg,pituitary,1
/content/drive/MyDrive/Brain_Tumor_CNN_Project/dataset/Epic and CSCR hospital Dataset/Train/glioma/G_817_SP_.jpg,glioma,1
/content/drive/MyDrive/Brain_Tumor_CNN_Project/dataset/Epic and CSCR hospital Dataset/Train/glioma/Tr-gl_1213.jpg,glioma,1
/content/drive/MyDrive/Brain_Tumor_CNN_Project/dataset/Epic and CSCR hospital Dataset/Train/meningioma/Tr-me_0547.jpg,meningioma,1
/content/drive/MyDrive/Brain_Tumor_CNN_Project/dataset/Epic and CSCR hospital Dataset/Train/glioma/Tr-gl_1160.jpg,glioma,1
/content/drive/MyDrive/Brain_Tumor_CNN_Project/dataset/Epic and CSCR hospital Dataset/Train/glioma/gg (529).jpg,glioma,1
/content/drive/MyDrive/Brain_Tumor_CNN_Project/dataset/Epic and CSCR hospital Dataset/Train/glioma/Tr-gl_0263.jpg,glioma,1
/content/drive/MyDrive/Brain_Tumor_CNN_Project/dataset/Epic and CSCR hospital Dataset/Train/notumor/image(143) - Copy.jpg,notumor,0
/content/drive/MyDrive/Brain_Tumor_CNN_Project/dataset/Epic and CSCR hospital Dataset/Train/pituitary/P_760_RO_.jpg,pituitary,1
/content/drive/MyDrive/Brain_Tumor_CNN_Project/dataset/Epic and CSCR hospital Dataset/Train/pituitary/P_745_SP_.jpg,pituitary,1
/content/drive/MyDrive/Brain_Tumor_CNN_Project/dataset/Epic and CSCR hospital Dataset/Train/glioma/Tr-gl_1224.jpg,glioma,1
/content/drive/MyDrive/Brain_Tumor_CNN_Project/dataset/Epic and CSCR hospital Dataset/Train/glioma/G_723_DA_.jpg,glioma,1
/content/drive/MyDrive/Brain_Tumor_CNN_Project/dataset/Epic and CSCR hospital Dataset/Train/meningioma/Tr-me_1132.jpg,meningioma,1
/content/drive/MyDrive/Brain_Tumor_CNN_Project/dataset/Epic and CSCR hospital Dataset/Train/meningioma/Tr-me_0861.jpg,meningioma,1
/content/drive/MyDrive/Brain_Tumor_CNN_Project/dataset/Epic and CSCR hospital Dataset/Train/glioma/G_752_SP_.jpg,glioma,1
/content/drive/MyDrive/Brain_Tumor_CNN_Project/dataset/Epic and CSCR hospital Dataset/Train/notumor/image(143).jpg,notumor,0
/content/drive/MyDrive/Brain_Tumor_CNN_Project/dataset/Epic and CSCR hospital Dataset/Train/meningioma/m3 (107).jpg,meningioma,1
/content/drive/MyDrive/Brain_Tumor_CNN_Project/dataset/Epic and CSCR hospital Dataset/Train/glioma/Tr-gl_1063.jpg,glioma,1
/content/drive/MyDrive/Brain_Tumor_CNN_Project/dataset/Epic and CSCR hospital Dataset/Train/glioma/Tr-gl_0902.jpg,glioma,1
/content/drive/MyDrive/Brain_Tumor_CNN_Project/dataset/Epic and CSCR hospital Dataset/Train/meningioma/m2 (41).jpg,meningioma,1
/content/drive/MyDrive/Brain_Tumor_CNN_Project/dataset/Epic and CSCR hospital Dataset/Train/glioma/Tr-gl_0259.jpg,glioma,1
/content/drive/MyDrive/Brain_Tumor_CNN_Project/dataset/Epic and CSCR hospital Dataset/Train/glioma/G_810_DA_.jpg,glioma,1
/content/drive/MyDrive/Brain_Tumor_CNN_Project/dataset/Epic and CSCR hospital Dataset/Train/pituitary/Tr-pi_1235.jpg,pituitary,1
/content/drive/MyDrive/Brain_Tumor_CNN_Project/dataset/Epic and CSCR hospital Dataset/Train/glioma/G_783_BR_.jpg,glioma,1
/content/drive/MyDrive/Brain_Tumor_CNN_Project/dataset/Epic and CSCR hospital Dataset/Train/pituitary/Tr-pi_0217.jpg,pituitary,1
/content/drive/MyDrive/Brain_Tumor_CNN_Project/dataset/Epic and CSCR hospital Dataset/Train/notumor/Tr-no_0606.jpg,notumor,0
/content/drive/MyDrive/Brain_Tumor_CNN_Project/dataset/Epic and CSCR hospital Dataset/Train/notumor/N_425_BR_.jpg,notumor,0
/content/drive/MyDrive/Brain_Tumor_CNN_Project/dataset/Epic and CSCR hospital Dataset/Train/glioma/Tr-gl_0204.jpg,glioma,1
/content/drive/MyDrive/Brain_Tumor_CNN_Project/dataset/Epic and CSCR hospital Dataset/Train/meningioma/1364.jpg,meningioma,1
/content/drive/MyDrive/Brain_Tumor_CNN_Project/dataset/Epic and CSCR hospital Dataset/Train/pituitary/Tr-pi_0171.jpg,pituitary,1
/content/drive/MyDrive/Brain_Tumor_CNN_Project/dataset/Epic and CSCR hospital Dataset/Train/meningioma/Te-me_0078.jpg,meningioma,1
/content/drive/MyDrive/Brain_Tumor_CNN_Project/dataset/Epic and CSCR hospital Dataset/Train/pituitary/Tr-pi_0569.jpg,pituitary,1
/content/drive/MyDrive/Brain_Tumor_CNN_Project/dataset/Epic and CSCR hospital Dataset/Train/notumor/1840.jpg,notumor,0
/content/drive/MyDrive/Brain_Tumor_CNN_Project/dataset/Epic and CSCR hospital Dataset/Train/notumor/Tr-no_0059.jpg,notumor,0
/content/drive/MyDrive/Brain_Tumor_CNN_Project/dataset/Epic and CSCR hospital Dataset/Train/glioma/Tr-gl_0351.jpg,glioma,1
/content/drive/MyDrive/Brain_Tumor_CNN_Project/dataset/Epic and CSCR hospital Dataset/Train/notumor/N_388.jpg,notumor,0
/content/drive/MyDrive/Brain_Tumor_CNN_Project/dataset/Epic and CSCR hospital Dataset/Train/meningioma/Tr-me_0105.jpg,meningioma,1
/content/drive/MyDrive/Brain_Tumor_CNN_Project/dataset/Epic and CSCR hospital Dataset/Train/glioma/gg (347).jpg,glioma,1
/content/drive/MyDrive/Brain_Tumor_CNN_Project/dataset/Epic and CSCR hospital Dataset/Train/notumor/N_390_BR_.jpg,notumor,0
/content/drive/MyDrive/Brain_Tumor_CNN_Project/dataset/Epic and CSCR hospital Dataset/Train/meningioma/M_869_BR_.jpg,meningioma,1
/content/drive/MyDrive/Brain_Tumor_CNN_Project/dataset/Epic and CSCR hospital Dataset/Train/pituitary/Tr-pi_1166.jpg,pituitary,1
/content/drive/MyDrive/Brain_Tumor_CNN_Project/dataset/Epic and CSCR hospital Dataset/Train/notumor/Te-no_0306.jpg,notumor,0
/content/drive/MyDrive/Brain_Tumor_CNN_Project/dataset/Epic and CSCR hospital Dataset/Train/meningioma/M_853_DA_.jpg,meningioma,1
/content/drive/MyDrive/Brain_Tumor_CNN_Project/dataset/Epic and CSCR hospital Dataset/Train/notumor/1748.jpg,notumor,0
/content/drive/MyDrive/Brain_Tumor_CNN_Project/dataset/Epic and CSCR hospital Dataset/Train/notumor/1791.jpg,notumor,0
/content/drive/MyDrive/Brain_Tumor_CNN_Project/dataset/Epic and CSCR hospital Dataset/Train/meningioma/M_875_DA_.jpg,meningioma,1
/content/drive/MyDrive/Brain_Tumor_CNN_Project/dataset/Epic and CSCR hospital Dataset/Train/pituitary/P_774_HF_.jpg,pituitary,1
/content/drive/MyDrive/Brain_Tumor_CNN_Project/dataset/Epic and CSCR hospital Dataset/Train/notumor/N_368_VF_.jpg,notumor,0
/content/drive/MyDrive/Brain_Tumor_CNN_Project/dataset/Epic and CSCR hospital Dataset/Train/meningioma/M_844_RO_.jpg,meningioma,1
/content/drive/MyDrive/Brain_Tumor_CNN_Project/dataset/Epic and CSCR hospital Dataset/Train/notumor/N_395_BR_.jpg,notumor,0
/content/drive/MyDrive/Brain_Tumor_CNN_Project/dataset/Epic and CSCR hospital Dataset/Train/pituitary/Tr-pi_0536.jpg,pituitary,1
/content/drive/MyDrive/Brain_Tumor_CNN_Project/dataset/Epic and CSCR hospital Dataset/Train/notumor/Tr-no_0498.jpg,notumor,0
/content/drive/MyDrive/Brain_Tumor_CNN_Project/dataset/Epic and CSCR hospital Dataset/Train/glioma/Te-gl_0082.jpg,glioma,1
/content/drive/MyDrive/Brain_Tumor_CNN_Project/dataset/Epic and CSCR hospital Dataset/Train/pituitary/P_818_HF_.jpg,pituitary,1
/content/drive/MyDrive/Brain_Tumor_CNN_Project/dataset/Epic and CSCR hospital Dataset/Train/glioma/G_757.jpg,glioma,1
/content/drive/MyDrive/Brain_Tumor_CNN_Project/dataset/Epic and CSCR hospital Dataset/Train/glioma/gg (404).jpg,glioma,1
/content/drive/MyDrive/Brain_Tumor_CNN_Project/dataset/Epic and CSCR hospital Dataset/Train/meningioma/Tr-me_1101.jpg,meningioma,1
/content/drive/MyDrive/Brain_Tumor_CNN_Project/dataset/Epic and CSCR hospital Dataset/Train/notumor/Tr-no_0420.jpg,notumor,0
/content/drive/MyDrive/Brain_Tumor_CNN_Project/dataset/Epic and CSCR hospital Dataset/Train/meningioma/M_884_HF_.jpg,meningioma,1
/content/drive/MyDrive/Brain_Tumor_CNN_Project/dataset/Epic and CSCR hospital Dataset/Train/notumor/N_394_SP_.jpg,notumor,0
/content/drive/MyDrive/Brain_Tumor_CNN_Project/dataset/Epic and CSCR hospital Dataset/Train/pituitary/Tr-pi_0296.jpg,pituitary,1
/content/drive/MyDrive/Brain_Tumor_CNN_Project/dataset/Epic and CSCR hospital Dataset/Train/meningioma/M_834.jpg,meningioma,1
/content/drive/MyDrive/Brain_Tumor_CNN_Project/dataset/Epic and CSCR hospital Dataset/Train/meningioma/Tr-me_0127.jpg,meningioma,1
/content/drive/MyDrive/Brain_Tumor_CNN_Project/dataset/Epic and CSCR hospital Dataset/Train/glioma/G_736_HF_.jpg,glioma,1
/content/drive/MyDrive/Brain_Tumor_CNN_Project/dataset/Epic and CSCR hospital Dataset/Train/glioma/G_887_SP_.jpg,glioma,1
/content/drive/MyDrive/Brain_Tumor_CNN_Project/dataset/Epic and CSCR hospital Dataset/Train/pituitary/Tr-pi_0653.jpg,pituitary,1
/content/drive/MyDrive/Brain_Tumor_CNN_Project/dataset/Epic and CSCR hospital Dataset/Train/meningioma/Te-me_0228.jpg,meningioma,1
/content/drive/MyDrive/Brain_Tumor_CNN_Project/dataset/Epic and CSCR hospital Dataset/Train/glioma/G_768_BR_.jpg,glioma,1
/content/drive/MyDrive/Brain_Tumor_CNN_Project/dataset/Epic and CSCR hospital Dataset/Train/pituitary/Tr-pi_1313.jpg,pituitary,1
/content/drive/MyDrive/Brain_Tumor_CNN_Project/dataset/Epic and CSCR hospital Dataset/Train/glioma/gg (459).jpg,glioma,1
/content/drive/MyDrive/Brain_Tumor_CNN_Project/dataset/Epic and CSCR hospital Dataset/Train/meningioma/M_859_SP_.jpg,meningioma,1
/content/drive/MyDrive/Brain_Tumor_CNN_Project/dataset/Epic and CSCR hospital Dataset/Train/meningioma/1313.jpg,meningioma,1
/content/drive/MyDrive/Brain_Tumor_CNN_Project/dataset/Epic and CSCR hospital Dataset/Train/notumor/N_435_VF_.jpg,notumor,0
/content/drive/MyDrive/Brain_Tumor_CNN_Project/dataset/Epic and CSCR hospital Dataset/Train/glioma/G_839_HF_.jpg,glioma,1
/content/drive/MyDrive/Brain_Tumor_CNN_Project/dataset/Epic and CSCR hospital Dataset/Train/glioma/Tr-gl_0186.jpg,glioma,1
/content/drive/MyDrive/Brain_Tumor_CNN_Project/dataset/Epic and CSCR hospital Dataset/Train/glioma/Tr-gl_0088.jpg,glioma,1
/content/drive/MyDrive/Brain_Tumor_CNN_Project/dataset/Epic and CSCR hospital Dataset/Train/notumor/image(146) - Copy.jpg,notumor,0
/content/drive/MyDrive/Brain_Tumor_CNN_Project/dataset/Epic and CSCR hospital Dataset/Train/glioma/gg (407).jpg,glioma,1
/content/drive/MyDrive/Brain_Tumor_CNN_Project/dataset/Epic and CSCR hospital Dataset/Train/notumor/image(147).jpg,notumor,0
/content/drive/MyDrive/Brain_Tumor_CNN_Project/dataset/Epic and CSCR hospital Dataset/Train/glioma/Tr-gl_1235.jpg,glioma,1
/content/drive/MyDrive/Brain_Tumor_CNN_Project/dataset/Epic and CSCR hospital Dataset/Train/pituitary/P_794_VF_.jpg,pituitary,1
/content/drive/MyDrive/Brain_Tumor_CNN_Project/dataset/Epic and CSCR hospital Dataset/Train/glioma/Tr-gl_0144.jpg,glioma,1
/content/drive/MyDrive/Brain_Tumor_CNN_Project/dataset/Epic and CSCR hospital Dataset/Train/notumor/N_409_HF_.jpg,notumor,0
/content/drive/MyDrive/Brain_Tumor_CNN_Project/dataset/Epic and CSCR hospital Dataset/Train/glioma/G_717_BR_.jpg,glioma,1
/content/drive/MyDrive/Brain_Tumor_CNN_Project/dataset/Epic and CSCR hospital Dataset/Train/glioma/Tr-gl_0406.jpg,glioma,1
/content/drive/MyDrive/Brain_Tumor_CNN_Project/dataset/Epic and CSCR hospital Dataset/Train/glioma/Tr-gl_0290.jpg,glioma,1
/content/drive/MyDrive/Brain_Tumor_CNN_Project/dataset/Epic and CSCR hospital Dataset/Train/glioma/G_713_SP_.jpg,glioma,1
/content/drive/MyDrive/Brain_Tumor_CNN_Project/dataset/Epic and CSCR hospital Dataset/Train/notumor/Tr-no_0252.jpg,notumor,0
/content/drive/MyDrive/Brain_Tumor_CNN_Project/dataset/Epic and CSCR hospital Dataset/Train/pituitary/Tr-pi_1391.jpg,pituitary,1
/content/drive/MyDrive/Brain_Tumor_CNN_Project/dataset/Epic and CSCR hospital Dataset/Train/meningioma/Tr-me_1298.jpg,meningioma,1
/content/drive/MyDrive/Brain_Tumor_CNN_Project/dataset/Epic and CSCR hospital Dataset/Train/glioma/Tr-gl_0809.jpg,glioma,1
/content/drive/MyDrive/Brain_Tumor_CNN_Project/dataset/Epic and CSCR hospital Dataset/Train/glioma/G_736_RO_.jpg,glioma,1
/content/drive/MyDrive/Brain_Tumor_CNN_Project/dataset/Epic and CSCR hospital Dataset/Train/glioma/Tr-gl_1095.jpg,glioma,1
/content/drive/MyDrive/Brain_Tumor_CNN_Project/dataset/Epic and CSCR hospital Dataset/Train/glioma/Te-gl_0229.jpg,glioma,1
/content/drive/MyDrive/Brain_Tumor_CNN_Project/dataset/Epic and CSCR hospital Dataset/Train/glioma/G_864_SP_.jpg,glioma,1
/content/drive/MyDrive/Brain_Tumor_CNN_Project/dataset/Epic and CSCR hospital Dataset/Train/glioma/G_789_HF_.jpg,glioma,1
/content/drive/MyDrive/Brain_Tumor_CNN_Project/dataset/Epic and CSCR hospital Dataset/Train/glioma/Tr-gl_0377.jpg,glioma,1
/content/drive/MyDrive/Brain_Tumor_CNN_Project/dataset/Epic and CSCR hospital Dataset/Train/glioma/G_755_BR_.jpg,glioma,1
/content/drive/MyDrive/Brain_Tumor_CNN_Project/dataset/Epic and CSCR hospital Dataset/Train/glioma/G_766_DA_.jpg,glioma,1
/content/drive/MyDrive/Brain_Tumor_CNN_Project/dataset/Epic and CSCR hospital Dataset/Train/pituitary/Tr-pi_0140.jpg,pituitary,1
/content/drive/MyDrive/Brain_Tumor_CNN_Project/dataset/Epic and CSCR hospital Dataset/Train/glioma/G_843_BR_.jpg,glioma,1
/content/drive/MyDrive/Brain_Tumor_CNN_Project/dataset/Epic and CSCR hospital Dataset/Train/pituitary/Tr-pi_1182.jpg,pituitary,1
/content/drive/MyDrive/Brain_Tumor_CNN_Project/dataset/Epic and CSCR hospital Dataset/Train/notumor/Te-no_0318.jpg,notumor,0
/content/drive/MyDrive/Brain_Tumor_CNN_Project/dataset/Epic and CSCR hospital Dataset/Train/notumor/Tr-no_0593.jpg,notumor,0
/content/drive/MyDrive/Brain_Tumor_CNN_Project/dataset/Epic and CSCR hospital Dataset/Train/meningioma/Te-me_0164.jpg,meningioma,1
/content/drive/MyDrive/Brain_Tumor_CNN_Project/dataset/Epic and CSCR hospital Dataset/Train/pituitary/Tr-pi_0375.jpg,pituitary,1
/content/drive/MyDrive/Brain_Tumor_CNN_Project/dataset/Epic and CSCR hospital Dataset/Train/meningioma/Tr-me_0257.jpg,meningioma,1
/content/drive/MyDrive/Brain_Tumor_CNN_Project/dataset/Epic and CSCR hospital Dataset/Train/meningioma/m2 (141).jpg,meningioma,1
/content/drive/MyDrive/Brain_Tumor_CNN_Project/dataset/Epic and CSCR hospital Dataset/Train/pituitary/Tr-pi_0625.jpg,pituitary,1
/content/drive/MyDrive/Brain_Tumor_CNN_Project/dataset/Epic and CSCR hospital Dataset/Train/notumor/N_370_HF_.jpg,notumor,0
/content/drive/MyDrive/Brain_Tumor_CNN_Project/dataset/Epic and CSCR hospital Dataset/Train/pituitary/p (518).jpg,pituitary,1
/content/drive/MyDrive/Brain_Tumor_CNN_Project/dataset/Epic and CSCR hospital Dataset/Train/notumor/N_373_SP_.jpg,notumor,0
/content/drive/MyDrive/Brain_Tumor_CNN_Project/dataset/Epic and CSCR hospital Dataset/Train/meningioma/Tr-me_0413.jpg,meningioma,1
/content/drive/MyDrive/Brain_Tumor_CNN_Project/dataset/Epic and CSCR hospital Dataset/Train/pituitary/Te-pi_0179.jpg,pituitary,1
/content/drive/MyDrive/Brain_Tumor_CNN_Project/dataset/Epic and CSCR hospital Dataset/Train/notumor/image(159).jpg,notumor,0
/content/drive/MyDrive/Brain_Tumor_CNN_Project/dataset/Epic and CSCR hospital Dataset/Train/notumor/Tr-no_0187.jpg,notumor,0
/content/drive/MyDrive/Brain_Tumor_CNN_Project/dataset/Epic and CSCR hospital Dataset/Train/glioma/Tr-gl_1047.jpg,glioma,1
/content/drive/MyDrive/Brain_Tumor_CNN_Project/dataset/Epic and CSCR hospital Dataset/Train/meningioma/Tr-me_1154.jpg,meningioma,1
/content/drive/MyDrive/Brain_Tumor_CNN_Project/dataset/Epic and CSCR hospital Dataset/Train/glioma/Tr-gl_0340.jpg,glioma,1
/content/drive/MyDrive/Brain_Tumor_CNN_Project/dataset/Epic and CSCR hospital Dataset/Train/glioma/G_831.jpg,glioma,1
/content/drive/MyDrive/Brain_Tumor_CNN_Project/dataset/Epic and CSCR hospital Dataset/Train/notumor/N_421_BR_.jpg,notumor,0
/content/drive/MyDrive/Brain_Tumor_CNN_Project/dataset/Epic and CSCR hospital Dataset/Train/glioma/Tr-gl_0850.jpg,glioma,1
/content/drive/MyDrive/Brain_Tumor_CNN_Project/dataset/Epic and CSCR hospital Dataset/Train/glioma/G_842_HF_.jpg,glioma,1
/content/drive/MyDrive/Brain_Tumor_CNN_Project/dataset/Epic and CSCR hospital Dataset/Train/meningioma/Tr-me_0875.jpg,meningioma,1
/content/drive/MyDrive/Brain_Tumor_CNN_Project/dataset/Epic and CSCR hospital Dataset/Train/pituitary/Tr-pi_0387.jpg,pituitary,1
/content/drive/MyDrive/Brain_Tumor_CNN_Project/dataset/Epic and CSCR hospital Dataset/Train/pituitary/p (543).jpg,pituitary,1
/content/drive/MyDrive/Brain_Tumor_CNN_Project/dataset/Epic and CSCR hospital Dataset/Train/glioma/G_840_RO_.jpg,glioma,1
/content/drive/MyDrive/Brain_Tumor_CNN_Project/dataset/Epic and CSCR hospital Dataset/Train/meningioma/m1(96).jpg,meningioma,1
/content/drive/MyDrive/Brain_Tumor_CNN_Project/dataset/Epic and CSCR hospital Dataset/Train/notumor/Te-no_0310.jpg,notumor,0
/content/drive/MyDrive/Brain_Tumor_CNN_Project/dataset/Epic and CSCR hospital Dataset/Train/glioma/G_861_DA_.jpg,glioma,1
/content/drive/MyDrive/Brain_Tumor_CNN_Project/dataset/Epic and CSCR hospital Dataset/Train/notumor/Tr-no_0604.jpg,notumor,0
/content/drive/MyDrive/Brain_Tumor_CNN_Project/dataset/Epic and CSCR hospital Dataset/Train/glioma/Te-gl_0166.jpg,glioma,1
/content/drive/MyDrive/Brain_Tumor_CNN_Project/dataset/Epic and CSCR hospital Dataset/Train/pituitary/Tr-pi_0205.jpg,pituitary,1
/content/drive/MyDrive/Brain_Tumor_CNN_Project/dataset/Epic and CSCR hospital Dataset/Train/pituitary/Tr-pi_0561.jpg,pituitary,1
/content/drive/MyDrive/Brain_Tumor_CNN_Project/dataset/Epic and CSCR hospital Dataset/Train/glioma/Tr-gl_0256.jpg,glioma,1
/content/drive/MyDrive/Brain_Tumor_CNN_Project/dataset/Epic and CSCR hospital Dataset/Train/meningioma/Tr-me_0201.jpg,meningioma,1
/content/drive/MyDrive/Brain_Tumor_CNN_Project/dataset/Epic and CSCR hospital Dataset/Train/notumor/N_42_VF_.jpg,notumor,0
/content/drive/MyDrive/Brain_Tumor_CNN_Project/dataset/Epic and CSCR hospital Dataset/Train/glioma/Te-gl_0153.jpg,glioma,1
/content/drive/MyDrive/Brain_Tumor_CNN_Project/dataset/Epic and CSCR hospital Dataset/Train/glioma/Te-gl_0234.jpg,glioma,1
/content/drive/MyDrive/Brain_Tumor_CNN_Project/dataset/Epic and CSCR hospital Dataset/Train/pituitary/P_748_BR_.jpg,pituitary,1
/content/drive/MyDrive/Brain_Tumor_CNN_Project/dataset/Epic and CSCR hospital Dataset/Train/pituitary/P_830_RO_.jpg,pituitary,1
/content/drive/MyDrive/Brain_Tumor_CNN_Project/dataset/Epic and CSCR hospital Dataset/Train/notumor/N_401_VF_.jpg,notumor,0
/content/drive/MyDrive/Brain_Tumor_CNN_Project/dataset/Epic and CSCR hospital Dataset/Train/meningioma/Tr-me_0814.jpg,meningioma,1
/content/drive/MyDrive/Brain_Tumor_CNN_Project/dataset/Epic and CSCR hospital Dataset/Train/glioma/gg (570).jpg,glioma,1
/content/drive/MyDrive/Brain_Tumor_CNN_Project/dataset/Epic and CSCR hospital Dataset/Train/notumor/image(185).jpg,notumor,0
/content/drive/MyDrive/Brain_Tumor_CNN_Project/dataset/Epic and CSCR hospital Dataset/Train/pituitary/P_734_VF_.jpg,pituitary,1
/content/drive/MyDrive/Brain_Tumor_CNN_Project/dataset/Epic and CSCR hospital Dataset/Train/meningioma/Tr-me_0608.jpg,meningioma,1
/content/drive/MyDrive/Brain_Tumor_CNN_Project/dataset/Epic and CSCR hospital Dataset/Train/glioma/G_879_BR_.jpg,glioma,1
/content/drive/MyDrive/Brain_Tumor_CNN_Project/dataset/Epic and CSCR hospital Dataset/Train/meningioma/Tr-me_1058.jpg,meningioma,1
/content/drive/MyDrive/Brain_Tumor_CNN_Project/dataset/Epic and CSCR hospital Dataset/Train/glioma/Tr-gl_0569.jpg,glioma,1
/content/drive/MyDrive/Brain_Tumor_CNN_Project/dataset/Epic and CSCR hospital Dataset/Train/pituitary/P_707_BR_.jpg,pituitary,1
/content/drive/MyDrive/Brain_Tumor_CNN_Project/dataset/Epic and CSCR hospital Dataset/Train/notumor/Te-no_0195.jpg,notumor,0
/content/drive/MyDrive/Brain_Tumor_CNN_Project/dataset/Epic and CSCR hospital Dataset/Train/meningioma/Te-me_0079.jpg,meningioma,1
/content/drive/MyDrive/Brain_Tumor_CNN_Project/dataset/Epic and CSCR hospital Dataset/Train/glioma/Tr-gl_0161.jpg,glioma,1
/content/drive/MyDrive/Brain_Tumor_CNN_Project/dataset/Epic and CSCR hospital Dataset/Train/glioma/Tr-gl_0868.jpg,glioma,1
/content/drive/MyDrive/Brain_Tumor_CNN_Project/dataset/Epic and CSCR hospital Dataset/Train/pituitary/P_801_SP_.jpg,pituitary,1
/content/drive/MyDrive/Brain_Tumor_CNN_Project/dataset/Epic and CSCR hospital Dataset/Train/pituitary/Tr-pi_0518.jpg,pituitary,1
/content/drive/MyDrive/Brain_Tumor_CNN_Project/dataset/Epic and CSCR hospital Dataset/Train/meningioma/Tr-me_0337.jpg,meningioma,1
/content/drive/MyDrive/Brain_Tumor_CNN_Project/dataset/Epic and CSCR hospital Dataset/Train/glioma/G_706.jpg,glioma,1
/content/drive/MyDrive/Brain_Tumor_CNN_Project/dataset/Epic and CSCR hospital Dataset/Train/pituitary/Tr-pi_0574.jpg,pituitary,1
/content/drive/MyDrive/Brain_Tumor_CNN_Project/dataset/Epic and CSCR hospital Dataset/Train/glioma/G_731_VF_.jpg,glioma,1
/content/drive/MyDrive/Brain_Tumor_CNN_Project/dataset/Epic and CSCR hospital Dataset/Train/notumor/1668.jpg,notumor,0
/content/drive/MyDrive/Brain_Tumor_CNN_Project/dataset/Epic and CSCR hospital Dataset/Train/pituitary/P_739_RO_.jpg,pituitary,1
/content/drive/MyDrive/Brain_Tumor_CNN_Project/dataset/Epic and CSCR hospital Dataset/Train/meningioma/Tr-me_0522.jpg,meningioma,1
/content/drive/MyDrive/Brain_Tumor_CNN_Project/dataset/Epic and CSCR hospital Dataset/Train/notumor/Te-no_0181.jpg,notumor,0
/content/drive/MyDrive/Brain_Tumor_CNN_Project/dataset/Epic and CSCR hospital Dataset/Train/glioma/G_762.jpg,glioma,1
/content/drive/MyDrive/Brain_Tumor_CNN_Project/dataset/Epic and CSCR hospital Dataset/Train/pituitary/P_752_BR_.jpg,pituitary,1
/content/drive/MyDrive/Brain_Tumor_CNN_Project/dataset/Epic and CSCR hospital Dataset/Train/pituitary/Tr-pi_1193.jpg,pituitary,1
/content/drive/MyDrive/Brain_Tumor_CNN_Project/dataset/Epic and CSCR hospital Dataset/Train/pituitary/Tr-pi_0418.jpg,pituitary,1
/content/drive/MyDrive/Brain_Tumor_CNN_Project/dataset/Epic and CSCR hospital Dataset/Train/pituitary/P_78_VF_.jpg,pituitary,1
/content/drive/MyDrive/Brain_Tumor_CNN_Project/dataset/Epic and CSCR hospital Dataset/Train/meningioma/M_832_VF_.jpg,meningioma,1
/content/drive/MyDrive/Brain_Tumor_CNN_Project/dataset/Epic and CSCR hospital Dataset/Train/notumor/N_385_HF_.jpg,notumor,0
/content/drive/MyDrive/Brain_Tumor_CNN_Project/dataset/Epic and CSCR hospital Dataset/Train/glioma/G_881_SP_.jpg,glioma,1
/content/drive/MyDrive/Brain_Tumor_CNN_Project/dataset/Epic and CSCR hospital Dataset/Train/meningioma/Tr-me_1138.jpg,meningioma,1
/content/drive/MyDrive/Brain_Tumor_CNN_Project/dataset/Epic and CSCR hospital Dataset/Train/meningioma/1355.jpg,meningioma,1
/content/drive/MyDrive/Brain_Tumor_CNN_Project/dataset/Epic and CSCR hospital Dataset/Train/glioma/G_837_DA_.jpg,glioma,1
/content/drive/MyDrive/Brain_Tumor_CNN_Project/dataset/Epic and CSCR hospital Dataset/Train/glioma/Te-gl_0063.jpg,glioma,1
/content/drive/MyDrive/Brain_Tumor_CNN_Project/dataset/Epic and CSCR hospital Dataset/Train/glioma/Tr-gl_0899.jpg,glioma,1
/content/drive/MyDrive/Brain_Tumor_CNN_Project/dataset/Epic and CSCR hospital Dataset/Train/notumor/N_44_BR_.jpg,notumor,0
/content/drive/MyDrive/Brain_Tumor_CNN_Project/dataset/Epic and CSCR hospital Dataset/Train/glioma/Tr-gl_0867.jpg,glioma,1
/content/drive/MyDrive/Brain_Tumor_CNN_Project/dataset/Epic and CSCR hospital Dataset/Train/glioma/Te-gl_0138.jpg,glioma,1
/content/drive/MyDrive/Brain_Tumor_CNN_Project/dataset/Epic and CSCR hospital Dataset/Train/glioma/G_713_VF_.jpg,glioma,1
/content/drive/MyDrive/Brain_Tumor_CNN_Project/dataset/Epic and CSCR hospital Dataset/Train/glioma/G_786_RO_.jpg,glioma,1
/content/drive/MyDrive/Brain_Tumor_CNN_Project/dataset/Epic and CSCR hospital Dataset/Train/pituitary/Tr-pi_0643.jpg,pituitary,1
/content/drive/MyDrive/Brain_Tumor_CNN_Project/dataset/Epic and CSCR hospital Dataset/Train/notumor/N_414_DA_.jpg,notumor,0
/content/drive/MyDrive/Brain_Tumor_CNN_Project/dataset/Epic and CSCR hospital Dataset/Train/pituitary/Te-pi_0183.jpg,pituitary,1
/content/drive/MyDrive/Brain_Tumor_CNN_Project/dataset/Epic and CSCR hospital Dataset/Train/pituitary/p (605).jpg,pituitary,1
/content/drive/MyDrive/Brain_Tumor_CNN_Project/dataset/Epic and CSCR hospital Dataset/Train/glioma/Tr-gl_0615.jpg,glioma,1
/content/drive/MyDrive/Brain_Tumor_CNN_Project/dataset/Epic and CSCR hospital Dataset/Train/meningioma/Tr-me_1207.jpg,meningioma,1
/content/drive/MyDrive/Brain_Tumor_CNN_Project/dataset/Epic and CSCR hospital Dataset/Train/meningioma/M_856_SP_.jpg,meningioma,1
/content/drive/MyDrive/Brain_Tumor_CNN_Project/dataset/Epic and CSCR hospital Dataset/Train/pituitary/Tr-pi_0299.jpg,pituitary,1
/content/drive/MyDrive/Brain_Tumor_CNN_Project/dataset/Epic and CSCR hospital Dataset/Train/meningioma/Tr-me_1249.jpg,meningioma,1
/content/drive/MyDrive/Brain_Tumor_CNN_Project/dataset/Epic and CSCR hospital Dataset/Train/glioma/Te-gl_0152.jpg,glioma,1
/content/drive/MyDrive/Brain_Tumor_CNN_Project/dataset/Epic and CSCR hospital Dataset/Train/notumor/1671.jpg,notumor,0
/content/drive/MyDrive/Brain_Tumor_CNN_Project/dataset/Epic and CSCR hospital Dataset/Train/notumor/Te-no_0276.jpg,notumor,0
/content/drive/MyDrive/Brain_Tumor_CNN_Project/dataset/Epic and CSCR hospital Dataset/Train/notumor/N_424.jpg,notumor,0
/content/drive/MyDrive/Brain_Tumor_CNN_Project/dataset/Epic and CSCR hospital Dataset/Train/glioma/Te-gl_0193.jpg,glioma,1
/content/drive/MyDrive/Brain_Tumor_CNN_Project/dataset/Epic and CSCR hospital Dataset/Train/meningioma/Tr-me_1174.jpg,meningioma,1
/content/drive/MyDrive/Brain_Tumor_CNN_Project/dataset/Epic and CSCR hospital Dataset/Train/glioma/Tr-gl_0856.jpg,glioma,1
/content/drive/MyDrive/Brain_Tumor_CNN_Project/dataset/Epic and CSCR hospital Dataset/Train/glioma/G_863_RO_.jpg,glioma,1
/content/drive/MyDrive/Brain_Tumor_CNN_Project/dataset/Epic and CSCR hospital Dataset/Train/glioma/G_675_BR_.jpg,glioma,1
/content/drive/MyDrive/Brain_Tumor_CNN_Project/dataset/Epic and CSCR hospital Dataset/Train/meningioma/Tr-me_0116.jpg,meningioma,1
/content/drive/MyDrive/Brain_Tumor_CNN_Project/dataset/Epic and CSCR hospital Dataset/Train/notumor/N_45_BR_.jpg,notumor,0
/content/drive/MyDrive/Brain_Tumor_CNN_Project/dataset/Epic and CSCR hospital Dataset/Train/meningioma/1358.jpg,meningioma,1
/content/drive/MyDrive/Brain_Tumor_CNN_Project/dataset/Epic and CSCR hospital Dataset/Train/pituitary/Tr-pi_0259.jpg,pituitary,1
/content/drive/MyDrive/Brain_Tumor_CNN_Project/dataset/Epic and CSCR hospital Dataset/Train/glioma/G_811_BR_.jpg,glioma,1
/content/drive/MyDrive/Brain_Tumor_CNN_Project/dataset/Epic and CSCR hospital Dataset/Train/pituitary/Tr-pi_0652.jpg,pituitary,1
/content/drive/MyDrive/Brain_Tumor_CNN_Project/dataset/Epic and CSCR hospital Dataset/Train/notumor/1608.jpg,notumor,0
/content/drive/MyDrive/Brain_Tumor_CNN_Project/dataset/Epic and CSCR hospital Dataset/Train/notumor/Te-no_0309.jpg,notumor,0
/content/drive/MyDrive/Brain_Tumor_CNN_Project/dataset/Epic and CSCR hospital Dataset/Train/notumor/image(164).jpg,notumor,0
/content/drive/MyDrive/Brain_Tumor_CNN_Project/dataset/Epic and CSCR hospital Dataset/Train/glioma/Te-gl_0237.jpg,glioma,1
/content/drive/MyDrive/Brain_Tumor_CNN_Project/dataset/Epic and CSCR hospital Dataset/Train/notumor/N_51_BR_.jpg,notumor,0
/content/drive/MyDrive/Brain_Tumor_CNN_Project/dataset/Epic and CSCR hospital Dataset/Train/glioma/Tr-gl_0191.jpg,glioma,1
/content/drive/MyDrive/Brain_Tumor_CNN_Project/dataset/Epic and CSCR hospital Dataset/Train/notumor/N_415_RO_.jpg,notumor,0
/content/drive/MyDrive/Brain_Tumor_CNN_Project/dataset/Epic and CSCR hospital Dataset/Train/glioma/gg (500).jpg,glioma,1
/content/drive/MyDrive/Brain_Tumor_CNN_Project/dataset/Epic and CSCR hospital Dataset/Train/pituitary/Tr-pi_0717.jpg,pituitary,1
/content/drive/MyDrive/Brain_Tumor_CNN_Project/dataset/Epic and CSCR hospital Dataset/Train/notumor/N_382_BR_.jpg,notumor,0
/content/drive/MyDrive/Brain_Tumor_CNN_Project/dataset/Epic and CSCR hospital Dataset/Train/glioma/G_752_HF_.jpg,glioma,1
/content/drive/MyDrive/Brain_Tumor_CNN_Project/dataset/Epic and CSCR hospital Dataset/Train/glioma/gg (36).jpg,glioma,1
/content/drive/MyDrive/Brain_Tumor_CNN_Project/dataset/Epic and CSCR hospital Dataset/Train/pituitary/P_727_RO_.jpg,pituitary,1
/content/drive/MyDrive/Brain_Tumor_CNN_Project/dataset/Epic and CSCR hospital Dataset/Train/glioma/Tr-gl_0686.jpg,glioma,1
/content/drive/MyDrive/Brain_Tumor_CNN_Project/dataset/Epic and CSCR hospital Dataset/Train/glioma/Tr-gl_0610.jpg,glioma,1
/content/drive/MyDrive/Brain_Tumor_CNN_Project/dataset/Epic and CSCR hospital Dataset/Train/glioma/Tr-gl_1116.jpg,glioma,1
/content/drive/MyDrive/Brain_Tumor_CNN_Project/dataset/Epic and CSCR hospital Dataset/Train/notumor/N_403_VF_.jpg,notumor,0
/content/drive/MyDrive/Brain_Tumor_CNN_Project/dataset/Epic and CSCR hospital Dataset/Train/pituitary/P_820_RO_.jpg,pituitary,1
/content/drive/MyDrive/Brain_Tumor_CNN_Project/dataset/Epic and CSCR hospital Dataset/Train/glioma/Tr-gl_1171.jpg,glioma,1
/content/drive/MyDrive/Brain_Tumor_CNN_Project/dataset/Epic and CSCR hospital Dataset/Train/notumor/N_39_VF_.jpg,notumor,0
/content/drive/MyDrive/Brain_Tumor_CNN_Project/dataset/Epic and CSCR hospital Dataset/Train/meningioma/Tr-me_1018.jpg,meningioma,1
/content/drive/MyDrive/Brain_Tumor_CNN_Project/dataset/Epic and CSCR hospital Dataset/Train/meningioma/Tr-me_0189.jpg,meningioma,1
/content/drive/MyDrive/Brain_Tumor_CNN_Project/dataset/Epic and CSCR hospital Dataset/Train/meningioma/Tr-me_1198.jpg,meningioma,1
/content/drive/MyDrive/Brain_Tumor_CNN_Project/dataset/Epic and CSCR hospital Dataset/Train/glioma/G_741.jpg,glioma,1
/content/drive/MyDrive/Brain_Tumor_CNN_Project/dataset/Epic and CSCR hospital Dataset/Train/notumor/Tr-no_0526.jpg,notumor,0
/content/drive/MyDrive/Brain_Tumor_CNN_Project/dataset/Epic and CSCR hospital Dataset/Train/notumor/Tr-no_0105.jpg,notumor,0
/content/drive/MyDrive/Brain_Tumor_CNN_Project/dataset/Epic and CSCR hospital Dataset/Train/pituitary/P_716_VF_.jpg,pituitary,1
/content/drive/MyDrive/Brain_Tumor_CNN_Project/dataset/Epic and CSCR hospital Dataset/Train/meningioma/Tr-me_0508.jpg,meningioma,1
/content/drive/MyDrive/Brain_Tumor_CNN_Project/dataset/Epic and CSCR hospital Dataset/Train/glioma/G_860_RO_.jpg,glioma,1
/content/drive/MyDrive/Brain_Tumor_CNN_Project/dataset/Epic and CSCR hospital Dataset/Train/glioma/Tr-gl_1260.jpg,glioma,1
/content/drive/MyDrive/Brain_Tumor_CNN_Project/dataset/Epic and CSCR hospital Dataset/Train/pituitary/P_734_DA_.jpg,pituitary,1
/content/drive/MyDrive/Brain_Tumor_CNN_Project/dataset/Epic and CSCR hospital Dataset/Train/glioma/G_878.jpg,glioma,1
/content/drive/MyDrive/Brain_Tumor_CNN_Project/dataset/Epic and CSCR hospital Dataset/Train/pituitary/P_814.jpg,pituitary,1
/content/drive/MyDrive/Brain_Tumor_CNN_Project/dataset/Epic and CSCR hospital Dataset/Train/meningioma/Tr-me_0198.jpg,meningioma,1
/content/drive/MyDrive/Brain_Tumor_CNN_Project/dataset/Epic and CSCR hospital Dataset/Train/meningioma/m2 (26).jpg,meningioma,1
/content/drive/MyDrive/Brain_Tumor_CNN_Project/dataset/Epic and CSCR hospital Dataset/Train/notumor/1667.jpg,notumor,0
/content/drive/MyDrive/Brain_Tumor_CNN_Project/dataset/Epic and CSCR hospital Dataset/Train/meningioma/Tr-me_0196.jpg,meningioma,1
/content/drive/MyDrive/Brain_Tumor_CNN_Project/dataset/Epic and CSCR hospital Dataset/Train/notumor/1831.jpg,notumor,0
/content/drive/MyDrive/Brain_Tumor_CNN_Project/dataset/Epic and CSCR hospital Dataset/Train/glioma/G_787_DA_.jpg,glioma,1
/content/drive/MyDrive/Brain_Tumor_CNN_Project/dataset/Epic and CSCR hospital Dataset/Train/meningioma/M_822_VF_.jpg,meningioma,1
/content/drive/MyDrive/Brain_Tumor_CNN_Project/dataset/Epic and CSCR hospital Dataset/Train/pituitary/P_833_VF_.jpg,pituitary,1
/content/drive/MyDrive/Brain_Tumor_CNN_Project/dataset/Epic and CSCR hospital Dataset/Train/pituitary/Tr-pi_0600.jpg,pituitary,1
/content/drive/MyDrive/Brain_Tumor_CNN_Project/dataset/Epic and CSCR hospital Dataset/Train/glioma/Tr-gl_0339.jpg,glioma,1
/content/drive/MyDrive/Brain_Tumor_CNN_Project/dataset/Epic and CSCR hospital Dataset/Train/glioma/Tr-gl_0238.jpg,glioma,1
/content/drive/MyDrive/Brain_Tumor_CNN_Project/dataset/Epic and CSCR hospital Dataset/Train/pituitary/Tr-pi_1151.jpg,pituitary,1
/content/drive/MyDrive/Brain_Tumor_CNN_Project/dataset/Epic and CSCR hospital Dataset/Train/notumor/image(146).jpg,notumor,0
/content/drive/MyDrive/Brain_Tumor_CNN_Project/dataset/Epic and CSCR hospital Dataset/Train/glioma/G_780_RO_.jpg,glioma,1
/content/drive/MyDrive/Brain_Tumor_CNN_Project/dataset/Epic and CSCR hospital Dataset/Train/meningioma/1333.jpg,meningioma,1
/content/drive/MyDrive/Brain_Tumor_CNN_Project/dataset/Epic and CSCR hospital Dataset/Train/pituitary/Tr-pi_1261.jpg,pituitary,1
/content/drive/MyDrive/Brain_Tumor_CNN_Project/dataset/Epic and CSCR hospital Dataset/Train/glioma/Tr-gl_0233.jpg,glioma,1
/content/drive/MyDrive/Brain_Tumor_CNN_Project/dataset/Epic and CSCR hospital Dataset/Train/notumor/Tr-no_0610.jpg,notumor,0
/content/drive/MyDrive/Brain_Tumor_CNN_Project/dataset/Epic and CSCR hospital Dataset/Train/glioma/G_735.jpg,glioma,1
/content/drive/MyDrive/Brain_Tumor_CNN_Project/dataset/Epic and CSCR hospital Dataset/Train/glioma/G_784.jpg,glioma,1
/content/drive/MyDrive/Brain_Tumor_CNN_Project/dataset/Epic and CSCR hospital Dataset/Train/notumor/Tr-no_0575.jpg,notumor,0
/content/drive/MyDrive/Brain_Tumor_CNN_Project/dataset/Epic and CSCR hospital Dataset/Train/notumor/Tr-no_0120.jpg,notumor,0
/content/drive/MyDrive/Brain_Tumor_CNN_Project/dataset/Epic and CSCR hospital Dataset/Train/meningioma/Tr-me_0125.jpg,meningioma,1
/content/drive/MyDrive/Brain_Tumor_CNN_Project/dataset/Epic and CSCR hospital Dataset/Train/pituitary/P_836_DA_.jpg,pituitary,1
/content/drive/MyDrive/Brain_Tumor_CNN_Project/dataset/Epic and CSCR hospital Dataset/Train/pituitary/P_788.jpg,pituitary,1
/content/drive/MyDrive/Brain_Tumor_CNN_Project/dataset/Epic and CSCR hospital Dataset/Train/pituitary/Tr-pi_0415.jpg,pituitary,1
/content/drive/MyDrive/Brain_Tumor_CNN_Project/dataset/Epic and CSCR hospital Dataset/Train/meningioma/m1(98).jpg,meningioma,1
/content/drive/MyDrive/Brain_Tumor_CNN_Project/dataset/Epic and CSCR hospital Dataset/Train/pituitary/Tr-pi_0131.jpg,pituitary,1
/content/drive/MyDrive/Brain_Tumor_CNN_Project/dataset/Epic and CSCR hospital Dataset/Train/glioma/G_861_RO_.jpg,glioma,1
/content/drive/MyDrive/Brain_Tumor_CNN_Project/dataset/Epic and CSCR hospital Dataset/Train/glioma/Tr-gl_1222.jpg,glioma,1
/content/drive/MyDrive/Brain_Tumor_CNN_Project/dataset/Epic and CSCR hospital Dataset/Train/pituitary/Tr-pi_1296.jpg,pituitary,1
/content/drive/MyDrive/Brain_Tumor_CNN_Project/dataset/Epic and CSCR hospital Dataset/Train/pituitary/p (512).jpg,pituitary,1
/content/drive/MyDrive/Brain_Tumor_CNN_Project/dataset/Epic and CSCR hospital Dataset/Train/glioma/G_706_BR_.jpg,glioma,1
/content/drive/MyDrive/Brain_Tumor_CNN_Project/dataset/Epic and CSCR hospital Dataset/Train/pituitary/P_720_DA_.jpg,pituitary,1
/content/drive/MyDrive/Brain_Tumor_CNN_Project/dataset/Epic and CSCR hospital Dataset/Train/glioma/Tr-gl_0126.jpg,glioma,1
/content/drive/MyDrive/Brain_Tumor_CNN_Project/dataset/Epic and CSCR hospital Dataset/Train/pituitary/Tr-pi_0118.jpg,pituitary,1
/content/drive/MyDrive/Brain_Tumor_CNN_Project/dataset/Epic and CSCR hospital Dataset/Train/notumor/N_38_BR_.jpg,notumor,0
/content/drive/MyDrive/Brain_Tumor_CNN_Project/dataset/Epic and CSCR hospital Dataset/Train/glioma/Tr-gl_0872.jpg,glioma,1
/content/drive/MyDrive/Brain_Tumor_CNN_Project/dataset/Epic and CSCR hospital Dataset/Train/glioma/gg (606).jpg,glioma,1
/content/drive/MyDrive/Brain_Tumor_CNN_Project/dataset/Epic and CSCR hospital Dataset/Train/glioma/G_791_DA_.jpg,glioma,1
/content/drive/MyDrive/Brain_Tumor_CNN_Project/dataset/Epic and CSCR hospital Dataset/Train/pituitary/P_742_VF_.jpg,pituitary,1
/content/drive/MyDrive/Brain_Tumor_CNN_Project/dataset/Epic and CSCR hospital Dataset/Train/meningioma/Tr-me_1007.jpg,meningioma,1
/content/drive/MyDrive/Brain_Tumor_CNN_Project/dataset/Epic and CSCR hospital Dataset/Train/pituitary/P_715.jpg,pituitary,1
/content/drive/MyDrive/Brain_Tumor_CNN_Project/dataset/Epic and CSCR hospital Dataset/Train/glioma/Tr-gl_1096.jpg,glioma,1
/content/drive/MyDrive/Brain_Tumor_CNN_Project/dataset/Epic and CSCR hospital Dataset/Train/pituitary/Tr-pi_1020.jpg,pituitary,1
/content/drive/MyDrive/Brain_Tumor_CNN_Project/dataset/Epic and CSCR hospital Dataset/Train/meningioma/M_860_RO_.jpg,meningioma,1
/content/drive/MyDrive/Brain_Tumor_CNN_Project/dataset/Epic and CSCR hospital Dataset/Train/glioma/Tr-gl_0134.jpg,glioma,1
/content/drive/MyDrive/Brain_Tumor_CNN_Project/dataset/Epic and CSCR hospital Dataset/Train/meningioma/m1(79).jpg,meningioma,1
/content/drive/MyDrive/Brain_Tumor_CNN_Project/dataset/Epic and CSCR hospital Dataset/Train/pituitary/P_724_HF_.jpg,pituitary,1
/content/drive/MyDrive/Brain_Tumor_CNN_Project/dataset/Epic and CSCR hospital Dataset/Train/glioma/G_784_DA_.jpg,glioma,1
/content/drive/MyDrive/Brain_Tumor_CNN_Project/dataset/Epic and CSCR hospital Dataset/Train/pituitary/P_746_BR_.jpg,pituitary,1
/content/drive/MyDrive/Brain_Tumor_CNN_Project/dataset/Epic and CSCR hospital Dataset/Train/meningioma/Tr-me_0311.jpg,meningioma,1
/content/drive/MyDrive/Brain_Tumor_CNN_Project/dataset/Epic and CSCR hospital Dataset/Train/pituitary/P_761_RO_.jpg,pituitary,1
/content/drive/MyDrive/Brain_Tumor_CNN_Project/dataset/Epic and CSCR hospital Dataset/Train/pituitary/Tr-pi_0293.jpg,pituitary,1
/content/drive/MyDrive/Brain_Tumor_CNN_Project/dataset/Epic and CSCR hospital Dataset/Train/pituitary/P_824_HF_.jpg,pituitary,1
/content/drive/MyDrive/Brain_Tumor_CNN_Project/dataset/Epic and CSCR hospital Dataset/Train/notumor/Tr-no_0418.jpg,notumor,0
/content/drive/MyDrive/Brain_Tumor_CNN_Project/dataset/Epic and CSCR hospital Dataset/Train/notumor/image(160).jpg,notumor,0
/content/drive/MyDrive/Brain_Tumor_CNN_Project/dataset/Epic and CSCR hospital Dataset/Train/pituitary/Tr-pi_0783.jpg,pituitary,1
/content/drive/MyDrive/Brain_Tumor_CNN_Project/dataset/Epic and CSCR hospital Dataset/Train/pituitary/Tr-pi_0576.jpg,pituitary,1
/content/drive/MyDrive/Brain_Tumor_CNN_Project/dataset/Epic and CSCR hospital Dataset/Train/meningioma/M_820_DA_.jpg,meningioma,1
/content/drive/MyDrive/Brain_Tumor_CNN_Project/dataset/Epic and CSCR hospital Dataset/Train/notumor/Tr-no_0075.jpg,notumor,0
/content/drive/MyDrive/Brain_Tumor_CNN_Project/dataset/Epic and CSCR hospital Dataset/Train/glioma/Tr-gl_0498.jpg,glioma,1
/content/drive/MyDrive/Brain_Tumor_CNN_Project/dataset/Epic and CSCR hospital Dataset/Train/meningioma/Te-me_0263.jpg,meningioma,1
/content/drive/MyDrive/Brain_Tumor_CNN_Project/dataset/Epic and CSCR hospital Dataset/Train/glioma/gg (397).jpg,glioma,1
/content/drive/MyDrive/Brain_Tumor_CNN_Project/dataset/Epic and CSCR hospital Dataset/Train/notumor/N_428_HF_.jpg,notumor,0
/content/drive/MyDrive/Brain_Tumor_CNN_Project/dataset/Epic and CSCR hospital Dataset/Train/pituitary/Tr-pi_0364.jpg,pituitary,1
/content/drive/MyDrive/Brain_Tumor_CNN_Project/dataset/Epic and CSCR hospital Dataset/Train/pituitary/P_82.jpg,pituitary,1
/content/drive/MyDrive/Brain_Tumor_CNN_Project/dataset/Epic and CSCR hospital Dataset/Train/pituitary/P_792_BR_.jpg,pituitary,1
/content/drive/MyDrive/Brain_Tumor_CNN_Project/dataset/Epic and CSCR hospital Dataset/Train/glioma/gg (411).jpg,glioma,1
/content/drive/MyDrive/Brain_Tumor_CNN_Project/dataset/Epic and CSCR hospital Dataset/Train/pituitary/P_735.jpg,pituitary,1
/content/drive/MyDrive/Brain_Tumor_CNN_Project/dataset/Epic and CSCR hospital Dataset/Train/pituitary/P_739_BR_.jpg,pituitary,1
/content/drive/MyDrive/Brain_Tumor_CNN_Project/dataset/Epic and CSCR hospital Dataset/Train/notumor/Tr-no_0521.jpg,notumor,0
/content/drive/MyDrive/Brain_Tumor_CNN_Project/dataset/Epic and CSCR hospital Dataset/Train/glioma/G_761.jpg,glioma,1
/content/drive/MyDrive/Brain_Tumor_CNN_Project/dataset/Epic and CSCR hospital Dataset/Train/glioma/G_745.jpg,glioma,1
/content/drive/MyDrive/Brain_Tumor_CNN_Project/dataset/Epic and CSCR hospital Dataset/Train/meningioma/Tr-me_0332.jpg,meningioma,1
/content/drive/MyDrive/Brain_Tumor_CNN_Project/dataset/Epic and CSCR hospital Dataset/Train/glioma/Tr-gl_0146.jpg,glioma,1
/content/drive/MyDrive/Brain_Tumor_CNN_Project/dataset/Epic and CSCR hospital Dataset/Train/glioma/Tr-gl_1059.jpg,glioma,1
/content/drive/MyDrive/Brain_Tumor_CNN_Project/dataset/Epic and CSCR hospital Dataset/Train/pituitary/P_81_VF_.jpg,pituitary,1
/content/drive/MyDrive/Brain_Tumor_CNN_Project/dataset/Epic and CSCR hospital Dataset/Train/pituitary/P_749_HF_.jpg,pituitary,1
/content/drive/MyDrive/Brain_Tumor_CNN_Project/dataset/Epic and CSCR hospital Dataset/Train/meningioma/Tr-me_0186.jpg,meningioma,1
/content/drive/MyDrive/Brain_Tumor_CNN_Project/dataset/Epic and CSCR hospital Dataset/Train/pituitary/P_746.jpg,pituitary,1
/content/drive/MyDrive/Brain_Tumor_CNN_Project/dataset/Epic and CSCR hospital Dataset/Train/glioma/image(15).jpg,glioma,1
/content/drive/MyDrive/Brain_Tumor_CNN_Project/dataset/Epic and CSCR hospital Dataset/Train/meningioma/M_819_DA_.jpg,meningioma,1
/content/drive/MyDrive/Brain_Tumor_CNN_Project/dataset/Epic and CSCR hospital Dataset/Train/meningioma/Tr-me_0979.jpg,meningioma,1
/content/drive/MyDrive/Brain_Tumor_CNN_Project/dataset/Epic and CSCR hospital Dataset/Train/glioma/Tr-gl_0123.jpg,glioma,1
/content/drive/MyDrive/Brain_Tumor_CNN_Project/dataset/Epic and CSCR hospital Dataset/Train/glioma/G_817_VF_.jpg,glioma,1
/content/drive/MyDrive/Brain_Tumor_CNN_Project/dataset/Epic and CSCR hospital Dataset/Train/glioma/Tr-gl_1185.jpg,glioma,1
/content/drive/MyDrive/Brain_Tumor_CNN_Project/dataset/Epic and CSCR hospital Dataset/Train/glioma/gg (662).jpg,glioma,1
/content/drive/MyDrive/Brain_Tumor_CNN_Project/dataset/Epic and CSCR hospital Dataset/Train/glioma/Tr-gl_0417.jpg,glioma,1
/content/drive/MyDrive/Brain_Tumor_CNN_Project/dataset/Epic and CSCR hospital Dataset/Train/meningioma/M_839_BR_.jpg,meningioma,1
/content/drive/MyDrive/Brain_Tumor_CNN_Project/dataset/Epic and CSCR hospital Dataset/Train/glioma/gg (379).jpg,glioma,1
/content/drive/MyDrive/Brain_Tumor_CNN_Project/dataset/Epic and CSCR hospital Dataset/Train/notumor/Tr-no_0142.jpg,notumor,0
/content/drive/MyDrive/Brain_Tumor_CNN_Project/dataset/Epic and CSCR hospital Dataset/Train/notumor/N_426_RO_.jpg,notumor,0
/content/drive/MyDrive/Brain_Tumor_CNN_Project/dataset/Epic and CSCR hospital Dataset/Train/pituitary/P_710_RO_.jpg,pituitary,1
/content/drive/MyDrive/Brain_Tumor_CNN_Project/dataset/Epic and CSCR hospital Dataset/Train/notumor/Tr-no_0376.jpg,notumor,0
/content/drive/MyDrive/Brain_Tumor_CNN_Project/dataset/Epic and CSCR hospital Dataset/Train/notumor/N_41_DA_.jpg,notumor,0
/content/drive/MyDrive/Brain_Tumor_CNN_Project/dataset/Epic and CSCR hospital Dataset/Train/meningioma/Tr-me_0612.jpg,meningioma,1
/content/drive/MyDrive/Brain_Tumor_CNN_Project/dataset/Epic and CSCR hospital Dataset/Train/meningioma/M_885_HF_.jpg,meningioma,1
/content/drive/MyDrive/Brain_Tumor_CNN_Project/dataset/Epic and CSCR hospital Dataset/Train/glioma/G_825.jpg,glioma,1
/content/drive/MyDrive/Brain_Tumor_CNN_Project/dataset/Epic and CSCR hospital Dataset/Train/meningioma/1315.jpg,meningioma,1
/content/drive/MyDrive/Brain_Tumor_CNN_Project/dataset/Epic and CSCR hospital Dataset/Train/glioma/gg (540).jpg,glioma,1
/content/drive/MyDrive/Brain_Tumor_CNN_Project/dataset/Epic and CSCR hospital Dataset/Train/notumor/Tr-no_0172.jpg,notumor,0
/content/drive/MyDrive/Brain_Tumor_CNN_Project/dataset/Epic and CSCR hospital Dataset/Train/glioma/Tr-gl_0524.jpg,glioma,1
/content/drive/MyDrive/Brain_Tumor_CNN_Project/dataset/Epic and CSCR hospital Dataset/Train/glioma/G_858_HF_.jpg,glioma,1
/content/drive/MyDrive/Brain_Tumor_CNN_Project/dataset/Epic and CSCR hospital Dataset/Train/glioma/G_734_RO_.jpg,glioma,1
/content/drive/MyDrive/Brain_Tumor_CNN_Project/dataset/Epic and CSCR hospital Dataset/Train/pituitary/Tr-pi_0522.jpg,pituitary,1
/content/drive/MyDrive/Brain_Tumor_CNN_Project/dataset/Epic and CSCR hospital Dataset/Train/glioma/Tr-gl_1225.jpg,glioma,1
/content/drive/MyDrive/Brain_Tumor_CNN_Project/dataset/Epic and CSCR hospital Dataset/Train/meningioma/Tr-me_0036.jpg,meningioma,1
/content/drive/MyDrive/Brain_Tumor_CNN_Project/dataset/Epic and CSCR hospital Dataset/Train/notumor/Tr-no_0256.jpg,notumor,0
/content/drive/MyDrive/Brain_Tumor_CNN_Project/dataset/Epic and CSCR hospital Dataset/Train/pituitary/Tr-pi_0487.jpg,pituitary,1
/content/drive/MyDrive/Brain_Tumor_CNN_Project/dataset/Epic and CSCR hospital Dataset/Train/pituitary/P_791_BR_.jpg,pituitary,1
/content/drive/MyDrive/Brain_Tumor_CNN_Project/dataset/Epic and CSCR hospital Dataset/Train/notumor/N_37.jpg,notumor,0
/content/drive/MyDrive/Brain_Tumor_CNN_Project/dataset/Epic and CSCR hospital Dataset/Train/pituitary/Tr-pi_0665.jpg,pituitary,1
/content/drive/MyDrive/Brain_Tumor_CNN_Project/dataset/Epic and CSCR hospital Dataset/Train/pituitary/P_724.jpg,pituitary,1
/content/drive/MyDrive/Brain_Tumor_CNN_Project/dataset/Epic and CSCR hospital Dataset/Train/glioma/Tr-gl_0387.jpg,glioma,1
/content/drive/MyDrive/Brain_Tumor_CNN_Project/dataset/Epic and CSCR hospital Dataset/Train/pituitary/P_715_RO_.jpg,pituitary,1
/content/drive/MyDrive/Brain_Tumor_CNN_Project/dataset/Epic and CSCR hospital Dataset/Train/glioma/G_883.jpg,glioma,1
/content/drive/MyDrive/Brain_Tumor_CNN_Project/dataset/Epic and CSCR hospital Dataset/Train/notumor/Tr-no_0119.jpg,notumor,0
/content/drive/MyDrive/Brain_Tumor_CNN_Project/dataset/Epic and CSCR hospital Dataset/Train/glioma/Te-gl_0242.jpg,glioma,1
/content/drive/MyDrive/Brain_Tumor_CNN_Project/dataset/Epic and CSCR hospital Dataset/Train/pituitary/P_796_VF_.jpg,pituitary,1
/content/drive/MyDrive/Brain_Tumor_CNN_Project/dataset/Epic and CSCR hospital Dataset/Train/pituitary/Tr-pi_0231.jpg,pituitary,1
/content/drive/MyDrive/Brain_Tumor_CNN_Project/dataset/Epic and CSCR hospital Dataset/Train/notumor/N_405_RO_.jpg,notumor,0
/content/drive/MyDrive/Brain_Tumor_CNN_Project/dataset/Epic and CSCR hospital Dataset/Train/pituitary/Tr-pi_0607.jpg,pituitary,1
/content/drive/MyDrive/Brain_Tumor_CNN_Project/dataset/Epic and CSCR hospital Dataset/Train/meningioma/Te-me_0065.jpg,meningioma,1
/content/drive/MyDrive/Brain_Tumor_CNN_Project/dataset/Epic and CSCR hospital Dataset/Train/pituitary/P_827_SP_.jpg,pituitary,1
/content/drive/MyDrive/Brain_Tumor_CNN_Project/dataset/Epic and CSCR hospital Dataset/Train/meningioma/Tr-me_0614.jpg,meningioma,1
/content/drive/MyDrive/Brain_Tumor_CNN_Project/dataset/Epic and CSCR hospital Dataset/Train/notumor/N_413_VF_.jpg,notumor,0
/content/drive/MyDrive/Brain_Tumor_CNN_Project/dataset/Epic and CSCR hospital Dataset/Train/glioma/gg (417).jpg,glioma,1
/content/drive/MyDrive/Brain_Tumor_CNN_Project/dataset/Epic and CSCR hospital Dataset/Train/pituitary/P_748_SP_.jpg,pituitary,1
/content/drive/MyDrive/Brain_Tumor_CNN_Project/dataset/Epic and CSCR hospital Dataset/Train/pituitary/Te-pi_0037.jpg,pituitary,1
/content/drive/MyDrive/Brain_Tumor_CNN_Project/dataset/Epic and CSCR hospital Dataset/Train/meningioma/Tr-me_0039.jpg,meningioma,1
/content/drive/MyDrive/Brain_Tumor_CNN_Project/dataset/Epic and CSCR hospital Dataset/Train/notumor/Te-no_0071.jpg,notumor,0
/content/drive/MyDrive/Brain_Tumor_CNN_Project/dataset/Epic and CSCR hospital Dataset/Train/pituitary/Tr-pi_1141.jpg,pituitary,1
/content/drive/MyDrive/Brain_Tumor_CNN_Project/dataset/Epic and CSCR hospital Dataset/Train/notumor/Tr-no_0317.jpg,notumor,0
/content/drive/MyDrive/Brain_Tumor_CNN_Project/dataset/Epic and CSCR hospital Dataset/Train/pituitary/P_786.jpg,pituitary,1
/content/drive/MyDrive/Brain_Tumor_CNN_Project/dataset/Epic and CSCR hospital Dataset/Train/meningioma/M_868_BR_.jpg,meningioma,1
/content/drive/MyDrive/Brain_Tumor_CNN_Project/dataset/Epic and CSCR hospital Dataset/Train/pituitary/P_826_SP_.jpg,pituitary,1
/content/drive/MyDrive/Brain_Tumor_CNN_Project/dataset/Epic and CSCR hospital Dataset/Train/glioma/G_872_BR_.jpg,glioma,1
/content/drive/MyDrive/Brain_Tumor_CNN_Project/dataset/Epic and CSCR hospital Dataset/Train/meningioma/m3 (155).jpg,meningioma,1
/content/drive/MyDrive/Brain_Tumor_CNN_Project/dataset/Epic and CSCR hospital Dataset/Train/notumor/N_381_DA_.jpg,notumor,0
/content/drive/MyDrive/Brain_Tumor_CNN_Project/dataset/Epic and CSCR hospital Dataset/Train/meningioma/m2 (161).jpg,meningioma,1
/content/drive/MyDrive/Brain_Tumor_CNN_Project/dataset/Epic and CSCR hospital Dataset/Train/notumor/Tr-no_0538.jpg,notumor,0
/content/drive/MyDrive/Brain_Tumor_CNN_Project/dataset/Epic and CSCR hospital Dataset/Train/glioma/G_775_HF_.jpg,glioma,1
/content/drive/MyDrive/Brain_Tumor_CNN_Project/dataset/Epic and CSCR hospital Dataset/Train/pituitary/Tr-pi_0573.jpg,pituitary,1
/content/drive/MyDrive/Brain_Tumor_CNN_Project/dataset/Epic and CSCR hospital Dataset/Train/notumor/N3.jpg,notumor,0
/content/drive/MyDrive/Brain_Tumor_CNN_Project/dataset/Epic and CSCR hospital Dataset/Train/glioma/G_713.jpg,glioma,1
/content/drive/MyDrive/Brain_Tumor_CNN_Project/dataset/Epic and CSCR hospital Dataset/Train/glioma/G_752.jpg,glioma,1
/content/drive/MyDrive/Brain_Tumor_CNN_Project/dataset/Epic and CSCR hospital Dataset/Train/meningioma/m1(89).jpg,meningioma,1
/content/drive/MyDrive/Brain_Tumor_CNN_Project/dataset/Epic and CSCR hospital Dataset/Train/meningioma/Tr-me_0334.jpg,meningioma,1
/content/drive/MyDrive/Brain_Tumor_CNN_Project/dataset/Epic and CSCR hospital Dataset/Train/pituitary/p (550).jpg,pituitary,1
/content/drive/MyDrive/Brain_Tumor_CNN_Project/dataset/Epic and CSCR hospital Dataset/Train/glioma/Te-gl_0295.jpg,glioma,1
/content/drive/MyDrive/Brain_Tumor_CNN_Project/dataset/Epic and CSCR hospital Dataset/Train/notumor/image(144) - Copy.jpg,notumor,0
/content/drive/MyDrive/Brain_Tumor_CNN_Project/dataset/Epic and CSCR hospital Dataset/Train/glioma/G_726.jpg,glioma,1
/content/drive/MyDrive/Brain_Tumor_CNN_Project/dataset/Epic and CSCR hospital Dataset/Train/pituitary/P_73_SP_.jpg,pituitary,1
/content/drive/MyDrive/Brain_Tumor_CNN_Project/dataset/Epic and CSCR hospital Dataset/Train/glioma/Te-gl_0207.jpg,glioma,1
/content/drive/MyDrive/Brain_Tumor_CNN_Project/dataset/Epic and CSCR hospital Dataset/Train/glioma/Tr-gl_0603.jpg,glioma,1
/content/drive/MyDrive/Brain_Tumor_CNN_Project/dataset/Epic and CSCR hospital Dataset/Train/notumor/Tr-no_0508.jpg,notumor,0
/content/drive/MyDrive/Brain_Tumor_CNN_Project/dataset/Epic and CSCR hospital Dataset/Train/meningioma/M_880_SP_.jpg,meningioma,1
/content/drive/MyDrive/Brain_Tumor_CNN_Project/dataset/Epic and CSCR hospital Dataset/Train/glioma/Tr-gl_0582.jpg,glioma,1
/content/drive/MyDrive/Brain_Tumor_CNN_Project/dataset/Epic and CSCR hospital Dataset/Train/meningioma/Te-me_0154.jpg,meningioma,1
/content/drive/MyDrive/Brain_Tumor_CNN_Project/dataset/Epic and CSCR hospital Dataset/Train/notumor/Tr-no_0428.jpg,notumor,0
/content/drive/MyDrive/Brain_Tumor_CNN_Project/dataset/Epic and CSCR hospital Dataset/Train/glioma/G_820_RO_.jpg,glioma,1
/content/drive/MyDrive/Brain_Tumor_CNN_Project/dataset/Epic and CSCR hospital Dataset/Train/meningioma/M_819_HF_.jpg,meningioma,1
/content/drive/MyDrive/Brain_Tumor_CNN_Project/dataset/Epic and CSCR hospital Dataset/Train/glioma/G_813_HF_.jpg,glioma,1
/content/drive/MyDrive/Brain_Tumor_CNN_Project/dataset/Epic and CSCR hospital Dataset/Train/notumor/N_392_VF_.jpg,notumor,0
/content/drive/MyDrive/Brain_Tumor_CNN_Project/dataset/Epic and CSCR hospital Dataset/Train/meningioma/Tr-me_1293.jpg,meningioma,1
/content/drive/MyDrive/Brain_Tumor_CNN_Project/dataset/Epic and CSCR hospital Dataset/Train/notumor/Tr-no_0640.jpg,notumor,0
/content/drive/MyDrive/Brain_Tumor_CNN_Project/dataset/Epic and CSCR hospital Dataset/Train/notumor/N_390_VF_.jpg,notumor,0
/content/drive/MyDrive/Brain_Tumor_CNN_Project/dataset/Epic and CSCR hospital Dataset/Train/meningioma/1385.jpg,meningioma,1
/content/drive/MyDrive/Brain_Tumor_CNN_Project/dataset/Epic and CSCR hospital Dataset/Train/notumor/Tr-no_0514.jpg,notumor,0
/content/drive/MyDrive/Brain_Tumor_CNN_Project/dataset/Epic and CSCR hospital Dataset/Train/notumor/N_373_RO_.jpg,notumor,0
/content/drive/MyDrive/Brain_Tumor_CNN_Project/dataset/Epic and CSCR hospital Dataset/Train/glioma/G_785_VF_.jpg,glioma,1
/content/drive/MyDrive/Brain_Tumor_CNN_Project/dataset/Epic and CSCR hospital Dataset/Train/meningioma/Te-me_0216.jpg,meningioma,1
/content/drive/MyDrive/Brain_Tumor_CNN_Project/dataset/Epic and CSCR hospital Dataset/Train/meningioma/Tr-me_0869.jpg,meningioma,1
/content/drive/MyDrive/Brain_Tumor_CNN_Project/dataset/Epic and CSCR hospital Dataset/Train/pituitary/P_776_VF_.jpg,pituitary,1
/content/drive/MyDrive/Brain_Tumor_CNN_Project/dataset/Epic and CSCR hospital Dataset/Train/notumor/1924.jpg,notumor,0
/content/drive/MyDrive/Brain_Tumor_CNN_Project/dataset/Epic and CSCR hospital Dataset/Train/notumor/image(180).jpg,notumor,0
/content/drive/MyDrive/Brain_Tumor_CNN_Project/dataset/Epic and CSCR hospital Dataset/Train/meningioma/Tr-me_0227.jpg,meningioma,1
/content/drive/MyDrive/Brain_Tumor_CNN_Project/dataset/Epic and CSCR hospital Dataset/Train/pituitary/Tr-pi_1346.jpg,pituitary,1
/content/drive/MyDrive/Brain_Tumor_CNN_Project/dataset/Epic and CSCR hospital Dataset/Train/pituitary/Tr-pi_0185.jpg,pituitary,1
/content/drive/MyDrive/Brain_Tumor_CNN_Project/dataset/Epic and CSCR hospital Dataset/Train/pituitary/P_83_SP_.jpg,pituitary,1
/content/drive/MyDrive/Brain_Tumor_CNN_Project/dataset/Epic and CSCR hospital Dataset/Train/notumor/1727.jpg,notumor,0
/content/drive/MyDrive/Brain_Tumor_CNN_Project/dataset/Epic and CSCR hospital Dataset/Train/pituitary/Tr-pi_0310.jpg,pituitary,1
/content/drive/MyDrive/Brain_Tumor_CNN_Project/dataset/Epic and CSCR hospital Dataset/Train/notumor/N_400_RO_.jpg,notumor,0
/content/drive/MyDrive/Brain_Tumor_CNN_Project/dataset/Epic and CSCR hospital Dataset/Train/pituitary/Tr-pi_0696.jpg,pituitary,1
/content/drive/MyDrive/Brain_Tumor_CNN_Project/dataset/Epic and CSCR hospital Dataset/Train/glioma/G_772_HF_.jpg,glioma,1
/content/drive/MyDrive/Brain_Tumor_CNN_Project/dataset/Epic and CSCR hospital Dataset/Train/pituitary/Te-pi_0127.jpg,pituitary,1
/content/drive/MyDrive/Brain_Tumor_CNN_Project/dataset/Epic and CSCR hospital Dataset/Train/pituitary/P_80_BR_.jpg,pituitary,1
/content/drive/MyDrive/Brain_Tumor_CNN_Project/dataset/Epic and CSCR hospital Dataset/Train/glioma/G_874_VF_.jpg,glioma,1
/content/drive/MyDrive/Brain_Tumor_CNN_Project/dataset/Epic and CSCR hospital Dataset/Train/glioma/Tr-gl_0570.jpg,glioma,1
/content/drive/MyDrive/Brain_Tumor_CNN_Project/dataset/Epic and CSCR hospital Dataset/Train/pituitary/P_74_VF_.jpg,pituitary,1
/content/drive/MyDrive/Brain_Tumor_CNN_Project/dataset/Epic and CSCR hospital Dataset/Train/notumor/N_391_VF_.jpg,notumor,0
/content/drive/MyDrive/Brain_Tumor_CNN_Project/dataset/Epic and CSCR hospital Dataset/Train/notumor/Tr-no_0287.jpg,notumor,0
/content/drive/MyDrive/Brain_Tumor_CNN_Project/dataset/Epic and CSCR hospital Dataset/Train/pituitary/P_818_BR_.jpg,pituitary,1
/content/drive/MyDrive/Brain_Tumor_CNN_Project/dataset/Epic and CSCR hospital Dataset/Train/meningioma/Tr-me_0908.jpg,meningioma,1
/content/drive/MyDrive/Brain_Tumor_CNN_Project/dataset/Epic and CSCR hospital Dataset/Train/meningioma/Tr-me_0900.jpg,meningioma,1
/content/drive/MyDrive/Brain_Tumor_CNN_Project/dataset/Epic and CSCR hospital Dataset/Train/glioma/Tr-gl_1039.jpg,glioma,1
/content/drive/MyDrive/Brain_Tumor_CNN_Project/dataset/Epic and CSCR hospital Dataset/Train/glioma/G_843_VF_.jpg,glioma,1
/content/drive/MyDrive/Brain_Tumor_CNN_Project/dataset/Epic and CSCR hospital Dataset/Train/notumor/Tr-no_0153.jpg,notumor,0
/content/drive/MyDrive/Brain_Tumor_CNN_Project/dataset/Epic and CSCR hospital Dataset/Train/glioma/gg (602).jpg,glioma,1
/content/drive/MyDrive/Brain_Tumor_CNN_Project/dataset/Epic and CSCR hospital Dataset/Train/notumor/N_36_RO_.jpg,notumor,0
/content/drive/MyDrive/Brain_Tumor_CNN_Project/dataset/Epic and CSCR hospital Dataset/Train/meningioma/1390.jpg,meningioma,1
/content/drive/MyDrive/Brain_Tumor_CNN_Project/dataset/Epic and CSCR hospital Dataset/Train/glioma/Tr-gl_1169.jpg,glioma,1
/content/drive/MyDrive/Brain_Tumor_CNN_Project/dataset/Epic and CSCR hospital Dataset/Train/glioma/gg (647).jpg,glioma,1
/content/drive/MyDrive/Brain_Tumor_CNN_Project/dataset/Epic and CSCR hospital Dataset/Train/pituitary/P_717_SP_.jpg,pituitary,1
/content/drive/MyDrive/Brain_Tumor_CNN_Project/dataset/Epic and CSCR hospital Dataset/Train/pituitary/Tr-pi_0317.jpg,pituitary,1
/content/drive/MyDrive/Brain_Tumor_CNN_Project/dataset/Epic and CSCR hospital Dataset/Train/notumor/Tr-no_0614.jpg,notumor,0
/content/drive/MyDrive/Brain_Tumor_CNN_Project/dataset/Epic and CSCR hospital Dataset/Train/pituitary/P_771_SP_.jpg,pituitary,1
/content/drive/MyDrive/Brain_Tumor_CNN_Project/dataset/Epic and CSCR hospital Dataset/Train/notumor/N_393_HF_.jpg,notumor,0
/content/drive/MyDrive/Brain_Tumor_CNN_Project/dataset/Epic and CSCR hospital Dataset/Train/glioma/G_764_SP_.jpg,glioma,1
/content/drive/MyDrive/Brain_Tumor_CNN_Project/dataset/Epic and CSCR hospital Dataset/Train/meningioma/Tr-me_0386.jpg,meningioma,1
/content/drive/MyDrive/Brain_Tumor_CNN_Project/dataset/Epic and CSCR hospital Dataset/Train/pituitary/P_768_VF_.jpg,pituitary,1
/content/drive/MyDrive/Brain_Tumor_CNN_Project/dataset/Epic and CSCR hospital Dataset/Train/meningioma/Tr-me_0857.jpg,meningioma,1
/content/drive/MyDrive/Brain_Tumor_CNN_Project/dataset/Epic and CSCR hospital Dataset/Train/glioma/Te-gl_0071.jpg,glioma,1
/content/drive/MyDrive/Brain_Tumor_CNN_Project/dataset/Epic and CSCR hospital Dataset/Train/glioma/Tr-gl_0574.jpg,glioma,1
/content/drive/MyDrive/Brain_Tumor_CNN_Project/dataset/Epic and CSCR hospital Dataset/Train/meningioma/M_841_DA_.jpg,meningioma,1
/content/drive/MyDrive/Brain_Tumor_CNN_Project/dataset/Epic and CSCR hospital Dataset/Train/pituitary/P_766_RO_.jpg,pituitary,1
/content/drive/MyDrive/Brain_Tumor_CNN_Project/dataset/Epic and CSCR hospital Dataset/Train/notumor/N_388_HF_.jpg,notumor,0
/content/drive/MyDrive/Brain_Tumor_CNN_Project/dataset/Epic and CSCR hospital Dataset/Train/meningioma/Tr-me_1191.jpg,meningioma,1
/content/drive/MyDrive/Brain_Tumor_CNN_Project/dataset/Epic and CSCR hospital Dataset/Train/meningioma/Tr-me_1234.jpg,meningioma,1
/content/drive/MyDrive/Brain_Tumor_CNN_Project/dataset/Epic and CSCR hospital Dataset/Train/meningioma/Te-me_0077.jpg,meningioma,1
/content/drive/MyDrive/Brain_Tumor_CNN_Project/dataset/Epic and CSCR hospital Dataset/Train/glioma/Te-gl_0115.jpg,glioma,1
/content/drive/MyDrive/Brain_Tumor_CNN_Project/dataset/Epic and CSCR hospital Dataset/Train/pituitary/P_769_HF_.jpg,pituitary,1
/content/drive/MyDrive/Brain_Tumor_CNN_Project/dataset/Epic and CSCR hospital Dataset/Train/meningioma/M_850_SP_.jpg,meningioma,1
/content/drive/MyDrive/Brain_Tumor_CNN_Project/dataset/Epic and CSCR hospital Dataset/Train/notumor/Te-no_0137.jpg,notumor,0
/content/drive/MyDrive/Brain_Tumor_CNN_Project/dataset/Epic and CSCR hospital Dataset/Train/notumor/Tr-no_0546.jpg,notumor,0
/content/drive/MyDrive/Brain_Tumor_CNN_Project/dataset/Epic and CSCR hospital Dataset/Train/glioma/gg (547).jpg,glioma,1
/content/drive/MyDrive/Brain_Tumor_CNN_Project/dataset/Epic and CSCR hospital Dataset/Train/pituitary/Tr-pi_1126.jpg,pituitary,1
/content/drive/MyDrive/Brain_Tumor_CNN_Project/dataset/Epic and CSCR hospital Dataset/Train/pituitary/Tr-pi_0631.jpg,pituitary,1
/content/drive/MyDrive/Brain_Tumor_CNN_Project/dataset/Epic and CSCR hospital Dataset/Train/notumor/Tr-no_0157.jpg,notumor,0
/content/drive/MyDrive/Brain_Tumor_CNN_Project/dataset/Epic and CSCR hospital Dataset/Train/meningioma/Tr-me_1014.jpg,meningioma,1
/content/drive/MyDrive/Brain_Tumor_CNN_Project/dataset/Epic and CSCR hospital Dataset/Train/pituitary/Tr-pi_0738.jpg,pituitary,1
/content/drive/MyDrive/Brain_Tumor_CNN_Project/dataset/Epic and CSCR hospital Dataset/Train/glioma/Tr-gl_0345.jpg,glioma,1
/content/drive/MyDrive/Brain_Tumor_CNN_Project/dataset/Epic and CSCR hospital Dataset/Train/glioma/G_788_HF_.jpg,glioma,1
/content/drive/MyDrive/Brain_Tumor_CNN_Project/dataset/Epic and CSCR hospital Dataset/Train/notumor/Tr-no_0225.jpg,notumor,0
/content/drive/MyDrive/Brain_Tumor_CNN_Project/dataset/Epic and CSCR hospital Dataset/Train/meningioma/1382.jpg,meningioma,1
/content/drive/MyDrive/Brain_Tumor_CNN_Project/dataset/Epic and CSCR hospital Dataset/Train/pituitary/Te-pi_0069.jpg,pituitary,1
/content/drive/MyDrive/Brain_Tumor_CNN_Project/dataset/Epic and CSCR hospital Dataset/Train/pituitary/P_72_VF_.jpg,pituitary,1
/content/drive/MyDrive/Brain_Tumor_CNN_Project/dataset/Epic and CSCR hospital Dataset/Train/glioma/Tr-gl_0176.jpg,glioma,1
/content/drive/MyDrive/Brain_Tumor_CNN_Project/dataset/Epic and CSCR hospital Dataset/Train/meningioma/M_830_VF_.jpg,meningioma,1
/content/drive/MyDrive/Brain_Tumor_CNN_Project/dataset/Epic and CSCR hospital Dataset/Train/meningioma/Tr-me_0804.jpg,meningioma,1
/content/drive/MyDrive/Brain_Tumor_CNN_Project/dataset/Epic and CSCR hospital Dataset/Train/glioma/G_715_HF_.jpg,glioma,1
/content/drive/MyDrive/Brain_Tumor_CNN_Project/dataset/Epic and CSCR hospital Dataset/Train/notumor/Tr-no_0621.jpg,notumor,0
/content/drive/MyDrive/Brain_Tumor_CNN_Project/dataset/Epic and CSCR hospital Dataset/Train/pituitary/Tr-pi_0262.jpg,pituitary,1
/content/drive/MyDrive/Brain_Tumor_CNN_Project/dataset/Epic and CSCR hospital Dataset/Train/notumor/N_39_HF_.jpg,notumor,0
/content/drive/MyDrive/Brain_Tumor_CNN_Project/dataset/Epic and CSCR hospital Dataset/Train/notumor/Te-no_0244.jpg,notumor,0
/content/drive/MyDrive/Brain_Tumor_CNN_Project/dataset/Epic and CSCR hospital Dataset/Train/notumor/Tr-no_0337.jpg,notumor,0
/content/drive/MyDrive/Brain_Tumor_CNN_Project/dataset/Epic and CSCR hospital Dataset/Train/meningioma/Tr-me_0624.jpg,meningioma,1
/content/drive/MyDrive/Brain_Tumor_CNN_Project/dataset/Epic and CSCR hospital Dataset/Train/meningioma/Tr-me_0552.jpg,meningioma,1
/content/drive/MyDrive/Brain_Tumor_CNN_Project/dataset/Epic and CSCR hospital Dataset/Train/glioma/Tr-gl_0540.jpg,glioma,1
/content/drive/MyDrive/Brain_Tumor_CNN_Project/dataset/Epic and CSCR hospital Dataset/Train/glioma/G_763.jpg,glioma,1
/content/drive/MyDrive/Brain_Tumor_CNN_Project/dataset/Epic and CSCR hospital Dataset/Train/glioma/G_838_VF_.jpg,glioma,1
/content/drive/MyDrive/Brain_Tumor_CNN_Project/dataset/Epic and CSCR hospital Dataset/Train/meningioma/Tr-me_0354.jpg,meningioma,1
/content/drive/MyDrive/Brain_Tumor_CNN_Project/dataset/Epic and CSCR hospital Dataset/Train/pituitary/P_768.jpg,pituitary,1
/content/drive/MyDrive/Brain_Tumor_CNN_Project/dataset/Epic and CSCR hospital Dataset/Train/notumor/1652.jpg,notumor,0
/content/drive/MyDrive/Brain_Tumor_CNN_Project/dataset/Epic and CSCR hospital Dataset/Train/pituitary/P_750_VF_.jpg,pituitary,1
/content/drive/MyDrive/Brain_Tumor_CNN_Project/dataset/Epic and CSCR hospital Dataset/Train/glioma/gg (53).jpg,glioma,1
/content/drive/MyDrive/Brain_Tumor_CNN_Project/dataset/Epic and CSCR hospital Dataset/Train/pituitary/Te-pi_0123.jpg,pituitary,1
/content/drive/MyDrive/Brain_Tumor_CNN_Project/dataset/Epic and CSCR hospital Dataset/Train/pituitary/Te-pi_0049.jpg,pituitary,1
/content/drive/MyDrive/Brain_Tumor_CNN_Project/dataset/Epic and CSCR hospital Dataset/Train/meningioma/Tr-me_1037.jpg,meningioma,1
/content/drive/MyDrive/Brain_Tumor_CNN_Project/dataset/Epic and CSCR hospital Dataset/Train/notumor/N_37_DA_.jpg,notumor,0
/content/drive/MyDrive/Brain_Tumor_CNN_Project/dataset/Epic and CSCR hospital Dataset/Train/glioma/gg (487).jpg,glioma,1
/content/drive/MyDrive/Brain_Tumor_CNN_Project/dataset/Epic and CSCR hospital Dataset/Train/glioma/Tr-gl_0869.jpg,glioma,1
/content/drive/MyDrive/Brain_Tumor_CNN_Project/dataset/Epic and CSCR hospital Dataset/Train/meningioma/1397.jpg,meningioma,1
/content/drive/MyDrive/Brain_Tumor_CNN_Project/dataset/Epic and CSCR hospital Dataset/Train/pituitary/P_751.jpg,pituitary,1
/content/drive/MyDrive/Brain_Tumor_CNN_Project/dataset/Epic and CSCR hospital Dataset/Train/meningioma/Tr-me_0487.jpg,meningioma,1
/content/drive/MyDrive/Brain_Tumor_CNN_Project/dataset/Epic and CSCR hospital Dataset/Train/glioma/Tr-gl_1177.jpg,glioma,1
/content/drive/MyDrive/Brain_Tumor_CNN_Project/dataset/Epic and CSCR hospital Dataset/Train/notumor/Te-no_0085.jpg,notumor,0
/content/drive/MyDrive/Brain_Tumor_CNN_Project/dataset/Epic and CSCR hospital Dataset/Train/pituitary/Tr-pi_0591.jpg,pituitary,1
/content/drive/MyDrive/Brain_Tumor_CNN_Project/dataset/Epic and CSCR hospital Dataset/Train/glioma/G_755.jpg,glioma,1
/content/drive/MyDrive/Brain_Tumor_CNN_Project/dataset/Epic and CSCR hospital Dataset/Train/notumor/1657.jpg,notumor,0
/content/drive/MyDrive/Brain_Tumor_CNN_Project/dataset/Epic and CSCR hospital Dataset/Train/glioma/G_876_DA_.jpg,glioma,1
/content/drive/MyDrive/Brain_Tumor_CNN_Project/dataset/Epic and CSCR hospital Dataset/Train/meningioma/m2 (65).jpg,meningioma,1
/content/drive/MyDrive/Brain_Tumor_CNN_Project/dataset/Epic and CSCR hospital Dataset/Train/notumor/Tr-no_0377.jpg,notumor,0
/content/drive/MyDrive/Brain_Tumor_CNN_Project/dataset/Epic and CSCR hospital Dataset/Train/notumor/N_40_RO_.jpg,notumor,0
/content/drive/MyDrive/Brain_Tumor_CNN_Project/dataset/Epic and CSCR hospital Dataset/Train/pituitary/Tr-pi_0351.jpg,pituitary,1
/content/drive/MyDrive/Brain_Tumor_CNN_Project/dataset/Epic and CSCR hospital Dataset/Train/glioma/G_847_SP_.jpg,glioma,1
/content/drive/MyDrive/Brain_Tumor_CNN_Project/dataset/Epic and CSCR hospital Dataset/Train/meningioma/M_824_BR_.jpg,meningioma,1
/content/drive/MyDrive/Brain_Tumor_CNN_Project/dataset/Epic and CSCR hospital Dataset/Train/meningioma/Tr-me_0823.jpg,meningioma,1
/content/drive/MyDrive/Brain_Tumor_CNN_Project/dataset/Epic and CSCR hospital Dataset/Train/pituitary/P_732_DA_.jpg,pituitary,1
/content/drive/MyDrive/Brain_Tumor_CNN_Project/dataset/Epic and CSCR hospital Dataset/Train/glioma/G_838_RO_.jpg,glioma,1
/content/drive/MyDrive/Brain_Tumor_CNN_Project/dataset/Epic and CSCR hospital Dataset/Train/glioma/G_879.jpg,glioma,1
/content/drive/MyDrive/Brain_Tumor_CNN_Project/dataset/Epic and CSCR hospital Dataset/Train/notumor/N_407_SP_.jpg,notumor,0
/content/drive/MyDrive/Brain_Tumor_CNN_Project/dataset/Epic and CSCR hospital Dataset/Train/notumor/N_3_BR_.jpg,notumor,0
/content/drive/MyDrive/Brain_Tumor_CNN_Project/dataset/Epic and CSCR hospital Dataset/Train/meningioma/Tr-me_0299.jpg,meningioma,1
/content/drive/MyDrive/Brain_Tumor_CNN_Project/dataset/Epic and CSCR hospital Dataset/Train/meningioma/Tr-me_1241.jpg,meningioma,1
/content/drive/MyDrive/Brain_Tumor_CNN_Project/dataset/Epic and CSCR hospital Dataset/Train/glioma/G_835_DA_.jpg,glioma,1
/content/drive/MyDrive/Brain_Tumor_CNN_Project/dataset/Epic and CSCR hospital Dataset/Train/glioma/G_859_VF_.jpg,glioma,1
/content/drive/MyDrive/Brain_Tumor_CNN_Project/dataset/Epic and CSCR hospital Dataset/Train/notumor/N_397_DA_.jpg,notumor,0
/content/drive/MyDrive/Brain_Tumor_CNN_Project/dataset/Epic and CSCR hospital Dataset/Train/meningioma/Tr-me_0351.jpg,meningioma,1
/content/drive/MyDrive/Brain_Tumor_CNN_Project/dataset/Epic and CSCR hospital Dataset/Train/meningioma/M_863_RO_.jpg,meningioma,1
/content/drive/MyDrive/Brain_Tumor_CNN_Project/dataset/Epic and CSCR hospital Dataset/Train/meningioma/Tr-me_0594.jpg,meningioma,1
/content/drive/MyDrive/Brain_Tumor_CNN_Project/dataset/Epic and CSCR hospital Dataset/Train/glioma/Tr-gl_0800.jpg,glioma,1
/content/drive/MyDrive/Brain_Tumor_CNN_Project/dataset/Epic and CSCR hospital Dataset/Train/meningioma/1370.jpg,meningioma,1
/content/drive/MyDrive/Brain_Tumor_CNN_Project/dataset/Epic and CSCR hospital Dataset/Train/pituitary/P_763_HF_.jpg,pituitary,1
/content/drive/MyDrive/Brain_Tumor_CNN_Project/dataset/Epic and CSCR hospital Dataset/Train/glioma/G_775_RO_.jpg,glioma,1
/content/drive/MyDrive/Brain_Tumor_CNN_Project/dataset/Epic and CSCR hospital Dataset/Train/glioma/Tr-gl_0595.jpg,glioma,1
/content/drive/MyDrive/Brain_Tumor_CNN_Project/dataset/Epic and CSCR hospital Dataset/Train/glioma/G_811_DA_.jpg,glioma,1
/content/drive/MyDrive/Brain_Tumor_CNN_Project/dataset/Epic and CSCR hospital Dataset/Train/pituitary/p (509).jpg,pituitary,1
/content/drive/MyDrive/Brain_Tumor_CNN_Project/dataset/Epic and CSCR hospital Dataset/Train/pituitary/P_70_DA_.jpg,pituitary,1
/content/drive/MyDrive/Brain_Tumor_CNN_Project/dataset/Epic and CSCR hospital Dataset/Train/meningioma/Tr-me_1072.jpg,meningioma,1
/content/drive/MyDrive/Brain_Tumor_CNN_Project/dataset/Epic and CSCR hospital Dataset/Train/glioma/Tr-gl_0917.jpg,glioma,1
/content/drive/MyDrive/Brain_Tumor_CNN_Project/dataset/Epic and CSCR hospital Dataset/Train/notumor/Tr-no_0184.jpg,notumor,0
/content/drive/MyDrive/Brain_Tumor_CNN_Project/dataset/Epic and CSCR hospital Dataset/Train/glioma/G_811_HF_.jpg,glioma,1
/content/drive/MyDrive/Brain_Tumor_CNN_Project/dataset/Epic and CSCR hospital Dataset/Train/glioma/Tr-gl_0229.jpg,glioma,1
/content/drive/MyDrive/Brain_Tumor_CNN_Project/dataset/Epic and CSCR hospital Dataset/Train/meningioma/Tr-me_0290.jpg,meningioma,1
/content/drive/MyDrive/Brain_Tumor_CNN_Project/dataset/Epic and CSCR hospital Dataset/Train/glioma/G_806_RO_.jpg,glioma,1
/content/drive/MyDrive/Brain_Tumor_CNN_Project/dataset/Epic and CSCR hospital Dataset/Train/notumor/image(175).jpg,notumor,0
/content/drive/MyDrive/Brain_Tumor_CNN_Project/dataset/Epic and CSCR hospital Dataset/Train/meningioma/Te-me_0066.jpg,meningioma,1
/content/drive/MyDrive/Brain_Tumor_CNN_Project/dataset/Epic and CSCR hospital Dataset/Train/pituitary/Tr-pi_0548.jpg,pituitary,1
/content/drive/MyDrive/Brain_Tumor_CNN_Project/dataset/Epic and CSCR hospital Dataset/Train/pituitary/Tr-pi_1162.jpg,pituitary,1
/content/drive/MyDrive/Brain_Tumor_CNN_Project/dataset/Epic and CSCR hospital Dataset/Train/notumor/N_423_DA_.jpg,notumor,0
/content/drive/MyDrive/Brain_Tumor_CNN_Project/dataset/Epic and CSCR hospital Dataset/Train/glioma/gg (533).jpg,glioma,1
/content/drive/MyDrive/Brain_Tumor_CNN_Project/dataset/Epic and CSCR hospital Dataset/Train/glioma/gg (42).jpg,glioma,1
/content/drive/MyDrive/Brain_Tumor_CNN_Project/dataset/Epic and CSCR hospital Dataset/Train/meningioma/Tr-me_0846.jpg,meningioma,1
/content/drive/MyDrive/Brain_Tumor_CNN_Project/dataset/Epic and CSCR hospital Dataset/Train/pituitary/Tr-pi_0997.jpg,pituitary,1
/content/drive/MyDrive/Brain_Tumor_CNN_Project/dataset/Epic and CSCR hospital Dataset/Train/notumor/1779.jpg,notumor,0
/content/drive/MyDrive/Brain_Tumor_CNN_Project/dataset/Epic and CSCR hospital Dataset/Train/glioma/Tr-gl_0993.jpg,glioma,1
/content/drive/MyDrive/Brain_Tumor_CNN_Project/dataset/Epic and CSCR hospital Dataset/Train/meningioma/Tr-me_0185.jpg,meningioma,1
/content/drive/MyDrive/Brain_Tumor_CNN_Project/dataset/Epic and CSCR hospital Dataset/Train/meningioma/m2 (108).jpg,meningioma,1
/content/drive/MyDrive/Brain_Tumor_CNN_Project/dataset/Epic and CSCR hospital Dataset/Train/glioma/image(2).jpg,glioma,1
/content/drive/MyDrive/Brain_Tumor_CNN_Project/dataset/Epic and CSCR hospital Dataset/Train/notumor/Te-no_0252.jpg,notumor,0
/content/drive/MyDrive/Brain_Tumor_CNN_Project/dataset/Epic and CSCR hospital Dataset/Train/notumor/Te-no_0295.jpg,notumor,0
/content/drive/MyDrive/Brain_Tumor_CNN_Project/dataset/Epic and CSCR hospital Dataset/Train/pituitary/Tr-pi_1311.jpg,pituitary,1
/content/drive/MyDrive/Brain_Tumor_CNN_Project/dataset/Epic and CSCR hospital Dataset/Train/notumor/1684.jpg,notumor,0
/content/drive/MyDrive/Brain_Tumor_CNN_Project/dataset/Epic and CSCR hospital Dataset/Train/glioma/Te-gl_0083.jpg,glioma,1
/content/drive/MyDrive/Brain_Tumor_CNN_Project/dataset/Epic and CSCR hospital Dataset/Train/notumor/1882.jpg,notumor,0
/content/drive/MyDrive/Brain_Tumor_CNN_Project/dataset/Epic and CSCR hospital Dataset/Train/notumor/N_433_RO_.jpg,notumor,0
/content/drive/MyDrive/Brain_Tumor_CNN_Project/dataset/Epic and CSCR hospital Dataset/Train/glioma/G_856_SP_.jpg,glioma,1
/content/drive/MyDrive/Brain_Tumor_CNN_Project/dataset/Epic and CSCR hospital Dataset/Train/meningioma/Tr-me_1236.jpg,meningioma,1
/content/drive/MyDrive/Brain_Tumor_CNN_Project/dataset/Epic and CSCR hospital Dataset/Train/glioma/Te-gl_0104.jpg,glioma,1
/content/drive/MyDrive/Brain_Tumor_CNN_Project/dataset/Epic and CSCR hospital Dataset/Train/pituitary/Tr-pi_1194.jpg,pituitary,1
/content/drive/MyDrive/Brain_Tumor_CNN_Project/dataset/Epic and CSCR hospital Dataset/Train/pituitary/Tr-pi_0537.jpg,pituitary,1
/content/drive/MyDrive/Brain_Tumor_CNN_Project/dataset/Epic and CSCR hospital Dataset/Train/glioma/image(55).jpg,glioma,1
/content/drive/MyDrive/Brain_Tumor_CNN_Project/dataset/Epic and CSCR hospital Dataset/Train/pituitary/P_839_VF_.jpg,pituitary,1
/content/drive/MyDrive/Brain_Tumor_CNN_Project/dataset/Epic and CSCR hospital Dataset/Train/notumor/N_414_RO_.jpg,notumor,0
/content/drive/MyDrive/Brain_Tumor_CNN_Project/dataset/Epic and CSCR hospital Dataset/Train/notumor/image(161).jpg,notumor,0
/content/drive/MyDrive/Brain_Tumor_CNN_Project/dataset/Epic and CSCR hospital Dataset/Train/pituitary/P_80.jpg,pituitary,1
/content/drive/MyDrive/Brain_Tumor_CNN_Project/dataset/Epic and CSCR hospital Dataset/Train/pituitary/Tr-pi_0528.jpg,pituitary,1
/content/drive/MyDrive/Brain_Tumor_CNN_Project/dataset/Epic and CSCR hospital Dataset/Train/meningioma/Te-me_0257.jpg,meningioma,1
/content/drive/MyDrive/Brain_Tumor_CNN_Project/dataset/Epic and CSCR hospital Dataset/Train/notumor/Tr-no_0092.jpg,notumor,0
/content/drive/MyDrive/Brain_Tumor_CNN_Project/dataset/Epic and CSCR hospital Dataset/Train/glioma/G_836_HF_.jpg,glioma,1
/content/drive/MyDrive/Brain_Tumor_CNN_Project/dataset/Epic and CSCR hospital Dataset/Train/glioma/G_838_DA_.jpg,glioma,1
/content/drive/MyDrive/Brain_Tumor_CNN_Project/dataset/Epic and CSCR hospital Dataset/Train/meningioma/1422.jpg,meningioma,1
/content/drive/MyDrive/Brain_Tumor_CNN_Project/dataset/Epic and CSCR hospital Dataset/Train/meningioma/Tr-me_1068.jpg,meningioma,1
/content/drive/MyDrive/Brain_Tumor_CNN_Project/dataset/Epic and CSCR hospital Dataset/Train/glioma/Tr-gl_0468.jpg,glioma,1
/content/drive/MyDrive/Brain_Tumor_CNN_Project/dataset/Epic and CSCR hospital Dataset/Train/pituitary/P_722_HF_.jpg,pituitary,1
/content/drive/MyDrive/Brain_Tumor_CNN_Project/dataset/Epic and CSCR hospital Dataset/Train/glioma/G_793.jpg,glioma,1
/content/drive/MyDrive/Brain_Tumor_CNN_Project/dataset/Epic and CSCR hospital Dataset/Train/notumor/1709.jpg,notumor,0
/content/drive/MyDrive/Brain_Tumor_CNN_Project/dataset/Epic and CSCR hospital Dataset/Train/glioma/G_793_DA_.jpg,glioma,1
/content/drive/MyDrive/Brain_Tumor_CNN_Project/dataset/Epic and CSCR hospital Dataset/Train/notumor/N_422.jpg,notumor,0
/content/drive/MyDrive/Brain_Tumor_CNN_Project/dataset/Epic and CSCR hospital Dataset/Train/pituitary/Tr-pi_0595.jpg,pituitary,1
/content/drive/MyDrive/Brain_Tumor_CNN_Project/dataset/Epic and CSCR hospital Dataset/Train/glioma/G_889_SP_.jpg,glioma,1
/content/drive/MyDrive/Brain_Tumor_CNN_Project/dataset/Epic and CSCR hospital Dataset/Train/meningioma/Tr-me_0555.jpg,meningioma,1
/content/drive/MyDrive/Brain_Tumor_CNN_Project/dataset/Epic and CSCR hospital Dataset/Train/glioma/Tr-gl_0502.jpg,glioma,1
/content/drive/MyDrive/Brain_Tumor_CNN_Project/dataset/Epic and CSCR hospital Dataset/Train/pituitary/Tr-pi_1247.jpg,pituitary,1
/content/drive/MyDrive/Brain_Tumor_CNN_Project/dataset/Epic and CSCR hospital Dataset/Train/notumor/Te-no_0278.jpg,notumor,0
/content/drive/MyDrive/Brain_Tumor_CNN_Project/dataset/Epic and CSCR hospital Dataset/Train/notumor/Tr-no_0676.jpg,notumor,0
/content/drive/MyDrive/Brain_Tumor_CNN_Project/dataset/Epic and CSCR hospital Dataset/Train/notumor/Tr-no_0193.jpg,notumor,0
/content/drive/MyDrive/Brain_Tumor_CNN_Project/dataset/Epic and CSCR hospital Dataset/Train/pituitary/P_832.jpg,pituitary,1
/content/drive/MyDrive/Brain_Tumor_CNN_Project/dataset/Epic and CSCR hospital Dataset/Train/notumor/N_425.jpg,notumor,0
/content/drive/MyDrive/Brain_Tumor_CNN_Project/dataset/Epic and CSCR hospital Dataset/Train/pituitary/Tr-pi_0166.jpg,pituitary,1
/content/drive/MyDrive/Brain_Tumor_CNN_Project/dataset/Epic and CSCR hospital Dataset/Train/notumor/6 no.jpg,notumor,0
/content/drive/MyDrive/Brain_Tumor_CNN_Project/dataset/Epic and CSCR hospital Dataset/Train/meningioma/M_836_BR_.jpg,meningioma,1
/content/drive/MyDrive/Brain_Tumor_CNN_Project/dataset/Epic and CSCR hospital Dataset/Train/meningioma/M_840_RO_.jpg,meningioma,1
/content/drive/MyDrive/Brain_Tumor_CNN_Project/dataset/Epic and CSCR hospital Dataset/Train/notumor/Tr-no_0586.jpg,notumor,0
/content/drive/MyDrive/Brain_Tumor_CNN_Project/dataset/Epic and CSCR hospital Dataset/Train/notumor/Tr-no_0573.jpg,notumor,0
/content/drive/MyDrive/Brain_Tumor_CNN_Project/dataset/Epic and CSCR hospital Dataset/Train/pituitary/P_712_RO_.jpg,pituitary,1
/content/drive/MyDrive/Brain_Tumor_CNN_Project/dataset/Epic and CSCR hospital Dataset/Train/glioma/G_752_RO_.jpg,glioma,1
/content/drive/MyDrive/Brain_Tumor_CNN_Project/dataset/Epic and CSCR hospital Dataset/Train/pituitary/Tr-pi_1070.jpg,pituitary,1
/content/drive/MyDrive/Brain_Tumor_CNN_Project/dataset/Epic and CSCR hospital Dataset/Train/notumor/N_380_HF_.jpg,notumor,0
/content/drive/MyDrive/Brain_Tumor_CNN_Project/dataset/Epic and CSCR hospital Dataset/Train/glioma/Tr-gl_1093.jpg,glioma,1
/content/drive/MyDrive/Brain_Tumor_CNN_Project/dataset/Epic and CSCR hospital Dataset/Train/glioma/gg (56).jpg,glioma,1
/content/drive/MyDrive/Brain_Tumor_CNN_Project/dataset/Epic and CSCR hospital Dataset/Train/pituitary/P_737_DA_.jpg,pituitary,1
/content/drive/MyDrive/Brain_Tumor_CNN_Project/dataset/Epic and CSCR hospital Dataset/Train/glioma/G_793_RO_.jpg,glioma,1
/content/drive/MyDrive/Brain_Tumor_CNN_Project/dataset/Epic and CSCR hospital Dataset/Train/glioma/Tr-gl_0358.jpg,glioma,1
/content/drive/MyDrive/Brain_Tumor_CNN_Project/dataset/Epic and CSCR hospital Dataset/Train/pituitary/P_7_SP_.jpg,pituitary,1
/content/drive/MyDrive/Brain_Tumor_CNN_Project/dataset/Epic and CSCR hospital Dataset/Train/glioma/Tr-gl_0348.jpg,glioma,1
/content/drive/MyDrive/Brain_Tumor_CNN_Project/dataset/Epic and CSCR hospital Dataset/Train/glioma/G_709_VF_.jpg,glioma,1
/content/drive/MyDrive/Brain_Tumor_CNN_Project/dataset/Epic and CSCR hospital Dataset/Train/notumor/no 97.jpg,notumor,0
/content/drive/MyDrive/Brain_Tumor_CNN_Project/dataset/Epic and CSCR hospital Dataset/Train/notumor/N_37_HF_.jpg,notumor,0
/content/drive/MyDrive/Brain_Tumor_CNN_Project/dataset/Epic and CSCR hospital Dataset/Train/pituitary/Tr-pi_0300.jpg,pituitary,1
/content/drive/MyDrive/Brain_Tumor_CNN_Project/dataset/Epic and CSCR hospital Dataset/Train/meningioma/Tr-me_0519.jpg,meningioma,1
/content/drive/MyDrive/Brain_Tumor_CNN_Project/dataset/Epic and CSCR hospital Dataset/Train/glioma/G_873_HF_.jpg,glioma,1
/content/drive/MyDrive/Brain_Tumor_CNN_Project/dataset/Epic and CSCR hospital Dataset/Train/glioma/G_782_SP_.jpg,glioma,1
/content/drive/MyDrive/Brain_Tumor_CNN_Project/dataset/Epic and CSCR hospital Dataset/Train/meningioma/Tr-me_0841.jpg,meningioma,1
/content/drive/MyDrive/Brain_Tumor_CNN_Project/dataset/Epic and CSCR hospital Dataset/Train/pituitary/Tr-pi_1347.jpg,pituitary,1
/content/drive/MyDrive/Brain_Tumor_CNN_Project/dataset/Epic and CSCR hospital Dataset/Train/meningioma/Tr-me_1026.jpg,meningioma,1
/content/drive/MyDrive/Brain_Tumor_CNN_Project/dataset/Epic and CSCR hospital Dataset/Train/meningioma/Tr-me_0533.jpg,meningioma,1
/content/drive/MyDrive/Brain_Tumor_CNN_Project/dataset/Epic and CSCR hospital Dataset/Train/glioma/G_834_VF_.jpg,glioma,1
/content/drive/MyDrive/Brain_Tumor_CNN_Project/dataset/Epic and CSCR hospital Dataset/Train/pituitary/Tr-pi_0993.jpg,pituitary,1
/content/drive/MyDrive/Brain_Tumor_CNN_Project/dataset/Epic and CSCR hospital Dataset/Train/glioma/Tr-gl_0537.jpg,glioma,1
/content/drive/MyDrive/Brain_Tumor_CNN_Project/dataset/Epic and CSCR hospital Dataset/Train/glioma/Tr-gl_1218.jpg,glioma,1
/content/drive/MyDrive/Brain_Tumor_CNN_Project/dataset/Epic and CSCR hospital Dataset/Train/pituitary/P_794_BR_.jpg,pituitary,1
/content/drive/MyDrive/Brain_Tumor_CNN_Project/dataset/Epic and CSCR hospital Dataset/Train/pituitary/Tr-pi_0204.jpg,pituitary,1
/content/drive/MyDrive/Brain_Tumor_CNN_Project/dataset/Epic and CSCR hospital Dataset/Train/glioma/Tr-gl_0319.jpg,glioma,1
/content/drive/MyDrive/Brain_Tumor_CNN_Project/dataset/Epic and CSCR hospital Dataset/Train/glioma/Tr-gl_0083.jpg,glioma,1
/content/drive/MyDrive/Brain_Tumor_CNN_Project/dataset/Epic and CSCR hospital Dataset/Train/notumor/No18.jpg,notumor,0
/content/drive/MyDrive/Brain_Tumor_CNN_Project/dataset/Epic and CSCR hospital Dataset/Train/glioma/Tr-gl_0445.jpg,glioma,1
/content/drive/MyDrive/Brain_Tumor_CNN_Project/dataset/Epic and CSCR hospital Dataset/Train/glioma/G_758_SP_.jpg,glioma,1
/content/drive/MyDrive/Brain_Tumor_CNN_Project/dataset/Epic and CSCR hospital Dataset/Train/glioma/G_772.jpg,glioma,1
/content/drive/MyDrive/Brain_Tumor_CNN_Project/dataset/Epic and CSCR hospital Dataset/Train/glioma/G_740_BR_.jpg,glioma,1
/content/drive/MyDrive/Brain_Tumor_CNN_Project/dataset/Epic and CSCR hospital Dataset/Train/pituitary/Tr-pi_0053.jpg,pituitary,1
/content/drive/MyDrive/Brain_Tumor_CNN_Project/dataset/Epic and CSCR hospital Dataset/Train/glioma/Te-gl_0112.jpg,glioma,1
/content/drive/MyDrive/Brain_Tumor_CNN_Project/dataset/Epic and CSCR hospital Dataset/Train/glioma/gg (396).jpg,glioma,1
/content/drive/MyDrive/Brain_Tumor_CNN_Project/dataset/Epic and CSCR hospital Dataset/Train/pituitary/Tr-pi_0327.jpg,pituitary,1
/content/drive/MyDrive/Brain_Tumor_CNN_Project/dataset/Epic and CSCR hospital Dataset/Train/glioma/G_807_DA_.jpg,glioma,1
/content/drive/MyDrive/Brain_Tumor_CNN_Project/dataset/Epic and CSCR hospital Dataset/Train/notumor/Te-no_0096.jpg,notumor,0
/content/drive/MyDrive/Brain_Tumor_CNN_Project/dataset/Epic and CSCR hospital Dataset/Train/meningioma/M_853_VF_.jpg,meningioma,1
/content/drive/MyDrive/Brain_Tumor_CNN_Project/dataset/Epic and CSCR hospital Dataset/Train/pituitary/P_814_RO_.jpg,pituitary,1
/content/drive/MyDrive/Brain_Tumor_CNN_Project/dataset/Epic and CSCR hospital Dataset/Train/meningioma/Tr-me_0910.jpg,meningioma,1
/content/drive/MyDrive/Brain_Tumor_CNN_Project/dataset/Epic and CSCR hospital Dataset/Train/glioma/Tr-gl_1122.jpg,glioma,1
/content/drive/MyDrive/Brain_Tumor_CNN_Project/dataset/Epic and CSCR hospital Dataset/Train/meningioma/m2 (24).jpg,meningioma,1
/content/drive/MyDrive/Brain_Tumor_CNN_Project/dataset/Epic and CSCR hospital Dataset/Train/notumor/1856.jpg,notumor,0
/content/drive/MyDrive/Brain_Tumor_CNN_Project/dataset/Epic and CSCR hospital Dataset/Train/glioma/Tr-gl_0523.jpg,glioma,1
/content/drive/MyDrive/Brain_Tumor_CNN_Project/dataset/Epic and CSCR hospital Dataset/Train/meningioma/m3 (165).jpg,meningioma,1
/content/drive/MyDrive/Brain_Tumor_CNN_Project/dataset/Epic and CSCR hospital Dataset/Train/glioma/Tr-gl_0215.jpg,glioma,1
/content/drive/MyDrive/Brain_Tumor_CNN_Project/dataset/Epic and CSCR hospital Dataset/Train/notumor/1839.jpg,notumor,0
/content/drive/MyDrive/Brain_Tumor_CNN_Project/dataset/Epic and CSCR hospital Dataset/Train/glioma/Tr-gl_1264.jpg,glioma,1
/content/drive/MyDrive/Brain_Tumor_CNN_Project/dataset/Epic and CSCR hospital Dataset/Train/pituitary/Tr-pi_0367.jpg,pituitary,1
/content/drive/MyDrive/Brain_Tumor_CNN_Project/dataset/Epic and CSCR hospital Dataset/Train/notumor/Tr-no_0615.jpg,notumor,0
/content/drive/MyDrive/Brain_Tumor_CNN_Project/dataset/Epic and CSCR hospital Dataset/Train/pituitary/Tr-pi_0355.jpg,pituitary,1
/content/drive/MyDrive/Brain_Tumor_CNN_Project/dataset/Epic and CSCR hospital Dataset/Train/glioma/G_784_BR_.jpg,glioma,1
/content/drive/MyDrive/Brain_Tumor_CNN_Project/dataset/Epic and CSCR hospital Dataset/Train/notumor/1872.jpg,notumor,0
/content/drive/MyDrive/Brain_Tumor_CNN_Project/dataset/Epic and CSCR hospital Dataset/Train/notumor/image(151) - Copy.jpg,notumor,0
/content/drive/MyDrive/Brain_Tumor_CNN_Project/dataset/Epic and CSCR hospital Dataset/Train/meningioma/Tr-me_0101.jpg,meningioma,1
/content/drive/MyDrive/Brain_Tumor_CNN_Project/dataset/Epic and CSCR hospital Dataset/Train/pituitary/P_753_BR_.jpg,pituitary,1
/content/drive/MyDrive/Brain_Tumor_CNN_Project/dataset/Epic and CSCR hospital Dataset/Train/glioma/Tr-gl_0796.jpg,glioma,1
/content/drive/MyDrive/Brain_Tumor_CNN_Project/dataset/Epic and CSCR hospital Dataset/Train/glioma/G_847_HF_.jpg,glioma,1
/content/drive/MyDrive/Brain_Tumor_CNN_Project/dataset/Epic and CSCR hospital Dataset/Train/pituitary/P_826_DA_.jpg,pituitary,1
/content/drive/MyDrive/Brain_Tumor_CNN_Project/dataset/Epic and CSCR hospital Dataset/Train/pituitary/Tr-pi_1225.jpg,pituitary,1
/content/drive/MyDrive/Brain_Tumor_CNN_Project/dataset/Epic and CSCR hospital Dataset/Train/glioma/Tr-gl_0592.jpg,glioma,1
/content/drive/MyDrive/Brain_Tumor_CNN_Project/dataset/Epic and CSCR hospital Dataset/Train/glioma/G_875.jpg,glioma,1
/content/drive/MyDrive/Brain_Tumor_CNN_Project/dataset/Epic and CSCR hospital Dataset/Train/glioma/Te-gl_0286.jpg,glioma,1
/content/drive/MyDrive/Brain_Tumor_CNN_Project/dataset/Epic and CSCR hospital Dataset/Train/notumor/Tr-no_0267.jpg,notumor,0
/content/drive/MyDrive/Brain_Tumor_CNN_Project/dataset/Epic and CSCR hospital Dataset/Train/pituitary/P_79_BR_.jpg,pituitary,1
/content/drive/MyDrive/Brain_Tumor_CNN_Project/dataset/Epic and CSCR hospital Dataset/Train/glioma/G_790_DA_.jpg,glioma,1
/content/drive/MyDrive/Brain_Tumor_CNN_Project/dataset/Epic and CSCR hospital Dataset/Train/meningioma/m3 (143).jpg,meningioma,1
/content/drive/MyDrive/Brain_Tumor_CNN_Project/dataset/Epic and CSCR hospital Dataset/Train/pituitary/Tr-pi_1334.jpg,pituitary,1
/content/drive/MyDrive/Brain_Tumor_CNN_Project/dataset/Epic and CSCR hospital Dataset/Train/notumor/1776.jpg,notumor,0
/content/drive/MyDrive/Brain_Tumor_CNN_Project/dataset/Epic and CSCR hospital Dataset/Train/notumor/Te-no_0073.jpg,notumor,0
/content/drive/MyDrive/Brain_Tumor_CNN_Project/dataset/Epic and CSCR hospital Dataset/Train/meningioma/M_892_BR_.jpg,meningioma,1
/content/drive/MyDrive/Brain_Tumor_CNN_Project/dataset/Epic and CSCR hospital Dataset/Train/meningioma/Tr-me_0360.jpg,meningioma,1
/content/drive/MyDrive/Brain_Tumor_CNN_Project/dataset/Epic and CSCR hospital Dataset/Train/notumor/Tr-no_0195.jpg,notumor,0
/content/drive/MyDrive/Brain_Tumor_CNN_Project/dataset/Epic and CSCR hospital Dataset/Train/meningioma/Tr-me_0917.jpg,meningioma,1
/content/drive/MyDrive/Brain_Tumor_CNN_Project/dataset/Epic and CSCR hospital Dataset/Train/pituitary/Tr-pi_0161.jpg,pituitary,1
/content/drive/MyDrive/Brain_Tumor_CNN_Project/dataset/Epic and CSCR hospital Dataset/Train/notumor/N_386_DA_.jpg,notumor,0
/content/drive/MyDrive/Brain_Tumor_CNN_Project/dataset/Epic and CSCR hospital Dataset/Train/glioma/Tr-gl_1107.jpg,glioma,1
/content/drive/MyDrive/Brain_Tumor_CNN_Project/dataset/Epic and CSCR hospital Dataset/Train/glioma/Tr-gl_1110.jpg,glioma,1
/content/drive/MyDrive/Brain_Tumor_CNN_Project/dataset/Epic and CSCR hospital Dataset/Train/notumor/N_369_VF_.jpg,notumor,0
/content/drive/MyDrive/Brain_Tumor_CNN_Project/dataset/Epic and CSCR hospital Dataset/Train/glioma/gg (477).jpg,glioma,1
/content/drive/MyDrive/Brain_Tumor_CNN_Project/dataset/Epic and CSCR hospital Dataset/Train/glioma/G_872_VF_.jpg,glioma,1
/content/drive/MyDrive/Brain_Tumor_CNN_Project/dataset/Epic and CSCR hospital Dataset/Train/glioma/Tr-gl_1099.jpg,glioma,1
/content/drive/MyDrive/Brain_Tumor_CNN_Project/dataset/Epic and CSCR hospital Dataset/Train/glioma/G_879_DA_.jpg,glioma,1
/content/drive/MyDrive/Brain_Tumor_CNN_Project/dataset/Epic and CSCR hospital Dataset/Train/meningioma/Tr-me_1134.jpg,meningioma,1
/content/drive/MyDrive/Brain_Tumor_CNN_Project/dataset/Epic and CSCR hospital Dataset/Train/meningioma/m3 (121).jpg,meningioma,1
/content/drive/MyDrive/Brain_Tumor_CNN_Project/dataset/Epic and CSCR hospital Dataset/Train/notumor/N_435_DA_.jpg,notumor,0
/content/drive/MyDrive/Brain_Tumor_CNN_Project/dataset/Epic and CSCR hospital Dataset/Train/pituitary/Tr-pi_0225.jpg,pituitary,1
/content/drive/MyDrive/Brain_Tumor_CNN_Project/dataset/Epic and CSCR hospital Dataset/Train/meningioma/M_820_HF_.jpg,meningioma,1
/content/drive/MyDrive/Brain_Tumor_CNN_Project/dataset/Epic and CSCR hospital Dataset/Train/meningioma/Tr-me_0924.jpg,meningioma,1
/content/drive/MyDrive/Brain_Tumor_CNN_Project/dataset/Epic and CSCR hospital Dataset/Train/meningioma/m3 (14).jpg,meningioma,1
/content/drive/MyDrive/Brain_Tumor_CNN_Project/dataset/Epic and CSCR hospital Dataset/Train/pituitary/Tr-pi_1271.jpg,pituitary,1
/content/drive/MyDrive/Brain_Tumor_CNN_Project/dataset/Epic and CSCR hospital Dataset/Train/glioma/G_87_SP_.jpg,glioma,1
/content/drive/MyDrive/Brain_Tumor_CNN_Project/dataset/Epic and CSCR hospital Dataset/Train/pituitary/Tr-pi_0183.jpg,pituitary,1
/content/drive/MyDrive/Brain_Tumor_CNN_Project/dataset/Epic and CSCR hospital Dataset/Train/meningioma/Tr-me_0307.jpg,meningioma,1
/content/drive/MyDrive/Brain_Tumor_CNN_Project/dataset/Epic and CSCR hospital Dataset/Train/glioma/G_815_BR_.jpg,glioma,1
/content/drive/MyDrive/Brain_Tumor_CNN_Project/dataset/Epic and CSCR hospital Dataset/Train/pituitary/P_821_SP_.jpg,pituitary,1
/content/drive/MyDrive/Brain_Tumor_CNN_Project/dataset/Epic and CSCR hospital Dataset/Train/pituitary/Tr-pi_0150.jpg,pituitary,1
/content/drive/MyDrive/Brain_Tumor_CNN_Project/dataset/Epic and CSCR hospital Dataset/Train/notumor/N_40.jpg,notumor,0
/content/drive/MyDrive/Brain_Tumor_CNN_Project/dataset/Epic and CSCR hospital Dataset/Train/pituitary/Tr-pi_0758.jpg,pituitary,1
/content/drive/MyDrive/Brain_Tumor_CNN_Project/dataset/Epic and CSCR hospital Dataset/Train/meningioma/Te-me_0068.jpg,meningioma,1
/content/drive/MyDrive/Brain_Tumor_CNN_Project/dataset/Epic and CSCR hospital Dataset/Train/glioma/G_849.jpg,glioma,1
/content/drive/MyDrive/Brain_Tumor_CNN_Project/dataset/Epic and CSCR hospital Dataset/Train/glioma/gg (554).jpg,glioma,1
/content/drive/MyDrive/Brain_Tumor_CNN_Project/dataset/Epic and CSCR hospital Dataset/Train/glioma/G_749_VF_.jpg,glioma,1
/content/drive/MyDrive/Brain_Tumor_CNN_Project/dataset/Epic and CSCR hospital Dataset/Train/meningioma/Tr-me_0366.jpg,meningioma,1
/content/drive/MyDrive/Brain_Tumor_CNN_Project/dataset/Epic and CSCR hospital Dataset/Train/glioma/gg (37).jpg,glioma,1
/content/drive/MyDrive/Brain_Tumor_CNN_Project/dataset/Epic and CSCR hospital Dataset/Train/glioma/G_711_HF_.jpg,glioma,1
/content/drive/MyDrive/Brain_Tumor_CNN_Project/dataset/Epic and CSCR hospital Dataset/Train/meningioma/m3 (147).jpg,meningioma,1
/content/drive/MyDrive/Brain_Tumor_CNN_Project/dataset/Epic and CSCR hospital Dataset/Train/pituitary/Tr-pi_0279.jpg,pituitary,1
/content/drive/MyDrive/Brain_Tumor_CNN_Project/dataset/Epic and CSCR hospital Dataset/Train/pituitary/Tr-pi_1450.jpg,pituitary,1
/content/drive/MyDrive/Brain_Tumor_CNN_Project/dataset/Epic and CSCR hospital Dataset/Train/glioma/G_709_DA_.jpg,glioma,1
/content/drive/MyDrive/Brain_Tumor_CNN_Project/dataset/Epic and CSCR hospital Dataset/Train/meningioma/Te-me_0300.jpg,meningioma,1
/content/drive/MyDrive/Brain_Tumor_CNN_Project/dataset/Epic and CSCR hospital Dataset/Train/meningioma/M_838.jpg,meningioma,1
/content/drive/MyDrive/Brain_Tumor_CNN_Project/dataset/Epic and CSCR hospital Dataset/Train/glioma/G_857_SP_.jpg,glioma,1
/content/drive/MyDrive/Brain_Tumor_CNN_Project/dataset/Epic and CSCR hospital Dataset/Train/notumor/Te-no_0364.jpg,notumor,0
/content/drive/MyDrive/Brain_Tumor_CNN_Project/dataset/Epic and CSCR hospital Dataset/Train/pituitary/Te-pi_0039.jpg,pituitary,1
/content/drive/MyDrive/Brain_Tumor_CNN_Project/dataset/Epic and CSCR hospital Dataset/Train/meningioma/Tr-me_0911.jpg,meningioma,1
/content/drive/MyDrive/Brain_Tumor_CNN_Project/dataset/Epic and CSCR hospital Dataset/Train/glioma/G_815_RO_.jpg,glioma,1
/content/drive/MyDrive/Brain_Tumor_CNN_Project/dataset/Epic and CSCR hospital Dataset/Train/meningioma/m3 (160).jpg,meningioma,1
/content/drive/MyDrive/Brain_Tumor_CNN_Project/dataset/Epic and CSCR hospital Dataset/Train/notumor/N_416_DA_.jpg,notumor,0
/content/drive/MyDrive/Brain_Tumor_CNN_Project/dataset/Epic and CSCR hospital Dataset/Train/glioma/G_881_RO_.jpg,glioma,1
/content/drive/MyDrive/Brain_Tumor_CNN_Project/dataset/Epic and CSCR hospital Dataset/Train/meningioma/Tr-me_0912.jpg,meningioma,1
/content/drive/MyDrive/Brain_Tumor_CNN_Project/dataset/Epic and CSCR hospital Dataset/Train/pituitary/P_778_VF_.jpg,pituitary,1
/content/drive/MyDrive/Brain_Tumor_CNN_Project/dataset/Epic and CSCR hospital Dataset/Train/pituitary/p (576).jpg,pituitary,1
/content/drive/MyDrive/Brain_Tumor_CNN_Project/dataset/Epic and CSCR hospital Dataset/Train/notumor/1674.jpg,notumor,0
/content/drive/MyDrive/Brain_Tumor_CNN_Project/dataset/Epic and CSCR hospital Dataset/Train/meningioma/M_883_VF_.jpg,meningioma,1
/content/drive/MyDrive/Brain_Tumor_CNN_Project/dataset/Epic and CSCR hospital Dataset/Train/notumor/Tr-no_0333.jpg,notumor,0
/content/drive/MyDrive/Brain_Tumor_CNN_Project/dataset/Epic and CSCR hospital Dataset/Train/pituitary/P_841_HF_.jpg,pituitary,1
/content/drive/MyDrive/Brain_Tumor_CNN_Project/dataset/Epic and CSCR hospital Dataset/Train/glioma/Tr-gl_0180.jpg,glioma,1
/content/drive/MyDrive/Brain_Tumor_CNN_Project/dataset/Epic and CSCR hospital Dataset/Train/meningioma/m1(95).jpg,meningioma,1
/content/drive/MyDrive/Brain_Tumor_CNN_Project/dataset/Epic and CSCR hospital Dataset/Train/pituitary/P_779_BR_.jpg,pituitary,1
/content/drive/MyDrive/Brain_Tumor_CNN_Project/dataset/Epic and CSCR hospital Dataset/Train/pituitary/P_799_HF_.jpg,pituitary,1
/content/drive/MyDrive/Brain_Tumor_CNN_Project/dataset/Epic and CSCR hospital Dataset/Train/pituitary/p (537).jpg,pituitary,1
/content/drive/MyDrive/Brain_Tumor_CNN_Project/dataset/Epic and CSCR hospital Dataset/Train/pituitary/Tr-pi_0127.jpg,pituitary,1
/content/drive/MyDrive/Brain_Tumor_CNN_Project/dataset/Epic and CSCR hospital Dataset/Train/glioma/G_750_BR_.jpg,glioma,1
/content/drive/MyDrive/Brain_Tumor_CNN_Project/dataset/Epic and CSCR hospital Dataset/Train/glioma/Te-gl_0251.jpg,glioma,1
/content/drive/MyDrive/Brain_Tumor_CNN_Project/dataset/Epic and CSCR hospital Dataset/Train/pituitary/P_729.jpg,pituitary,1
/content/drive/MyDrive/Brain_Tumor_CNN_Project/dataset/Epic and CSCR hospital Dataset/Train/glioma/Tr-gl_0266.jpg,glioma,1
/content/drive/MyDrive/Brain_Tumor_CNN_Project/dataset/Epic and CSCR hospital Dataset/Train/notumor/Te-no_0301.jpg,notumor,0
/content/drive/MyDrive/Brain_Tumor_CNN_Project/dataset/Epic and CSCR hospital Dataset/Train/glioma/gg (340).jpg,glioma,1
/content/drive/MyDrive/Brain_Tumor_CNN_Project/dataset/Epic and CSCR hospital Dataset/Train/pituitary/P_779_VF_.jpg,pituitary,1
/content/drive/MyDrive/Brain_Tumor_CNN_Project/dataset/Epic and CSCR hospital Dataset/Train/meningioma/M_820.jpg,meningioma,1
/content/drive/MyDrive/Brain_Tumor_CNN_Project/dataset/Epic and CSCR hospital Dataset/Train/pituitary/p (594).jpg,pituitary,1
/content/drive/MyDrive/Brain_Tumor_CNN_Project/dataset/Epic and CSCR hospital Dataset/Train/glioma/image(59).jpg,glioma,1
/content/drive/MyDrive/Brain_Tumor_CNN_Project/dataset/Epic and CSCR hospital Dataset/Train/meningioma/1419.jpg,meningioma,1
/content/drive/MyDrive/Brain_Tumor_CNN_Project/dataset/Epic and CSCR hospital Dataset/Train/meningioma/Te-me_0083.jpg,meningioma,1
/content/drive/MyDrive/Brain_Tumor_CNN_Project/dataset/Epic and CSCR hospital Dataset/Train/glioma/Tr-gl_1030.jpg,glioma,1
/content/drive/MyDrive/Brain_Tumor_CNN_Project/dataset/Epic and CSCR hospital Dataset/Train/notumor/Tr-no_0234.jpg,notumor,0
/content/drive/MyDrive/Brain_Tumor_CNN_Project/dataset/Epic and CSCR hospital Dataset/Train/notumor/Tr-no_0627.jpg,notumor,0
/content/drive/MyDrive/Brain_Tumor_CNN_Project/dataset/Epic and CSCR hospital Dataset/Train/notumor/Tr-no_0179.jpg,notumor,0
/content/drive/MyDrive/Brain_Tumor_CNN_Project/dataset/Epic and CSCR hospital Dataset/Train/glioma/Tr-gl_1174.jpg,glioma,1
/content/drive/MyDrive/Brain_Tumor_CNN_Project/dataset/Epic and CSCR hospital Dataset/Train/pituitary/Tr-pi_0719.jpg,pituitary,1
/content/drive/MyDrive/Brain_Tumor_CNN_Project/dataset/Epic and CSCR hospital Dataset/Train/meningioma/Te-me_0176.jpg,meningioma,1
/content/drive/MyDrive/Brain_Tumor_CNN_Project/dataset/Epic and CSCR hospital Dataset/Train/pituitary/Tr-pi_0395.jpg,pituitary,1
/content/drive/MyDrive/Brain_Tumor_CNN_Project/dataset/Epic and CSCR hospital Dataset/Train/glioma/gg (439).jpg,glioma,1
/content/drive/MyDrive/Brain_Tumor_CNN_Project/dataset/Epic and CSCR hospital Dataset/Train/meningioma/Tr-me_1074.jpg,meningioma,1
/content/drive/MyDrive/Brain_Tumor_CNN_Project/dataset/Epic and CSCR hospital Dataset/Train/meningioma/M_860_VF_.jpg,meningioma,1
/content/drive/MyDrive/Brain_Tumor_CNN_Project/dataset/Epic and CSCR hospital Dataset/Train/meningioma/Te-me_0174.jpg,meningioma,1
/content/drive/MyDrive/Brain_Tumor_CNN_Project/dataset/Epic and CSCR hospital Dataset/Train/glioma/Tr-gl_1003.jpg,glioma,1
/content/drive/MyDrive/Brain_Tumor_CNN_Project/dataset/Epic and CSCR hospital Dataset/Train/pituitary/Tr-pi_0505.jpg,pituitary,1
/content/drive/MyDrive/Brain_Tumor_CNN_Project/dataset/Epic and CSCR hospital Dataset/Train/pituitary/P_794.jpg,pituitary,1
/content/drive/MyDrive/Brain_Tumor_CNN_Project/dataset/Epic and CSCR hospital Dataset/Train/meningioma/M_840_BR_.jpg,meningioma,1
/content/drive/MyDrive/Brain_Tumor_CNN_Project/dataset/Epic and CSCR hospital Dataset/Train/glioma/G_865.jpg,glioma,1
/content/drive/MyDrive/Brain_Tumor_CNN_Project/dataset/Epic and CSCR hospital Dataset/Train/pituitary/Tr-pi_0383.jpg,pituitary,1
/content/drive/MyDrive/Brain_Tumor_CNN_Project/dataset/Epic and CSCR hospital Dataset/Train/pituitary/Tr-pi_1404.jpg,pituitary,1
/content/drive/MyDrive/Brain_Tumor_CNN_Project/dataset/Epic and CSCR hospital Dataset/Train/pituitary/Tr-pi_1035.jpg,pituitary,1
/content/drive/MyDrive/Brain_Tumor_CNN_Project/dataset/Epic and CSCR hospital Dataset/Train/glioma/G_772_RO_.jpg,glioma,1
/content/drive/MyDrive/Brain_Tumor_CNN_Project/dataset/Epic and CSCR hospital Dataset/Train/meningioma/M_856_HF_.jpg,meningioma,1
/content/drive/MyDrive/Brain_Tumor_CNN_Project/dataset/Epic and CSCR hospital Dataset/Train/meningioma/Tr-me_0866.jpg,meningioma,1
/content/drive/MyDrive/Brain_Tumor_CNN_Project/dataset/Epic and CSCR hospital Dataset/Train/glioma/G_839_RO_.jpg,glioma,1
/content/drive/MyDrive/Brain_Tumor_CNN_Project/dataset/Epic and CSCR hospital Dataset/Train/notumor/N_371_BR_.jpg,notumor,0
/content/drive/MyDrive/Brain_Tumor_CNN_Project/dataset/Epic and CSCR hospital Dataset/Train/glioma/Tr-gl_1058.jpg,glioma,1
/content/drive/MyDrive/Brain_Tumor_CNN_Project/dataset/Epic and CSCR hospital Dataset/Train/meningioma/M_838_DA_.jpg,meningioma,1
/content/drive/MyDrive/Brain_Tumor_CNN_Project/dataset/Epic and CSCR hospital Dataset/Train/notumor/13 no.jpg,notumor,0
/content/drive/MyDrive/Brain_Tumor_CNN_Project/dataset/Epic and CSCR hospital Dataset/Train/meningioma/m2 (144).jpg,meningioma,1
/content/drive/MyDrive/Brain_Tumor_CNN_Project/dataset/Epic and CSCR hospital Dataset/Train/meningioma/Te-me_0239.jpg,meningioma,1
/content/drive/MyDrive/Brain_Tumor_CNN_Project/dataset/Epic and CSCR hospital Dataset/Train/meningioma/Te-me_0144.jpg,meningioma,1
/content/drive/MyDrive/Brain_Tumor_CNN_Project/dataset/Epic and CSCR hospital Dataset/Train/meningioma/Tr-me_1129.jpg,meningioma,1
/content/drive/MyDrive/Brain_Tumor_CNN_Project/dataset/Epic and CSCR hospital Dataset/Train/glioma/G_797.jpg,glioma,1
/content/drive/MyDrive/Brain_Tumor_CNN_Project/dataset/Epic and CSCR hospital Dataset/Train/glioma/Tr-gl_1159.jpg,glioma,1
/content/drive/MyDrive/Brain_Tumor_CNN_Project/dataset/Epic and CSCR hospital Dataset/Train/pituitary/Tr-pi_1130.jpg,pituitary,1
/content/drive/MyDrive/Brain_Tumor_CNN_Project/dataset/Epic and CSCR hospital Dataset/Train/notumor/N_368_DA_.jpg,notumor,0
/content/drive/MyDrive/Brain_Tumor_CNN_Project/dataset/Epic and CSCR hospital Dataset/Train/meningioma/m2 (140).jpg,meningioma,1
/content/drive/MyDrive/Brain_Tumor_CNN_Project/dataset/Epic and CSCR hospital Dataset/Train/pituitary/P_84_BR_.jpg,pituitary,1
/content/drive/MyDrive/Brain_Tumor_CNN_Project/dataset/Epic and CSCR hospital Dataset/Train/pituitary/P_822_DA_.jpg,pituitary,1
/content/drive/MyDrive/Brain_Tumor_CNN_Project/dataset/Epic and CSCR hospital Dataset/Train/glioma/G_851.jpg,glioma,1
/content/drive/MyDrive/Brain_Tumor_CNN_Project/dataset/Epic and CSCR hospital Dataset/Train/pituitary/P_844_DA_.jpg,pituitary,1
/content/drive/MyDrive/Brain_Tumor_CNN_Project/dataset/Epic and CSCR hospital Dataset/Train/pituitary/Tr-pi_0216.jpg,pituitary,1
/content/drive/MyDrive/Brain_Tumor_CNN_Project/dataset/Epic and CSCR hospital Dataset/Train/notumor/N_413.jpg,notumor,0
/content/drive/MyDrive/Brain_Tumor_CNN_Project/dataset/Epic and CSCR hospital Dataset/Train/notumor/N_427_HF_.jpg,notumor,0
/content/drive/MyDrive/Brain_Tumor_CNN_Project/dataset/Epic and CSCR hospital Dataset/Train/pituitary/Te-pi_0070.jpg,pituitary,1
/content/drive/MyDrive/Brain_Tumor_CNN_Project/dataset/Epic and CSCR hospital Dataset/Train/pituitary/Tr-pi_0480.jpg,pituitary,1
/content/drive/MyDrive/Brain_Tumor_CNN_Project/dataset/Epic and CSCR hospital Dataset/Train/glioma/G_704_HF_.jpg,glioma,1
/content/drive/MyDrive/Brain_Tumor_CNN_Project/dataset/Epic and CSCR hospital Dataset/Train/glioma/gg (480).jpg,glioma,1
/content/drive/MyDrive/Brain_Tumor_CNN_Project/dataset/Epic and CSCR hospital Dataset/Train/pituitary/P_757_HF_.jpg,pituitary,1
/content/drive/MyDrive/Brain_Tumor_CNN_Project/dataset/Epic and CSCR hospital Dataset/Train/glioma/gg (476).jpg,glioma,1
/content/drive/MyDrive/Brain_Tumor_CNN_Project/dataset/Epic and CSCR hospital Dataset/Train/meningioma/Tr-me_0293.jpg,meningioma,1
/content/drive/MyDrive/Brain_Tumor_CNN_Project/dataset/Epic and CSCR hospital Dataset/Train/notumor/Tr-no_0372.jpg,notumor,0
/content/drive/MyDrive/Brain_Tumor_CNN_Project/dataset/Epic and CSCR hospital Dataset/Train/pituitary/Te-pi_0091.jpg,pituitary,1
/content/drive/MyDrive/Brain_Tumor_CNN_Project/dataset/Epic and CSCR hospital Dataset/Train/meningioma/1389.jpg,meningioma,1
/content/drive/MyDrive/Brain_Tumor_CNN_Project/dataset/Epic and CSCR hospital Dataset/Train/glioma/Tr-gl_1054.jpg,glioma,1
/content/drive/MyDrive/Brain_Tumor_CNN_Project/dataset/Epic and CSCR hospital Dataset/Train/notumor/N_428_BR_.jpg,notumor,0
/content/drive/MyDrive/Brain_Tumor_CNN_Project/dataset/Epic and CSCR hospital Dataset/Train/glioma/G_854.jpg,glioma,1
/content/drive/MyDrive/Brain_Tumor_CNN_Project/dataset/Epic and CSCR hospital Dataset/Train/glioma/G_848.jpg,glioma,1
/content/drive/MyDrive/Brain_Tumor_CNN_Project/dataset/Epic and CSCR hospital Dataset/Train/pituitary/Tr-pi_0157.jpg,pituitary,1
/content/drive/MyDrive/Brain_Tumor_CNN_Project/dataset/Epic and CSCR hospital Dataset/Train/glioma/G_727_BR_.jpg,glioma,1
/content/drive/MyDrive/Brain_Tumor_CNN_Project/dataset/Epic and CSCR hospital Dataset/Train/glioma/Tr-gl_0195.jpg,glioma,1
/content/drive/MyDrive/Brain_Tumor_CNN_Project/dataset/Epic and CSCR hospital Dataset/Train/meningioma/Tr-me_0213.jpg,meningioma,1
/content/drive/MyDrive/Brain_Tumor_CNN_Project/dataset/Epic and CSCR hospital Dataset/Train/notumor/Tr-no_0112.jpg,notumor,0
/content/drive/MyDrive/Brain_Tumor_CNN_Project/dataset/Epic and CSCR hospital Dataset/Train/meningioma/M_887_RO_.jpg,meningioma,1
/content/drive/MyDrive/Brain_Tumor_CNN_Project/dataset/Epic and CSCR hospital Dataset/Train/notumor/Te-no_0185.jpg,notumor,0
/content/drive/MyDrive/Brain_Tumor_CNN_Project/dataset/Epic and CSCR hospital Dataset/Train/pituitary/Tr-pi_0771.jpg,pituitary,1
/content/drive/MyDrive/Brain_Tumor_CNN_Project/dataset/Epic and CSCR hospital Dataset/Train/meningioma/Tr-me_0882.jpg,meningioma,1
/content/drive/MyDrive/Brain_Tumor_CNN_Project/dataset/Epic and CSCR hospital Dataset/Train/notumor/N_376.jpg,notumor,0
/content/drive/MyDrive/Brain_Tumor_CNN_Project/dataset/Epic and CSCR hospital Dataset/Train/glioma/Tr-gl_0551.jpg,glioma,1
/content/drive/MyDrive/Brain_Tumor_CNN_Project/dataset/Epic and CSCR hospital Dataset/Train/glioma/G_722_DA_.jpg,glioma,1
/content/drive/MyDrive/Brain_Tumor_CNN_Project/dataset/Epic and CSCR hospital Dataset/Train/pituitary/Tr-pi_0134.jpg,pituitary,1
/content/drive/MyDrive/Brain_Tumor_CNN_Project/dataset/Epic and CSCR hospital Dataset/Train/glioma/G_822_RO_.jpg,glioma,1
/content/drive/MyDrive/Brain_Tumor_CNN_Project/dataset/Epic and CSCR hospital Dataset/Train/glioma/G_885_DA_.jpg,glioma,1
/content/drive/MyDrive/Brain_Tumor_CNN_Project/dataset/Epic and CSCR hospital Dataset/Train/pituitary/P_770_RO_.jpg,pituitary,1
/content/drive/MyDrive/Brain_Tumor_CNN_Project/dataset/Epic and CSCR hospital Dataset/Train/glioma/Tr-gl_0310.jpg,glioma,1
/content/drive/MyDrive/Brain_Tumor_CNN_Project/dataset/Epic and CSCR hospital Dataset/Train/meningioma/Tr-me_1017.jpg,meningioma,1
/content/drive/MyDrive/Brain_Tumor_CNN_Project/dataset/Epic and CSCR hospital Dataset/Train/glioma/G_867_BR_.jpg,glioma,1
/content/drive/MyDrive/Brain_Tumor_CNN_Project/dataset/Epic and CSCR hospital Dataset/Train/meningioma/Tr-me_0852.jpg,meningioma,1
/content/drive/MyDrive/Brain_Tumor_CNN_Project/dataset/Epic and CSCR hospital Dataset/Train/glioma/G_763_DA_.jpg,glioma,1
/content/drive/MyDrive/Brain_Tumor_CNN_Project/dataset/Epic and CSCR hospital Dataset/Train/pituitary/Tr-pi_0309.jpg,pituitary,1
/content/drive/MyDrive/Brain_Tumor_CNN_Project/dataset/Epic and CSCR hospital Dataset/Train/meningioma/Tr-me_1156.jpg,meningioma,1
/content/drive/MyDrive/Brain_Tumor_CNN_Project/dataset/Epic and CSCR hospital Dataset/Train/glioma/G_863_DA_.jpg,glioma,1
/content/drive/MyDrive/Brain_Tumor_CNN_Project/dataset/Epic and CSCR hospital Dataset/Train/pituitary/Tr-pi_1293.jpg,pituitary,1
/content/drive/MyDrive/Brain_Tumor_CNN_Project/dataset/Epic and CSCR hospital Dataset/Train/meningioma/Tr-me_0329.jpg,meningioma,1
/content/drive/MyDrive/Brain_Tumor_CNN_Project/dataset/Epic and CSCR hospital Dataset/Train/glioma/G_792_SP_.jpg,glioma,1
/content/drive/MyDrive/Brain_Tumor_CNN_Project/dataset/Epic and CSCR hospital Dataset/Train/meningioma/M_877_RO_.jpg,meningioma,1
/content/drive/MyDrive/Brain_Tumor_CNN_Project/dataset/Epic and CSCR hospital Dataset/Train/glioma/Tr-gl_0559.jpg,glioma,1
/content/drive/MyDrive/Brain_Tumor_CNN_Project/dataset/Epic and CSCR hospital Dataset/Train/notumor/Te-no_0184.jpg,notumor,0
/content/drive/MyDrive/Brain_Tumor_CNN_Project/dataset/Epic and CSCR hospital Dataset/Train/glioma/G_761_VF_.jpg,glioma,1
/content/drive/MyDrive/Brain_Tumor_CNN_Project/dataset/Epic and CSCR hospital Dataset/Train/pituitary/Tr-pi_0500.jpg,pituitary,1
/content/drive/MyDrive/Brain_Tumor_CNN_Project/dataset/Epic and CSCR hospital Dataset/Train/notumor/N_438_SP_.jpg,notumor,0
/content/drive/MyDrive/Brain_Tumor_CNN_Project/dataset/Epic and CSCR hospital Dataset/Train/glioma/gg (646).jpg,glioma,1
/content/drive/MyDrive/Brain_Tumor_CNN_Project/dataset/Epic and CSCR hospital Dataset/Train/glioma/Tr-gl_0135.jpg,glioma,1
/content/drive/MyDrive/Brain_Tumor_CNN_Project/dataset/Epic and CSCR hospital Dataset/Train/notumor/Te-no_0261.jpg,notumor,0
/content/drive/MyDrive/Brain_Tumor_CNN_Project/dataset/Epic and CSCR hospital Dataset/Train/glioma/Tr-gl_0117.jpg,glioma,1
/content/drive/MyDrive/Brain_Tumor_CNN_Project/dataset/Epic and CSCR hospital Dataset/Train/meningioma/M_823_VF_.jpg,meningioma,1
/content/drive/MyDrive/Brain_Tumor_CNN_Project/dataset/Epic and CSCR hospital Dataset/Train/notumor/Tr-no_0222.jpg,notumor,0
/content/drive/MyDrive/Brain_Tumor_CNN_Project/dataset/Epic and CSCR hospital Dataset/Train/pituitary/P_836_VF_.jpg,pituitary,1
/content/drive/MyDrive/Brain_Tumor_CNN_Project/dataset/Epic and CSCR hospital Dataset/Train/meningioma/M_876.jpg,meningioma,1
/content/drive/MyDrive/Brain_Tumor_CNN_Project/dataset/Epic and CSCR hospital Dataset/Train/notumor/Te-no_0217.jpg,notumor,0
/content/drive/MyDrive/Brain_Tumor_CNN_Project/dataset/Epic and CSCR hospital Dataset/Train/notumor/Te-no_0296.jpg,notumor,0
/content/drive/MyDrive/Brain_Tumor_CNN_Project/dataset/Epic and CSCR hospital Dataset/Train/glioma/G_847_VF_.jpg,glioma,1
/content/drive/MyDrive/Brain_Tumor_CNN_Project/dataset/Epic and CSCR hospital Dataset/Train/glioma/G_724_HF_.jpg,glioma,1
/content/drive/MyDrive/Brain_Tumor_CNN_Project/dataset/Epic and CSCR hospital Dataset/Train/meningioma/Tr-me_1237.jpg,meningioma,1
/content/drive/MyDrive/Brain_Tumor_CNN_Project/dataset/Epic and CSCR hospital Dataset/Train/notumor/Tr-no_0439.jpg,notumor,0
/content/drive/MyDrive/Brain_Tumor_CNN_Project/dataset/Epic and CSCR hospital Dataset/Train/notumor/Tr-no_0293.jpg,notumor,0
/content/drive/MyDrive/Brain_Tumor_CNN_Project/dataset/Epic and CSCR hospital Dataset/Train/pituitary/P_795_RO_.jpg,pituitary,1
/content/drive/MyDrive/Brain_Tumor_CNN_Project/dataset/Epic and CSCR hospital Dataset/Train/meningioma/M_868.jpg,meningioma,1
/content/drive/MyDrive/Brain_Tumor_CNN_Project/dataset/Epic and CSCR hospital Dataset/Train/pituitary/P_805_VF_.jpg,pituitary,1
/content/drive/MyDrive/Brain_Tumor_CNN_Project/dataset/Epic and CSCR hospital Dataset/Train/glioma/G_763_RO_.jpg,glioma,1
/content/drive/MyDrive/Brain_Tumor_CNN_Project/dataset/Epic and CSCR hospital Dataset/Train/glioma/Te-gl_0109.jpg,glioma,1
/content/drive/MyDrive/Brain_Tumor_CNN_Project/dataset/Epic and CSCR hospital Dataset/Train/glioma/Tr-gl_0908.jpg,glioma,1
/content/drive/MyDrive/Brain_Tumor_CNN_Project/dataset/Epic and CSCR hospital Dataset/Train/glioma/gg (661).jpg,glioma,1
/content/drive/MyDrive/Brain_Tumor_CNN_Project/dataset/Epic and CSCR hospital Dataset/Train/pituitary/P_718_RO_.jpg,pituitary,1
/content/drive/MyDrive/Brain_Tumor_CNN_Project/dataset/Epic and CSCR hospital Dataset/Train/pituitary/P_829_VF_.jpg,pituitary,1
/content/drive/MyDrive/Brain_Tumor_CNN_Project/dataset/Epic and CSCR hospital Dataset/Train/notumor/1768.jpg,notumor,0
/content/drive/MyDrive/Brain_Tumor_CNN_Project/dataset/Epic and CSCR hospital Dataset/Train/glioma/G_730_VF_.jpg,glioma,1
/content/drive/MyDrive/Brain_Tumor_CNN_Project/dataset/Epic and CSCR hospital Dataset/Train/pituitary/P_807_HF_.jpg,pituitary,1
/content/drive/MyDrive/Brain_Tumor_CNN_Project/dataset/Epic and CSCR hospital Dataset/Train/pituitary/1189.jpg,pituitary,1
/content/drive/MyDrive/Brain_Tumor_CNN_Project/dataset/Epic and CSCR hospital Dataset/Train/meningioma/Tr-me_1031.jpg,meningioma,1
/content/drive/MyDrive/Brain_Tumor_CNN_Project/dataset/Epic and CSCR hospital Dataset/Train/glioma/Tr-gl_0394.jpg,glioma,1
/content/drive/MyDrive/Brain_Tumor_CNN_Project/dataset/Epic and CSCR hospital Dataset/Train/notumor/Tr-no_0334.jpg,notumor,0
/content/drive/MyDrive/Brain_Tumor_CNN_Project/dataset/Epic and CSCR hospital Dataset/Train/notumor/Tr-no_0055.jpg,notumor,0
/content/drive/MyDrive/Brain_Tumor_CNN_Project/dataset/Epic and CSCR hospital Dataset/Train/meningioma/1420.jpg,meningioma,1
/content/drive/MyDrive/Brain_Tumor_CNN_Project/dataset/Epic and CSCR hospital Dataset/Train/notumor/N_413_HF_.jpg,notumor,0
/content/drive/MyDrive/Brain_Tumor_CNN_Project/dataset/Epic and CSCR hospital Dataset/Train/glioma/Tr-gl_1124.jpg,glioma,1
/content/drive/MyDrive/Brain_Tumor_CNN_Project/dataset/Epic and CSCR hospital Dataset/Train/glioma/gg (398).jpg,glioma,1
/content/drive/MyDrive/Brain_Tumor_CNN_Project/dataset/Epic and CSCR hospital Dataset/Train/glioma/G_856_BR_.jpg,glioma,1
/content/drive/MyDrive/Brain_Tumor_CNN_Project/dataset/Epic and CSCR hospital Dataset/Train/notumor/1815.jpg,notumor,0
/content/drive/MyDrive/Brain_Tumor_CNN_Project/dataset/Epic and CSCR hospital Dataset/Train/notumor/N_406_VF_.jpg,notumor,0
/content/drive/MyDrive/Brain_Tumor_CNN_Project/dataset/Epic and CSCR hospital Dataset/Train/notumor/N_58_BR_.jpg,notumor,0
/content/drive/MyDrive/Brain_Tumor_CNN_Project/dataset/Epic and CSCR hospital Dataset/Train/glioma/gg (440).jpg,glioma,1
/content/drive/MyDrive/Brain_Tumor_CNN_Project/dataset/Epic and CSCR hospital Dataset/Train/meningioma/Tr-me_0885.jpg,meningioma,1
/content/drive/MyDrive/Brain_Tumor_CNN_Project/dataset/Epic and CSCR hospital Dataset/Train/notumor/Te-no_0314.jpg,notumor,0
/content/drive/MyDrive/Brain_Tumor_CNN_Project/dataset/Epic and CSCR hospital Dataset/Train/notumor/Tr-no_0149.jpg,notumor,0
/content/drive/MyDrive/Brain_Tumor_CNN_Project/dataset/Epic and CSCR hospital Dataset/Train/glioma/Tr-gl_0234.jpg,glioma,1
/content/drive/MyDrive/Brain_Tumor_CNN_Project/dataset/Epic and CSCR hospital Dataset/Train/notumor/Tr-no_0582.jpg,notumor,0
/content/drive/MyDrive/Brain_Tumor_CNN_Project/dataset/Epic and CSCR hospital Dataset/Train/notumor/Tr-no_0490.jpg,notumor,0
/content/drive/MyDrive/Brain_Tumor_CNN_Project/dataset/Epic and CSCR hospital Dataset/Train/meningioma/Tr-me_0871.jpg,meningioma,1
/content/drive/MyDrive/Brain_Tumor_CNN_Project/dataset/Epic and CSCR hospital Dataset/Train/glioma/Tr-gl_0865.jpg,glioma,1
/content/drive/MyDrive/Brain_Tumor_CNN_Project/dataset/Epic and CSCR hospital Dataset/Train/glioma/G_860_VF_.jpg,glioma,1
/content/drive/MyDrive/Brain_Tumor_CNN_Project/dataset/Epic and CSCR hospital Dataset/Train/glioma/gg (591).jpg,glioma,1
/content/drive/MyDrive/Brain_Tumor_CNN_Project/dataset/Epic and CSCR hospital Dataset/Train/glioma/G_829_RO_.jpg,glioma,1
/content/drive/MyDrive/Brain_Tumor_CNN_Project/dataset/Epic and CSCR hospital Dataset/Train/pituitary/Tr-pi_0199.jpg,pituitary,1
/content/drive/MyDrive/Brain_Tumor_CNN_Project/dataset/Epic and CSCR hospital Dataset/Train/meningioma/1342.jpg,meningioma,1
/content/drive/MyDrive/Brain_Tumor_CNN_Project/dataset/Epic and CSCR hospital Dataset/Train/glioma/Tr-gl_0029.jpg,glioma,1
/content/drive/MyDrive/Brain_Tumor_CNN_Project/dataset/Epic and CSCR hospital Dataset/Train/glioma/image(64).jpg,glioma,1
/content/drive/MyDrive/Brain_Tumor_CNN_Project/dataset/Epic and CSCR hospital Dataset/Train/pituitary/Tr-pi_0234.jpg,pituitary,1
/content/drive/MyDrive/Brain_Tumor_CNN_Project/dataset/Epic and CSCR hospital Dataset/Train/meningioma/Tr-me_0443.jpg,meningioma,1
/content/drive/MyDrive/Brain_Tumor_CNN_Project/dataset/Epic and CSCR hospital Dataset/Train/meningioma/M_831_BR_.jpg,meningioma,1
/content/drive/MyDrive/Brain_Tumor_CNN_Project/dataset/Epic and CSCR hospital Dataset/Train/pituitary/Te-pi_0023.jpg,pituitary,1
/content/drive/MyDrive/Brain_Tumor_CNN_Project/dataset/Epic and CSCR hospital Dataset/Train/pituitary/p (497).jpg,pituitary,1
/content/drive/MyDrive/Brain_Tumor_CNN_Project/dataset/Epic and CSCR hospital Dataset/Train/pituitary/P_719.jpg,pituitary,1
/content/drive/MyDrive/Brain_Tumor_CNN_Project/dataset/Epic and CSCR hospital Dataset/Train/meningioma/Tr-me_1193.jpg,meningioma,1
/content/drive/MyDrive/Brain_Tumor_CNN_Project/dataset/Epic and CSCR hospital Dataset/Train/pituitary/P_820_SP_.jpg,pituitary,1
/content/drive/MyDrive/Brain_Tumor_CNN_Project/dataset/Epic and CSCR hospital Dataset/Train/notumor/Tr-no_0605.jpg,notumor,0
/content/drive/MyDrive/Brain_Tumor_CNN_Project/dataset/Epic and CSCR hospital Dataset/Train/pituitary/P_784_BR_.jpg,pituitary,1
/content/drive/MyDrive/Brain_Tumor_CNN_Project/dataset/Epic and CSCR hospital Dataset/Train/glioma/Tr-gl_0639.jpg,glioma,1
/content/drive/MyDrive/Brain_Tumor_CNN_Project/dataset/Epic and CSCR hospital Dataset/Train/meningioma/Tr-me_0277.jpg,meningioma,1
/content/drive/MyDrive/Brain_Tumor_CNN_Project/dataset/Epic and CSCR hospital Dataset/Train/meningioma/1415.jpg,meningioma,1
/content/drive/MyDrive/Brain_Tumor_CNN_Project/dataset/Epic and CSCR hospital Dataset/Train/glioma/G_854_RO_.jpg,glioma,1
/content/drive/MyDrive/Brain_Tumor_CNN_Project/dataset/Epic and CSCR hospital Dataset/Train/pituitary/P_714_DA_.jpg,pituitary,1
/content/drive/MyDrive/Brain_Tumor_CNN_Project/dataset/Epic and CSCR hospital Dataset/Train/glioma/gg (401).jpg,glioma,1
/content/drive/MyDrive/Brain_Tumor_CNN_Project/dataset/Epic and CSCR hospital Dataset/Train/glioma/G_866.jpg,glioma,1
/content/drive/MyDrive/Brain_Tumor_CNN_Project/dataset/Epic and CSCR hospital Dataset/Train/meningioma/m1(77).jpg,meningioma,1
/content/drive/MyDrive/Brain_Tumor_CNN_Project/dataset/Epic and CSCR hospital Dataset/Train/notumor/N_413_SP_.jpg,notumor,0
/content/drive/MyDrive/Brain_Tumor_CNN_Project/dataset/Epic and CSCR hospital Dataset/Train/meningioma/Tr-me_0986.jpg,meningioma,1
/content/drive/MyDrive/Brain_Tumor_CNN_Project/dataset/Epic and CSCR hospital Dataset/Train/glioma/gg (507).jpg,glioma,1
/content/drive/MyDrive/Brain_Tumor_CNN_Project/dataset/Epic and CSCR hospital Dataset/Train/pituitary/P_796_SP_.jpg,pituitary,1
/content/drive/MyDrive/Brain_Tumor_CNN_Project/dataset/Epic and CSCR hospital Dataset/Train/notumor/N_36_VF_.jpg,notumor,0
/content/drive/MyDrive/Brain_Tumor_CNN_Project/dataset/Epic and CSCR hospital Dataset/Train/notumor/1635.jpg,notumor,0
/content/drive/MyDrive/Brain_Tumor_CNN_Project/dataset/Epic and CSCR hospital Dataset/Train/pituitary/P_772_RO_.jpg,pituitary,1
/content/drive/MyDrive/Brain_Tumor_CNN_Project/dataset/Epic and CSCR hospital Dataset/Train/meningioma/Tr-me_0532.jpg,meningioma,1
/content/drive/MyDrive/Brain_Tumor_CNN_Project/dataset/Epic and CSCR hospital Dataset/Train/glioma/G_753_DA_.jpg,glioma,1
/content/drive/MyDrive/Brain_Tumor_CNN_Project/dataset/Epic and CSCR hospital Dataset/Train/pituitary/P_835_VF_.jpg,pituitary,1
/content/drive/MyDrive/Brain_Tumor_CNN_Project/dataset/Epic and CSCR hospital Dataset/Train/pituitary/p (540).jpg,pituitary,1
/content/drive/MyDrive/Brain_Tumor_CNN_Project/dataset/Epic and CSCR hospital Dataset/Train/meningioma/1404.jpg,meningioma,1
/content/drive/MyDrive/Brain_Tumor_CNN_Project/dataset/Epic and CSCR hospital Dataset/Train/pituitary/P_7_RO_.jpg,pituitary,1
/content/drive/MyDrive/Brain_Tumor_CNN_Project/dataset/Epic and CSCR hospital Dataset/Train/meningioma/1383.jpg,meningioma,1
/content/drive/MyDrive/Brain_Tumor_CNN_Project/dataset/Epic and CSCR hospital Dataset/Train/meningioma/Te-me_0189.jpg,meningioma,1
/content/drive/MyDrive/Brain_Tumor_CNN_Project/dataset/Epic and CSCR hospital Dataset/Train/pituitary/P_790_SP_.jpg,pituitary,1
/content/drive/MyDrive/Brain_Tumor_CNN_Project/dataset/Epic and CSCR hospital Dataset/Train/glioma/G_798_DA_.jpg,glioma,1
/content/drive/MyDrive/Brain_Tumor_CNN_Project/dataset/Epic and CSCR hospital Dataset/Train/pituitary/Tr-pi_0798.jpg,pituitary,1
/content/drive/MyDrive/Brain_Tumor_CNN_Project/dataset/Epic and CSCR hospital Dataset/Train/meningioma/Tr-me_0123.jpg,meningioma,1
/content/drive/MyDrive/Brain_Tumor_CNN_Project/dataset/Epic and CSCR hospital Dataset/Train/pituitary/P_754_DA_.jpg,pituitary,1
/content/drive/MyDrive/Brain_Tumor_CNN_Project/dataset/Epic and CSCR hospital Dataset/Train/notumor/Tr-no_0589.jpg,notumor,0
/content/drive/MyDrive/Brain_Tumor_CNN_Project/dataset/Epic and CSCR hospital Dataset/Train/pituitary/Tr-pi_0163.jpg,pituitary,1
/content/drive/MyDrive/Brain_Tumor_CNN_Project/dataset/Epic and CSCR hospital Dataset/Train/glioma/Tr-gl_0999.jpg,glioma,1
/content/drive/MyDrive/Brain_Tumor_CNN_Project/dataset/Epic and CSCR hospital Dataset/Train/notumor/Tr-no_0231.jpg,notumor,0
/content/drive/MyDrive/Brain_Tumor_CNN_Project/dataset/Epic and CSCR hospital Dataset/Train/meningioma/Tr-me_0579.jpg,meningioma,1
/content/drive/MyDrive/Brain_Tumor_CNN_Project/dataset/Epic and CSCR hospital Dataset/Train/glioma/G_753_VF_.jpg,glioma,1
/content/drive/MyDrive/Brain_Tumor_CNN_Project/dataset/Epic and CSCR hospital Dataset/Train/notumor/N_392_RO_.jpg,notumor,0
/content/drive/MyDrive/Brain_Tumor_CNN_Project/dataset/Epic and CSCR hospital Dataset/Train/pituitary/Tr-pi_1030.jpg,pituitary,1
/content/drive/MyDrive/Brain_Tumor_CNN_Project/dataset/Epic and CSCR hospital Dataset/Train/glioma/G_854_VF_.jpg,glioma,1
/content/drive/MyDrive/Brain_Tumor_CNN_Project/dataset/Epic and CSCR hospital Dataset/Train/notumor/N_420_HF_.jpg,notumor,0
/content/drive/MyDrive/Brain_Tumor_CNN_Project/dataset/Epic and CSCR hospital Dataset/Train/pituitary/Tr-pi_0659.jpg,pituitary,1
/content/drive/MyDrive/Brain_Tumor_CNN_Project/dataset/Epic and CSCR hospital Dataset/Train/pituitary/Tr-pi_0212.jpg,pituitary,1
/content/drive/MyDrive/Brain_Tumor_CNN_Project/dataset/Epic and CSCR hospital Dataset/Train/glioma/G_722_VF_.jpg,glioma,1
/content/drive/MyDrive/Brain_Tumor_CNN_Project/dataset/Epic and CSCR hospital Dataset/Train/glioma/G_714_DA_.jpg,glioma,1
/content/drive/MyDrive/Brain_Tumor_CNN_Project/dataset/Epic and CSCR hospital Dataset/Train/notumor/Tr-no_0300.jpg,notumor,0
/content/drive/MyDrive/Brain_Tumor_CNN_Project/dataset/Epic and CSCR hospital Dataset/Train/pituitary/P_755_SP_.jpg,pituitary,1
/content/drive/MyDrive/Brain_Tumor_CNN_Project/dataset/Epic and CSCR hospital Dataset/Train/pituitary/P_755_DA_.jpg,pituitary,1
/content/drive/MyDrive/Brain_Tumor_CNN_Project/dataset/Epic and CSCR hospital Dataset/Train/meningioma/m2 (112).jpg,meningioma,1
/content/drive/MyDrive/Brain_Tumor_CNN_Project/dataset/Epic and CSCR hospital Dataset/Train/meningioma/Tr-me_1255.jpg,meningioma,1
/content/drive/MyDrive/Brain_Tumor_CNN_Project/dataset/Epic and CSCR hospital Dataset/Train/notumor/N_43_VF_.jpg,notumor,0
/content/drive/MyDrive/Brain_Tumor_CNN_Project/dataset/Epic and CSCR hospital Dataset/Train/glioma/Tr-gl_0964.jpg,glioma,1
/content/drive/MyDrive/Brain_Tumor_CNN_Project/dataset/Epic and CSCR hospital Dataset/Train/meningioma/Te-me_0264.jpg,meningioma,1
/content/drive/MyDrive/Brain_Tumor_CNN_Project/dataset/Epic and CSCR hospital Dataset/Train/notumor/1642.jpg,notumor,0
/content/drive/MyDrive/Brain_Tumor_CNN_Project/dataset/Epic and CSCR hospital Dataset/Train/notumor/Te-no_0254.jpg,notumor,0
/content/drive/MyDrive/Brain_Tumor_CNN_Project/dataset/Epic and CSCR hospital Dataset/Train/meningioma/m2 (77).jpg,meningioma,1
/content/drive/MyDrive/Brain_Tumor_CNN_Project/dataset/Epic and CSCR hospital Dataset/Train/glioma/G_822_VF_.jpg,glioma,1
/content/drive/MyDrive/Brain_Tumor_CNN_Project/dataset/Epic and CSCR hospital Dataset/Train/meningioma/Tr-me_0822.jpg,meningioma,1
/content/drive/MyDrive/Brain_Tumor_CNN_Project/dataset/Epic and CSCR hospital Dataset/Train/glioma/G_819_RO_.jpg,glioma,1
/content/drive/MyDrive/Brain_Tumor_CNN_Project/dataset/Epic and CSCR hospital Dataset/Train/meningioma/m3 (184).jpg,meningioma,1
/content/drive/MyDrive/Brain_Tumor_CNN_Project/dataset/Epic and CSCR hospital Dataset/Train/meningioma/Tr-me_0147.jpg,meningioma,1
/content/drive/MyDrive/Brain_Tumor_CNN_Project/dataset/Epic and CSCR hospital Dataset/Train/glioma/G_717_RO_.jpg,glioma,1
/content/drive/MyDrive/Brain_Tumor_CNN_Project/dataset/Epic and CSCR hospital Dataset/Train/meningioma/m1(87).jpg,meningioma,1
/content/drive/MyDrive/Brain_Tumor_CNN_Project/dataset/Epic and CSCR hospital Dataset/Train/meningioma/M_830.jpg,meningioma,1
/content/drive/MyDrive/Brain_Tumor_CNN_Project/dataset/Epic and CSCR hospital Dataset/Train/glioma/G_896_DA_.jpg,glioma,1
/content/drive/MyDrive/Brain_Tumor_CNN_Project/dataset/Epic and CSCR hospital Dataset/Train/glioma/Tr-gl_0033.jpg,glioma,1
/content/drive/MyDrive/Brain_Tumor_CNN_Project/dataset/Epic and CSCR hospital Dataset/Train/glioma/Tr-gl_0254.jpg,glioma,1
/content/drive/MyDrive/Brain_Tumor_CNN_Project/dataset/Epic and CSCR hospital Dataset/Train/glioma/G_750_HF_.jpg,glioma,1
/content/drive/MyDrive/Brain_Tumor_CNN_Project/dataset/Epic and CSCR hospital Dataset/Train/glioma/G_877_BR_.jpg,glioma,1
/content/drive/MyDrive/Brain_Tumor_CNN_Project/dataset/Epic and CSCR hospital Dataset/Train/pituitary/Tr-pi_0493.jpg,pituitary,1
/content/drive/MyDrive/Brain_Tumor_CNN_Project/dataset/Epic and CSCR hospital Dataset/Train/pituitary/Tr-pi_1290.jpg,pituitary,1
/content/drive/MyDrive/Brain_Tumor_CNN_Project/dataset/Epic and CSCR hospital Dataset/Train/meningioma/M_881_RO_.jpg,meningioma,1
/content/drive/MyDrive/Brain_Tumor_CNN_Project/dataset/Epic and CSCR hospital Dataset/Train/glioma/Te-gl_0132.jpg,glioma,1
/content/drive/MyDrive/Brain_Tumor_CNN_Project/dataset/Epic and CSCR hospital Dataset/Train/pituitary/Tr-pi_0541.jpg,pituitary,1
/content/drive/MyDrive/Brain_Tumor_CNN_Project/dataset/Epic and CSCR hospital Dataset/Train/pituitary/P_831.jpg,pituitary,1
/content/drive/MyDrive/Brain_Tumor_CNN_Project/dataset/Epic and CSCR hospital Dataset/Train/notumor/1766.jpg,notumor,0
/content/drive/MyDrive/Brain_Tumor_CNN_Project/dataset/Epic and CSCR hospital Dataset/Train/glioma/G_798_RO_.jpg,glioma,1
/content/drive/MyDrive/Brain_Tumor_CNN_Project/dataset/Epic and CSCR hospital Dataset/Train/meningioma/m1(8).jpg,meningioma,1
/content/drive/MyDrive/Brain_Tumor_CNN_Project/dataset/Epic and CSCR hospital Dataset/Train/pituitary/P_844_HF_.jpg,pituitary,1
/content/drive/MyDrive/Brain_Tumor_CNN_Project/dataset/Epic and CSCR hospital Dataset/Train/pituitary/Tr-pi_0673.jpg,pituitary,1
/content/drive/MyDrive/Brain_Tumor_CNN_Project/dataset/Epic and CSCR hospital Dataset/Train/meningioma/M_874_SP_.jpg,meningioma,1
/content/drive/MyDrive/Brain_Tumor_CNN_Project/dataset/Epic and CSCR hospital Dataset/Train/notumor/1589.jpg,notumor,0
/content/drive/MyDrive/Brain_Tumor_CNN_Project/dataset/Epic and CSCR hospital Dataset/Train/notumor/1721.jpg,notumor,0
/content/drive/MyDrive/Brain_Tumor_CNN_Project/dataset/Epic and CSCR hospital Dataset/Train/glioma/G_712_BR_.jpg,glioma,1
/content/drive/MyDrive/Brain_Tumor_CNN_Project/dataset/Epic and CSCR hospital Dataset/Train/pituitary/P_726_SP_.jpg,pituitary,1
/content/drive/MyDrive/Brain_Tumor_CNN_Project/dataset/Epic and CSCR hospital Dataset/Train/meningioma/Te-me_0293.jpg,meningioma,1
/content/drive/MyDrive/Brain_Tumor_CNN_Project/dataset/Epic and CSCR hospital Dataset/Train/glioma/Te-gl_0169.jpg,glioma,1
/content/drive/MyDrive/Brain_Tumor_CNN_Project/dataset/Epic and CSCR hospital Dataset/Train/meningioma/Tr-me_1015.jpg,meningioma,1
/content/drive/MyDrive/Brain_Tumor_CNN_Project/dataset/Epic and CSCR hospital Dataset/Train/meningioma/Tr-me_0146.jpg,meningioma,1
/content/drive/MyDrive/Brain_Tumor_CNN_Project/dataset/Epic and CSCR hospital Dataset/Train/meningioma/m2 (146).jpg,meningioma,1
/content/drive/MyDrive/Brain_Tumor_CNN_Project/dataset/Epic and CSCR hospital Dataset/Train/pituitary/Tr-pi_0469.jpg,pituitary,1
/content/drive/MyDrive/Brain_Tumor_CNN_Project/dataset/Epic and CSCR hospital Dataset/Train/glioma/G_704_BR_.jpg,glioma,1
/content/drive/MyDrive/Brain_Tumor_CNN_Project/dataset/Epic and CSCR hospital Dataset/Train/glioma/Tr-gl_0503.jpg,glioma,1
/content/drive/MyDrive/Brain_Tumor_CNN_Project/dataset/Epic and CSCR hospital Dataset/Train/pituitary/P_772_BR_.jpg,pituitary,1
/content/drive/MyDrive/Brain_Tumor_CNN_Project/dataset/Epic and CSCR hospital Dataset/Train/notumor/N_50_VF_.jpg,notumor,0
/content/drive/MyDrive/Brain_Tumor_CNN_Project/dataset/Epic and CSCR hospital Dataset/Train/pituitary/1181.jpg,pituitary,1
/content/drive/MyDrive/Brain_Tumor_CNN_Project/dataset/Epic and CSCR hospital Dataset/Train/notumor/Tr-no_0066.jpg,notumor,0
/content/drive/MyDrive/Brain_Tumor_CNN_Project/dataset/Epic and CSCR hospital Dataset/Train/pituitary/P_811_HF_.jpg,pituitary,1
/content/drive/MyDrive/Brain_Tumor_CNN_Project/dataset/Epic and CSCR hospital Dataset/Train/glioma/G_718_HF_.jpg,glioma,1
/content/drive/MyDrive/Brain_Tumor_CNN_Project/dataset/Epic and CSCR hospital Dataset/Train/notumor/7 no.jpg,notumor,0
/content/drive/MyDrive/Brain_Tumor_CNN_Project/dataset/Epic and CSCR hospital Dataset/Train/pituitary/Tr-pi_0147.jpg,pituitary,1
/content/drive/MyDrive/Brain_Tumor_CNN_Project/dataset/Epic and CSCR hospital Dataset/Train/meningioma/M_833_BR_.jpg,meningioma,1
/content/drive/MyDrive/Brain_Tumor_CNN_Project/dataset/Epic and CSCR hospital Dataset/Train/pituitary/P_752_RO_.jpg,pituitary,1
/content/drive/MyDrive/Brain_Tumor_CNN_Project/dataset/Epic and CSCR hospital Dataset/Train/glioma/Tr-gl_0182.jpg,glioma,1
/content/drive/MyDrive/Brain_Tumor_CNN_Project/dataset/Epic and CSCR hospital Dataset/Train/pituitary/Tr-pi_1195.jpg,pituitary,1
/content/drive/MyDrive/Brain_Tumor_CNN_Project/dataset/Epic and CSCR hospital Dataset/Train/glioma/Tr-gl_0200.jpg,glioma,1
/content/drive/MyDrive/Brain_Tumor_CNN_Project/dataset/Epic and CSCR hospital Dataset/Train/pituitary/P_803_VF_.jpg,pituitary,1
/content/drive/MyDrive/Brain_Tumor_CNN_Project/dataset/Epic and CSCR hospital Dataset/Train/glioma/Tr-gl_1146.jpg,glioma,1
/content/drive/MyDrive/Brain_Tumor_CNN_Project/dataset/Epic and CSCR hospital Dataset/Train/glioma/G_804_DA_.jpg,glioma,1
/content/drive/MyDrive/Brain_Tumor_CNN_Project/dataset/Epic and CSCR hospital Dataset/Train/glioma/Tr-gl_1184.jpg,glioma,1
/content/drive/MyDrive/Brain_Tumor_CNN_Project/dataset/Epic and CSCR hospital Dataset/Train/notumor/N_387_BR_.jpg,notumor,0
/content/drive/MyDrive/Brain_Tumor_CNN_Project/dataset/Epic and CSCR hospital Dataset/Train/pituitary/Tr-pi_1036.jpg,pituitary,1
/content/drive/MyDrive/Brain_Tumor_CNN_Project/dataset/Epic and CSCR hospital Dataset/Train/meningioma/Te-me_0162.jpg,meningioma,1
/content/drive/MyDrive/Brain_Tumor_CNN_Project/dataset/Epic and CSCR hospital Dataset/Train/notumor/N_407_BR_.jpg,notumor,0
/content/drive/MyDrive/Brain_Tumor_CNN_Project/dataset/Epic and CSCR hospital Dataset/Train/pituitary/Tr-pi_0734.jpg,pituitary,1
/content/drive/MyDrive/Brain_Tumor_CNN_Project/dataset/Epic and CSCR hospital Dataset/Train/meningioma/Tr-me_0232.jpg,meningioma,1
/content/drive/MyDrive/Brain_Tumor_CNN_Project/dataset/Epic and CSCR hospital Dataset/Train/meningioma/M_849_BR_.jpg,meningioma,1
/content/drive/MyDrive/Brain_Tumor_CNN_Project/dataset/Epic and CSCR hospital Dataset/Train/glioma/G_781_DA_.jpg,glioma,1
/content/drive/MyDrive/Brain_Tumor_CNN_Project/dataset/Epic and CSCR hospital Dataset/Train/pituitary/Tr-pi_0731.jpg,pituitary,1
/content/drive/MyDrive/Brain_Tumor_CNN_Project/dataset/Epic and CSCR hospital Dataset/Train/glioma/G_788_RO_.jpg,glioma,1
/content/drive/MyDrive/Brain_Tumor_CNN_Project/dataset/Epic and CSCR hospital Dataset/Train/glioma/Tr-gl_1133.jpg,glioma,1
/content/drive/MyDrive/Brain_Tumor_CNN_Project/dataset/Epic and CSCR hospital Dataset/Train/meningioma/Tr-me_0549.jpg,meningioma,1
/content/drive/MyDrive/Brain_Tumor_CNN_Project/dataset/Epic and CSCR hospital Dataset/Train/glioma/Tr-gl_1212.jpg,glioma,1
/content/drive/MyDrive/Brain_Tumor_CNN_Project/dataset/Epic and CSCR hospital Dataset/Train/notumor/N_41_HF_.jpg,notumor,0
/content/drive/MyDrive/Brain_Tumor_CNN_Project/dataset/Epic and CSCR hospital Dataset/Train/meningioma/Tr-me_0243.jpg,meningioma,1
/content/drive/MyDrive/Brain_Tumor_CNN_Project/dataset/Epic and CSCR hospital Dataset/Train/glioma/Tr-gl_0591.jpg,glioma,1
/content/drive/MyDrive/Brain_Tumor_CNN_Project/dataset/Epic and CSCR hospital Dataset/Train/notumor/N_393.jpg,notumor,0
/content/drive/MyDrive/Brain_Tumor_CNN_Project/dataset/Epic and CSCR hospital Dataset/Train/meningioma/Tr-me_1012.jpg,meningioma,1
/content/drive/MyDrive/Brain_Tumor_CNN_Project/dataset/Epic and CSCR hospital Dataset/Train/meningioma/M_823_RO_.jpg,meningioma,1
/content/drive/MyDrive/Brain_Tumor_CNN_Project/dataset/Epic and CSCR hospital Dataset/Train/pituitary/P_725.jpg,pituitary,1
/content/drive/MyDrive/Brain_Tumor_CNN_Project/dataset/Epic and CSCR hospital Dataset/Train/notumor/Tr-no_0139.jpg,notumor,0
/content/drive/MyDrive/Brain_Tumor_CNN_Project/dataset/Epic and CSCR hospital Dataset/Train/glioma/Tr-gl_1208.jpg,glioma,1
/content/drive/MyDrive/Brain_Tumor_CNN_Project/dataset/Epic and CSCR hospital Dataset/Train/pituitary/Tr-pi_0571.jpg,pituitary,1
/content/drive/MyDrive/Brain_Tumor_CNN_Project/dataset/Epic and CSCR hospital Dataset/Train/glioma/G_759_HF_.jpg,glioma,1
/content/drive/MyDrive/Brain_Tumor_CNN_Project/dataset/Epic and CSCR hospital Dataset/Train/pituitary/Tr-pi_1115.jpg,pituitary,1
/content/drive/MyDrive/Brain_Tumor_CNN_Project/dataset/Epic and CSCR hospital Dataset/Train/glioma/Tr-gl_0244.jpg,glioma,1
/content/drive/MyDrive/Brain_Tumor_CNN_Project/dataset/Epic and CSCR hospital Dataset/Train/glioma/Tr-gl_1130.jpg,glioma,1
/content/drive/MyDrive/Brain_Tumor_CNN_Project/dataset/Epic and CSCR hospital Dataset/Train/notumor/N5.jpg,notumor,0
/content/drive/MyDrive/Brain_Tumor_CNN_Project/dataset/Epic and CSCR hospital Dataset/Train/meningioma/Tr-me_0389.jpg,meningioma,1
/content/drive/MyDrive/Brain_Tumor_CNN_Project/dataset/Epic and CSCR hospital Dataset/Train/notumor/Tr-no_0339.jpg,notumor,0
/content/drive/MyDrive/Brain_Tumor_CNN_Project/dataset/Epic and CSCR hospital Dataset/Train/meningioma/m3 (131).jpg,meningioma,1
/content/drive/MyDrive/Brain_Tumor_CNN_Project/dataset/Epic and CSCR hospital Dataset/Train/glioma/G_754_DA_.jpg,glioma,1
/content/drive/MyDrive/Brain_Tumor_CNN_Project/dataset/Epic and CSCR hospital Dataset/Train/meningioma/Tr-me_1057.jpg,meningioma,1
/content/drive/MyDrive/Brain_Tumor_CNN_Project/dataset/Epic and CSCR hospital Dataset/Train/pituitary/Te-pi_0186.jpg,pituitary,1
/content/drive/MyDrive/Brain_Tumor_CNN_Project/dataset/Epic and CSCR hospital Dataset/Train/glioma/gg (665).jpg,glioma,1
/content/drive/MyDrive/Brain_Tumor_CNN_Project/dataset/Epic and CSCR hospital Dataset/Train/pituitary/Tr-pi_0357.jpg,pituitary,1
/content/drive/MyDrive/Brain_Tumor_CNN_Project/dataset/Epic and CSCR hospital Dataset/Train/meningioma/m3 (149).jpg,meningioma,1
/content/drive/MyDrive/Brain_Tumor_CNN_Project/dataset/Epic and CSCR hospital Dataset/Train/notumor/1645.jpg,notumor,0
/content/drive/MyDrive/Brain_Tumor_CNN_Project/dataset/Epic and CSCR hospital Dataset/Train/meningioma/Te-me_0265.jpg,meningioma,1
/content/drive/MyDrive/Brain_Tumor_CNN_Project/dataset/Epic and CSCR hospital Dataset/Train/notumor/Tr-no_0393.jpg,notumor,0
/content/drive/MyDrive/Brain_Tumor_CNN_Project/dataset/Epic and CSCR hospital Dataset/Train/pituitary/P_827.jpg,pituitary,1
/content/drive/MyDrive/Brain_Tumor_CNN_Project/dataset/Epic and CSCR hospital Dataset/Train/pituitary/P_749_RO_.jpg,pituitary,1
/content/drive/MyDrive/Brain_Tumor_CNN_Project/dataset/Epic and CSCR hospital Dataset/Train/glioma/G_857_RO_.jpg,glioma,1
/content/drive/MyDrive/Brain_Tumor_CNN_Project/dataset/Epic and CSCR hospital Dataset/Train/glioma/Tr-gl_1182.jpg,glioma,1
/content/drive/MyDrive/Brain_Tumor_CNN_Project/dataset/Epic and CSCR hospital Dataset/Train/meningioma/m2 (15).jpg,meningioma,1
/content/drive/MyDrive/Brain_Tumor_CNN_Project/dataset/Epic and CSCR hospital Dataset/Train/meningioma/M_822_HF_.jpg,meningioma,1
/content/drive/MyDrive/Brain_Tumor_CNN_Project/dataset/Epic and CSCR hospital Dataset/Train/meningioma/1354.jpg,meningioma,1
/content/drive/MyDrive/Brain_Tumor_CNN_Project/dataset/Epic and CSCR hospital Dataset/Train/notumor/N_48_HF_.jpg,notumor,0
/content/drive/MyDrive/Brain_Tumor_CNN_Project/dataset/Epic and CSCR hospital Dataset/Train/glioma/image(4).jpg,glioma,1
/content/drive/MyDrive/Brain_Tumor_CNN_Project/dataset/Epic and CSCR hospital Dataset/Train/notumor/Tr-no_0374.jpg,notumor,0
/content/drive/MyDrive/Brain_Tumor_CNN_Project/dataset/Epic and CSCR hospital Dataset/Train/pituitary/p (592).jpg,pituitary,1
/content/drive/MyDrive/Brain_Tumor_CNN_Project/dataset/Epic and CSCR hospital Dataset/Train/meningioma/Te-me_0165.jpg,meningioma,1
/content/drive/MyDrive/Brain_Tumor_CNN_Project/dataset/Epic and CSCR hospital Dataset/Train/notumor/22 no.jpg,notumor,0
/content/drive/MyDrive/Brain_Tumor_CNN_Project/dataset/Epic and CSCR hospital Dataset/Train/glioma/Tr-gl_0467.jpg,glioma,1
/content/drive/MyDrive/Brain_Tumor_CNN_Project/dataset/Epic and CSCR hospital Dataset/Train/meningioma/Tr-me_0177.jpg,meningioma,1
/content/drive/MyDrive/Brain_Tumor_CNN_Project/dataset/Epic and CSCR hospital Dataset/Train/notumor/N_374_HF_.jpg,notumor,0
/content/drive/MyDrive/Brain_Tumor_CNN_Project/dataset/Epic and CSCR hospital Dataset/Train/glioma/Tr-gl_0247.jpg,glioma,1
/content/drive/MyDrive/Brain_Tumor_CNN_Project/dataset/Epic and CSCR hospital Dataset/Train/glioma/Tr-gl_0201.jpg,glioma,1
/content/drive/MyDrive/Brain_Tumor_CNN_Project/dataset/Epic and CSCR hospital Dataset/Train/glioma/Te-gl_0224.jpg,glioma,1
/content/drive/MyDrive/Brain_Tumor_CNN_Project/dataset/Epic and CSCR hospital Dataset/Train/glioma/Tr-gl_0389.jpg,glioma,1
/content/drive/MyDrive/Brain_Tumor_CNN_Project/dataset/Epic and CSCR hospital Dataset/Train/notumor/Tr-no_0077.jpg,notumor,0
/content/drive/MyDrive/Brain_Tumor_CNN_Project/dataset/Epic and CSCR hospital Dataset/Train/notumor/Tr-no_0210.jpg,notumor,0
/content/drive/MyDrive/Brain_Tumor_CNN_Project/dataset/Epic and CSCR hospital Dataset/Train/glioma/Tr-gl_0525.jpg,glioma,1
/content/drive/MyDrive/Brain_Tumor_CNN_Project/dataset/Epic and CSCR hospital Dataset/Train/meningioma/M_872_SP_.jpg,meningioma,1
/content/drive/MyDrive/Brain_Tumor_CNN_Project/dataset/Epic and CSCR hospital Dataset/Train/meningioma/Tr-me_0135.jpg,meningioma,1
/content/drive/MyDrive/Brain_Tumor_CNN_Project/dataset/Epic and CSCR hospital Dataset/Train/meningioma/Tr-me_1086.jpg,meningioma,1
/content/drive/MyDrive/Brain_Tumor_CNN_Project/dataset/Epic and CSCR hospital Dataset/Train/glioma/gg (514).jpg,glioma,1
/content/drive/MyDrive/Brain_Tumor_CNN_Project/dataset/Epic and CSCR hospital Dataset/Train/notumor/1871.jpg,notumor,0
/content/drive/MyDrive/Brain_Tumor_CNN_Project/dataset/Epic and CSCR hospital Dataset/Train/notumor/image(142) - Copy.jpg,notumor,0
/content/drive/MyDrive/Brain_Tumor_CNN_Project/dataset/Epic and CSCR hospital Dataset/Train/pituitary/Tr-pi_1207.jpg,pituitary,1
/content/drive/MyDrive/Brain_Tumor_CNN_Project/dataset/Epic and CSCR hospital Dataset/Train/pituitary/Tr-pi_0450.jpg,pituitary,1
/content/drive/MyDrive/Brain_Tumor_CNN_Project/dataset/Epic and CSCR hospital Dataset/Train/glioma/G_722.jpg,glioma,1
/content/drive/MyDrive/Brain_Tumor_CNN_Project/dataset/Epic and CSCR hospital Dataset/Train/meningioma/m1(70).jpg,meningioma,1
/content/drive/MyDrive/Brain_Tumor_CNN_Project/dataset/Epic and CSCR hospital Dataset/Train/notumor/Tr-no_0087.jpg,notumor,0
/content/drive/MyDrive/Brain_Tumor_CNN_Project/dataset/Epic and CSCR hospital Dataset/Train/glioma/Tr-gl_0079.jpg,glioma,1
/content/drive/MyDrive/Brain_Tumor_CNN_Project/dataset/Epic and CSCR hospital Dataset/Train/meningioma/Tr-me_0239.jpg,meningioma,1
/content/drive/MyDrive/Brain_Tumor_CNN_Project/dataset/Epic and CSCR hospital Dataset/Train/notumor/N_433_SP_.jpg,notumor,0
/content/drive/MyDrive/Brain_Tumor_CNN_Project/dataset/Epic and CSCR hospital Dataset/Train/meningioma/m2 (128).jpg,meningioma,1
/content/drive/MyDrive/Brain_Tumor_CNN_Project/dataset/Epic and CSCR hospital Dataset/Train/notumor/Tr-no_0496.jpg,notumor,0
/content/drive/MyDrive/Brain_Tumor_CNN_Project/dataset/Epic and CSCR hospital Dataset/Train/notumor/N_410_VF_.jpg,notumor,0
/content/drive/MyDrive/Brain_Tumor_CNN_Project/dataset/Epic and CSCR hospital Dataset/Train/meningioma/m2 (60).jpg,meningioma,1
/content/drive/MyDrive/Brain_Tumor_CNN_Project/dataset/Epic and CSCR hospital Dataset/Train/pituitary/P_822_BR_.jpg,pituitary,1
/content/drive/MyDrive/Brain_Tumor_CNN_Project/dataset/Epic and CSCR hospital Dataset/Train/pituitary/p (564).jpg,pituitary,1
/content/drive/MyDrive/Brain_Tumor_CNN_Project/dataset/Epic and CSCR hospital Dataset/Train/glioma/G_796_BR_.jpg,glioma,1
/content/drive/MyDrive/Brain_Tumor_CNN_Project/dataset/Epic and CSCR hospital Dataset/Train/notumor/Tr-no_0437.jpg,notumor,0
/content/drive/MyDrive/Brain_Tumor_CNN_Project/dataset/Epic and CSCR hospital Dataset/Train/meningioma/Tr-me_0541.jpg,meningioma,1
/content/drive/MyDrive/Brain_Tumor_CNN_Project/dataset/Epic and CSCR hospital Dataset/Train/pituitary/P_728.jpg,pituitary,1
/content/drive/MyDrive/Brain_Tumor_CNN_Project/dataset/Epic and CSCR hospital Dataset/Train/glioma/G_849_RO_.jpg,glioma,1
/content/drive/MyDrive/Brain_Tumor_CNN_Project/dataset/Epic and CSCR hospital Dataset/Train/pituitary/P_777_SP_.jpg,pituitary,1
/content/drive/MyDrive/Brain_Tumor_CNN_Project/dataset/Epic and CSCR hospital Dataset/Train/glioma/Tr-gl_0944.jpg,glioma,1
/content/drive/MyDrive/Brain_Tumor_CNN_Project/dataset/Epic and CSCR hospital Dataset/Train/notumor/N_380_BR_.jpg,notumor,0
/content/drive/MyDrive/Brain_Tumor_CNN_Project/dataset/Epic and CSCR hospital Dataset/Train/meningioma/1439.jpg,meningioma,1
/content/drive/MyDrive/Brain_Tumor_CNN_Project/dataset/Epic and CSCR hospital Dataset/Train/meningioma/m3 (119).jpg,meningioma,1
/content/drive/MyDrive/Brain_Tumor_CNN_Project/dataset/Epic and CSCR hospital Dataset/Train/meningioma/Te-me_0153.jpg,meningioma,1
/content/drive/MyDrive/Brain_Tumor_CNN_Project/dataset/Epic and CSCR hospital Dataset/Train/notumor/Tr-no_0194.jpg,notumor,0
/content/drive/MyDrive/Brain_Tumor_CNN_Project/dataset/Epic and CSCR hospital Dataset/Train/pituitary/Tr-pi_1100.jpg,pituitary,1
/content/drive/MyDrive/Brain_Tumor_CNN_Project/dataset/Epic and CSCR hospital Dataset/Train/meningioma/M_874.jpg,meningioma,1
/content/drive/MyDrive/Brain_Tumor_CNN_Project/dataset/Epic and CSCR hospital Dataset/Train/glioma/G_746.jpg,glioma,1
/content/drive/MyDrive/Brain_Tumor_CNN_Project/dataset/Epic and CSCR hospital Dataset/Train/notumor/Tr-no_0545.jpg,notumor,0
/content/drive/MyDrive/Brain_Tumor_CNN_Project/dataset/Epic and CSCR hospital Dataset/Train/pituitary/P_725_RO_.jpg,pituitary,1
/content/drive/MyDrive/Brain_Tumor_CNN_Project/dataset/Epic and CSCR hospital Dataset/Train/glioma/Tr-gl_0889.jpg,glioma,1
/content/drive/MyDrive/Brain_Tumor_CNN_Project/dataset/Epic and CSCR hospital Dataset/Train/glioma/G_841_RO_.jpg,glioma,1
/content/drive/MyDrive/Brain_Tumor_CNN_Project/dataset/Epic and CSCR hospital Dataset/Train/pituitary/Te-pi_0184.jpg,pituitary,1
/content/drive/MyDrive/Brain_Tumor_CNN_Project/dataset/Epic and CSCR hospital Dataset/Train/glioma/G_749_HF_.jpg,glioma,1
/content/drive/MyDrive/Brain_Tumor_CNN_Project/dataset/Epic and CSCR hospital Dataset/Train/pituitary/Tr-pi_0379.jpg,pituitary,1
/content/drive/MyDrive/Brain_Tumor_CNN_Project/dataset/Epic and CSCR hospital Dataset/Train/meningioma/m3 (109).jpg,meningioma,1
/content/drive/MyDrive/Brain_Tumor_CNN_Project/dataset/Epic and CSCR hospital Dataset/Train/pituitary/Tr-pi_0660.jpg,pituitary,1
/content/drive/MyDrive/Brain_Tumor_CNN_Project/dataset/Epic and CSCR hospital Dataset/Train/pituitary/p (608).jpg,pituitary,1
/content/drive/MyDrive/Brain_Tumor_CNN_Project/dataset/Epic and CSCR hospital Dataset/Train/glioma/G_821_DA_.jpg,glioma,1
/content/drive/MyDrive/Brain_Tumor_CNN_Project/dataset/Epic and CSCR hospital Dataset/Train/meningioma/M_830_DA_.jpg,meningioma,1
/content/drive/MyDrive/Brain_Tumor_CNN_Project/dataset/Epic and CSCR hospital Dataset/Train/meningioma/M_832.jpg,meningioma,1
/content/drive/MyDrive/Brain_Tumor_CNN_Project/dataset/Epic and CSCR hospital Dataset/Train/pituitary/Te-pi_0024.jpg,pituitary,1
/content/drive/MyDrive/Brain_Tumor_CNN_Project/dataset/Epic and CSCR hospital Dataset/Train/glioma/G_715_BR_.jpg,glioma,1
/content/drive/MyDrive/Brain_Tumor_CNN_Project/dataset/Epic and CSCR hospital Dataset/Train/pituitary/P_773_SP_.jpg,pituitary,1
/content/drive/MyDrive/Brain_Tumor_CNN_Project/dataset/Epic and CSCR hospital Dataset/Train/meningioma/m3 (15).jpg,meningioma,1
/content/drive/MyDrive/Brain_Tumor_CNN_Project/dataset/Epic and CSCR hospital Dataset/Train/glioma/Te-gl_0249.jpg,glioma,1
/content/drive/MyDrive/Brain_Tumor_CNN_Project/dataset/Epic and CSCR hospital Dataset/Train/pituitary/P_802_DA_.jpg,pituitary,1
/content/drive/MyDrive/Brain_Tumor_CNN_Project/dataset/Epic and CSCR hospital Dataset/Train/meningioma/Tr-me_0952.jpg,meningioma,1
/content/drive/MyDrive/Brain_Tumor_CNN_Project/dataset/Epic and CSCR hospital Dataset/Train/pituitary/Tr-pi_1361.jpg,pituitary,1
/content/drive/MyDrive/Brain_Tumor_CNN_Project/dataset/Epic and CSCR hospital Dataset/Train/glioma/gg (373).jpg,glioma,1
/content/drive/MyDrive/Brain_Tumor_CNN_Project/dataset/Epic and CSCR hospital Dataset/Train/notumor/N_404_RO_.jpg,notumor,0
/content/drive/MyDrive/Brain_Tumor_CNN_Project/dataset/Epic and CSCR hospital Dataset/Train/glioma/Tr-gl_0506.jpg,glioma,1
/content/drive/MyDrive/Brain_Tumor_CNN_Project/dataset/Epic and CSCR hospital Dataset/Train/meningioma/M_874_DA_.jpg,meningioma,1
/content/drive/MyDrive/Brain_Tumor_CNN_Project/dataset/Epic and CSCR hospital Dataset/Train/glioma/G_822.jpg,glioma,1
/content/drive/MyDrive/Brain_Tumor_CNN_Project/dataset/Epic and CSCR hospital Dataset/Train/glioma/Tr-gl_0299.jpg,glioma,1
/content/drive/MyDrive/Brain_Tumor_CNN_Project/dataset/Epic and CSCR hospital Dataset/Train/pituitary/Tr-pi_0285.jpg,pituitary,1
/content/drive/MyDrive/Brain_Tumor_CNN_Project/dataset/Epic and CSCR hospital Dataset/Train/notumor/N_386_SP_.jpg,notumor,0
/content/drive/MyDrive/Brain_Tumor_CNN_Project/dataset/Epic and CSCR hospital Dataset/Train/pituitary/Tr-pi_0461.jpg,pituitary,1
/content/drive/MyDrive/Brain_Tumor_CNN_Project/dataset/Epic and CSCR hospital Dataset/Train/pituitary/Te-pi_0038.jpg,pituitary,1
/content/drive/MyDrive/Brain_Tumor_CNN_Project/dataset/Epic and CSCR hospital Dataset/Train/meningioma/M_872_RO_.jpg,meningioma,1
/content/drive/MyDrive/Brain_Tumor_CNN_Project/dataset/Epic and CSCR hospital Dataset/Train/notumor/Te-no_0194.jpg,notumor,0
/content/drive/MyDrive/Brain_Tumor_CNN_Project/dataset/Epic and CSCR hospital Dataset/Train/glioma/gg (485).jpg,glioma,1
/content/drive/MyDrive/Brain_Tumor_CNN_Project/dataset/Epic and CSCR hospital Dataset/Train/notumor/Tr-no_0281.jpg,notumor,0
/content/drive/MyDrive/Brain_Tumor_CNN_Project/dataset/Epic and CSCR hospital Dataset/Train/meningioma/Tr-me_1111.jpg,meningioma,1
/content/drive/MyDrive/Brain_Tumor_CNN_Project/dataset/Epic and CSCR hospital Dataset/Train/notumor/N_391_BR_.jpg,notumor,0
/content/drive/MyDrive/Brain_Tumor_CNN_Project/dataset/Epic and CSCR hospital Dataset/Train/glioma/Tr-gl_1002.jpg,glioma,1
/content/drive/MyDrive/Brain_Tumor_CNN_Project/dataset/Epic and CSCR hospital Dataset/Train/glioma/Tr-gl_0609.jpg,glioma,1
/content/drive/MyDrive/Brain_Tumor_CNN_Project/dataset/Epic and CSCR hospital Dataset/Train/notumor/N_383_VF_.jpg,notumor,0
/content/drive/MyDrive/Brain_Tumor_CNN_Project/dataset/Epic and CSCR hospital Dataset/Train/notumor/1742.jpg,notumor,0
/content/drive/MyDrive/Brain_Tumor_CNN_Project/dataset/Epic and CSCR hospital Dataset/Train/meningioma/m2 (50).jpg,meningioma,1
/content/drive/MyDrive/Brain_Tumor_CNN_Project/dataset/Epic and CSCR hospital Dataset/Train/meningioma/Te-me_0221.jpg,meningioma,1
/content/drive/MyDrive/Brain_Tumor_CNN_Project/dataset/Epic and CSCR hospital Dataset/Train/notumor/no 100.jpg,notumor,0
/content/drive/MyDrive/Brain_Tumor_CNN_Project/dataset/Epic and CSCR hospital Dataset/Train/notumor/N_391_DA_.jpg,notumor,0
/content/drive/MyDrive/Brain_Tumor_CNN_Project/dataset/Epic and CSCR hospital Dataset/Train/glioma/G_812_RO_.jpg,glioma,1
/content/drive/MyDrive/Brain_Tumor_CNN_Project/dataset/Epic and CSCR hospital Dataset/Train/meningioma/1411.jpg,meningioma,1
/content/drive/MyDrive/Brain_Tumor_CNN_Project/dataset/Epic and CSCR hospital Dataset/Train/pituitary/Te-pi_0034.jpg,pituitary,1
/content/drive/MyDrive/Brain_Tumor_CNN_Project/dataset/Epic and CSCR hospital Dataset/Train/glioma/G_806_VF_.jpg,glioma,1
/content/drive/MyDrive/Brain_Tumor_CNN_Project/dataset/Epic and CSCR hospital Dataset/Train/pituitary/P_748_HF_.jpg,pituitary,1
/content/drive/MyDrive/Brain_Tumor_CNN_Project/dataset/Epic and CSCR hospital Dataset/Train/pituitary/P_783.jpg,pituitary,1
/content/drive/MyDrive/Brain_Tumor_CNN_Project/dataset/Epic and CSCR hospital Dataset/Train/notumor/1686.jpg,notumor,0
/content/drive/MyDrive/Brain_Tumor_CNN_Project/dataset/Epic and CSCR hospital Dataset/Train/glioma/G_784_SP_.jpg,glioma,1
/content/drive/MyDrive/Brain_Tumor_CNN_Project/dataset/Epic and CSCR hospital Dataset/Train/pituitary/P_730_VF_.jpg,pituitary,1
/content/drive/MyDrive/Brain_Tumor_CNN_Project/dataset/Epic and CSCR hospital Dataset/Train/meningioma/M_864_HF_.jpg,meningioma,1
/content/drive/MyDrive/Brain_Tumor_CNN_Project/dataset/Epic and CSCR hospital Dataset/Train/glioma/G_871_DA_.jpg,glioma,1
/content/drive/MyDrive/Brain_Tumor_CNN_Project/dataset/Epic and CSCR hospital Dataset/Train/notumor/Te-no_0245.jpg,notumor,0
/content/drive/MyDrive/Brain_Tumor_CNN_Project/dataset/Epic and CSCR hospital Dataset/Train/glioma/G_786_VF_.jpg,glioma,1
/content/drive/MyDrive/Brain_Tumor_CNN_Project/dataset/Epic and CSCR hospital Dataset/Train/glioma/Tr-gl_0507.jpg,glioma,1
/content/drive/MyDrive/Brain_Tumor_CNN_Project/dataset/Epic and CSCR hospital Dataset/Train/glioma/G_758_HF_.jpg,glioma,1
/content/drive/MyDrive/Brain_Tumor_CNN_Project/dataset/Epic and CSCR hospital Dataset/Train/notumor/image(16).jpg,notumor,0
/content/drive/MyDrive/Brain_Tumor_CNN_Project/dataset/Epic and CSCR hospital Dataset/Train/glioma/Tr-gl_1014.jpg,glioma,1
/content/drive/MyDrive/Brain_Tumor_CNN_Project/dataset/Epic and CSCR hospital Dataset/Train/glioma/G_707_RO_.jpg,glioma,1
/content/drive/MyDrive/Brain_Tumor_CNN_Project/dataset/Epic and CSCR hospital Dataset/Train/notumor/N_396_DA_.jpg,notumor,0
/content/drive/MyDrive/Brain_Tumor_CNN_Project/dataset/Epic and CSCR hospital Dataset/Train/meningioma/Tr-me_0097.jpg,meningioma,1
/content/drive/MyDrive/Brain_Tumor_CNN_Project/dataset/Epic and CSCR hospital Dataset/Train/pituitary/Tr-pi_0610.jpg,pituitary,1
/content/drive/MyDrive/Brain_Tumor_CNN_Project/dataset/Epic and CSCR hospital Dataset/Train/glioma/G_841_SP_.jpg,glioma,1
/content/drive/MyDrive/Brain_Tumor_CNN_Project/dataset/Epic and CSCR hospital Dataset/Train/glioma/gg (563).jpg,glioma,1
/content/drive/MyDrive/Brain_Tumor_CNN_Project/dataset/Epic and CSCR hospital Dataset/Train/notumor/1800.jpg,notumor,0
/content/drive/MyDrive/Brain_Tumor_CNN_Project/dataset/Epic and CSCR hospital Dataset/Train/glioma/G_846_BR_.jpg,glioma,1
/content/drive/MyDrive/Brain_Tumor_CNN_Project/dataset/Epic and CSCR hospital Dataset/Train/glioma/Tr-gl_0272.jpg,glioma,1
/content/drive/MyDrive/Brain_Tumor_CNN_Project/dataset/Epic and CSCR hospital Dataset/Train/pituitary/P_784_VF_.jpg,pituitary,1
/content/drive/MyDrive/Brain_Tumor_CNN_Project/dataset/Epic and CSCR hospital Dataset/Train/notumor/Te-no_0290.jpg,notumor,0
/content/drive/MyDrive/Brain_Tumor_CNN_Project/dataset/Epic and CSCR hospital Dataset/Train/pituitary/P_841_RO_.jpg,pituitary,1
/content/drive/MyDrive/Brain_Tumor_CNN_Project/dataset/Epic and CSCR hospital Dataset/Train/notumor/1765.jpg,notumor,0
/content/drive/MyDrive/Brain_Tumor_CNN_Project/dataset/Epic and CSCR hospital Dataset/Train/glioma/gg (478).jpg,glioma,1
/content/drive/MyDrive/Brain_Tumor_CNN_Project/dataset/Epic and CSCR hospital Dataset/Train/pituitary/P_788_HF_.jpg,pituitary,1
/content/drive/MyDrive/Brain_Tumor_CNN_Project/dataset/Epic and CSCR hospital Dataset/Train/meningioma/M_866_SP_.jpg,meningioma,1
/content/drive/MyDrive/Brain_Tumor_CNN_Project/dataset/Epic and CSCR hospital Dataset/Train/pituitary/P_737_HF_.jpg,pituitary,1
/content/drive/MyDrive/Brain_Tumor_CNN_Project/dataset/Epic and CSCR hospital Dataset/Train/meningioma/1408.jpg,meningioma,1
/content/drive/MyDrive/Brain_Tumor_CNN_Project/dataset/Epic and CSCR hospital Dataset/Train/glioma/Te-gl_0258.jpg,glioma,1
/content/drive/MyDrive/Brain_Tumor_CNN_Project/dataset/Epic and CSCR hospital Dataset/Train/meningioma/Tr-me_1027.jpg,meningioma,1
/content/drive/MyDrive/Brain_Tumor_CNN_Project/dataset/Epic and CSCR hospital Dataset/Train/glioma/G_724_BR_.jpg,glioma,1
/content/drive/MyDrive/Brain_Tumor_CNN_Project/dataset/Epic and CSCR hospital Dataset/Train/glioma/gg (637).jpg,glioma,1
/content/drive/MyDrive/Brain_Tumor_CNN_Project/dataset/Epic and CSCR hospital Dataset/Train/pituitary/P_795_DA_.jpg,pituitary,1
/content/drive/MyDrive/Brain_Tumor_CNN_Project/dataset/Epic and CSCR hospital Dataset/Train/pituitary/Tr-pi_0641.jpg,pituitary,1
/content/drive/MyDrive/Brain_Tumor_CNN_Project/dataset/Epic and CSCR hospital Dataset/Train/glioma/image(83).jpg,glioma,1
/content/drive/MyDrive/Brain_Tumor_CNN_Project/dataset/Epic and CSCR hospital Dataset/Train/meningioma/1399.jpg,meningioma,1
/content/drive/MyDrive/Brain_Tumor_CNN_Project/dataset/Epic and CSCR hospital Dataset/Train/pituitary/P_771.jpg,pituitary,1
/content/drive/MyDrive/Brain_Tumor_CNN_Project/dataset/Epic and CSCR hospital Dataset/Train/pituitary/Tr-pi_0705.jpg,pituitary,1
/content/drive/MyDrive/Brain_Tumor_CNN_Project/dataset/Epic and CSCR hospital Dataset/Train/pituitary/p (601).jpg,pituitary,1
/content/drive/MyDrive/Brain_Tumor_CNN_Project/dataset/Epic and CSCR hospital Dataset/Train/glioma/G_765_RO_.jpg,glioma,1
/content/drive/MyDrive/Brain_Tumor_CNN_Project/dataset/Epic and CSCR hospital Dataset/Train/notumor/Tr-no_0478.jpg,notumor,0
/content/drive/MyDrive/Brain_Tumor_CNN_Project/dataset/Epic and CSCR hospital Dataset/Train/pituitary/Tr-pi_0676.jpg,pituitary,1
/content/drive/MyDrive/Brain_Tumor_CNN_Project/dataset/Epic and CSCR hospital Dataset/Train/meningioma/m1(9).jpg,meningioma,1
/content/drive/MyDrive/Brain_Tumor_CNN_Project/dataset/Epic and CSCR hospital Dataset/Train/glioma/G_818.jpg,glioma,1
/content/drive/MyDrive/Brain_Tumor_CNN_Project/dataset/Epic and CSCR hospital Dataset/Train/pituitary/Tr-pi_0353.jpg,pituitary,1
/content/drive/MyDrive/Brain_Tumor_CNN_Project/dataset/Epic and CSCR hospital Dataset/Train/glioma/gg (34).jpg,glioma,1
/content/drive/MyDrive/Brain_Tumor_CNN_Project/dataset/Epic and CSCR hospital Dataset/Train/notumor/Tr-no_0091.jpg,notumor,0
/content/drive/MyDrive/Brain_Tumor_CNN_Project/dataset/Epic and CSCR hospital Dataset/Train/pituitary/Tr-pi_0267.jpg,pituitary,1
/content/drive/MyDrive/Brain_Tumor_CNN_Project/dataset/Epic and CSCR hospital Dataset/Train/notumor/Tr-no_0440.jpg,notumor,0
/content/drive/MyDrive/Brain_Tumor_CNN_Project/dataset/Epic and CSCR hospital Dataset/Train/glioma/G_751_RO_.jpg,glioma,1
/content/drive/MyDrive/Brain_Tumor_CNN_Project/dataset/Epic and CSCR hospital Dataset/Train/meningioma/Tr-me_0563.jpg,meningioma,1
/content/drive/MyDrive/Brain_Tumor_CNN_Project/dataset/Epic and CSCR hospital Dataset/Train/notumor/1732.jpg,notumor,0
/content/drive/MyDrive/Brain_Tumor_CNN_Project/dataset/Epic and CSCR hospital Dataset/Train/notumor/N_388_RO_.jpg,notumor,0
/content/drive/MyDrive/Brain_Tumor_CNN_Project/dataset/Epic and CSCR hospital Dataset/Train/glioma/Te-gl_0124.jpg,glioma,1
/content/drive/MyDrive/Brain_Tumor_CNN_Project/dataset/Epic and CSCR hospital Dataset/Train/notumor/Tr-no_0576.jpg,notumor,0
/content/drive/MyDrive/Brain_Tumor_CNN_Project/dataset/Epic and CSCR hospital Dataset/Train/glioma/Tr-gl_0517.jpg,glioma,1
/content/drive/MyDrive/Brain_Tumor_CNN_Project/dataset/Epic and CSCR hospital Dataset/Train/pituitary/Tr-pi_1241.jpg,pituitary,1
/content/drive/MyDrive/Brain_Tumor_CNN_Project/dataset/Epic and CSCR hospital Dataset/Train/pituitary/Tr-pi_0170.jpg,pituitary,1
/content/drive/MyDrive/Brain_Tumor_CNN_Project/dataset/Epic and CSCR hospital Dataset/Train/meningioma/Tr-me_0271.jpg,meningioma,1
/content/drive/MyDrive/Brain_Tumor_CNN_Project/dataset/Epic and CSCR hospital Dataset/Train/pituitary/Tr-pi_0483.jpg,pituitary,1
/content/drive/MyDrive/Brain_Tumor_CNN_Project/dataset/Epic and CSCR hospital Dataset/Train/meningioma/Tr-me_0574.jpg,meningioma,1
/content/drive/MyDrive/Brain_Tumor_CNN_Project/dataset/Epic and CSCR hospital Dataset/Train/pituitary/Tr-pi_1079.jpg,pituitary,1
/content/drive/MyDrive/Brain_Tumor_CNN_Project/dataset/Epic and CSCR hospital Dataset/Train/pituitary/p (532).jpg,pituitary,1
/content/drive/MyDrive/Brain_Tumor_CNN_Project/dataset/Epic and CSCR hospital Dataset/Train/glioma/G_889.jpg,glioma,1
/content/drive/MyDrive/Brain_Tumor_CNN_Project/dataset/Epic and CSCR hospital Dataset/Train/meningioma/Tr-me_1019.jpg,meningioma,1
/content/drive/MyDrive/Brain_Tumor_CNN_Project/dataset/Epic and CSCR hospital Dataset/Train/glioma/Tr-gl_0931.jpg,glioma,1
/content/drive/MyDrive/Brain_Tumor_CNN_Project/dataset/Epic and CSCR hospital Dataset/Train/notumor/Tr-no_0512.jpg,notumor,0
/content/drive/MyDrive/Brain_Tumor_CNN_Project/dataset/Epic and CSCR hospital Dataset/Train/pituitary/Tr-pi_0093.jpg,pituitary,1
/content/drive/MyDrive/Brain_Tumor_CNN_Project/dataset/Epic and CSCR hospital Dataset/Train/glioma/Tr-gl_0211.jpg,glioma,1
/content/drive/MyDrive/Brain_Tumor_CNN_Project/dataset/Epic and CSCR hospital Dataset/Train/glioma/gg (556).jpg,glioma,1
/content/drive/MyDrive/Brain_Tumor_CNN_Project/dataset/Epic and CSCR hospital Dataset/Train/notumor/Tr-no_0414.jpg,notumor,0
/content/drive/MyDrive/Brain_Tumor_CNN_Project/dataset/Epic and CSCR hospital Dataset/Train/pituitary/P_766_VF_.jpg,pituitary,1
/content/drive/MyDrive/Brain_Tumor_CNN_Project/dataset/Epic and CSCR hospital Dataset/Train/glioma/G_846_HF_.jpg,glioma,1
/content/drive/MyDrive/Brain_Tumor_CNN_Project/dataset/Epic and CSCR hospital Dataset/Train/notumor/N_415_BR_.jpg,notumor,0
/content/drive/MyDrive/Brain_Tumor_CNN_Project/dataset/Epic and CSCR hospital Dataset/Train/glioma/Tr-gl_0493.jpg,glioma,1
/content/drive/MyDrive/Brain_Tumor_CNN_Project/dataset/Epic and CSCR hospital Dataset/Train/meningioma/Tr-me_0593.jpg,meningioma,1
/content/drive/MyDrive/Brain_Tumor_CNN_Project/dataset/Epic and CSCR hospital Dataset/Train/notumor/N_428_VF_.jpg,notumor,0
/content/drive/MyDrive/Brain_Tumor_CNN_Project/dataset/Epic and CSCR hospital Dataset/Train/notumor/Tr-no_0519.jpg,notumor,0
/content/drive/MyDrive/Brain_Tumor_CNN_Project/dataset/Epic and CSCR hospital Dataset/Train/pituitary/Tr-pi_1226.jpg,pituitary,1
/content/drive/MyDrive/Brain_Tumor_CNN_Project/dataset/Epic and CSCR hospital Dataset/Train/pituitary/P_706_BR_.jpg,pituitary,1
/content/drive/MyDrive/Brain_Tumor_CNN_Project/dataset/Epic and CSCR hospital Dataset/Train/pituitary/P_727_HF_.jpg,pituitary,1
/content/drive/MyDrive/Brain_Tumor_CNN_Project/dataset/Epic and CSCR hospital Dataset/Train/glioma/G_761_SP_.jpg,glioma,1
/content/drive/MyDrive/Brain_Tumor_CNN_Project/dataset/Epic and CSCR hospital Dataset/Train/pituitary/P_706_DA_.jpg,pituitary,1
/content/drive/MyDrive/Brain_Tumor_CNN_Project/dataset/Epic and CSCR hospital Dataset/Train/pituitary/Tr-pi_1121.jpg,pituitary,1
/content/drive/MyDrive/Brain_Tumor_CNN_Project/dataset/Epic and CSCR hospital Dataset/Train/glioma/G_751_BR_.jpg,glioma,1
/content/drive/MyDrive/Brain_Tumor_CNN_Project/dataset/Epic and CSCR hospital Dataset/Train/meningioma/M_844_VF_.jpg,meningioma,1
/content/drive/MyDrive/Brain_Tumor_CNN_Project/dataset/Epic and CSCR hospital Dataset/Train/glioma/G_789_RO_.jpg,glioma,1
/content/drive/MyDrive/Brain_Tumor_CNN_Project/dataset/Epic and CSCR hospital Dataset/Train/glioma/gg (47).jpg,glioma,1
/content/drive/MyDrive/Brain_Tumor_CNN_Project/dataset/Epic and CSCR hospital Dataset/Train/pituitary/P_764_SP_.jpg,pituitary,1
/content/drive/MyDrive/Brain_Tumor_CNN_Project/dataset/Epic and CSCR hospital Dataset/Train/glioma/gg (330).jpg,glioma,1
/content/drive/MyDrive/Brain_Tumor_CNN_Project/dataset/Epic and CSCR hospital Dataset/Train/glioma/Tr-gl_0306.jpg,glioma,1
/content/drive/MyDrive/Brain_Tumor_CNN_Project/dataset/Epic and CSCR hospital Dataset/Train/glioma/Tr-gl_0879.jpg,glioma,1
/content/drive/MyDrive/Brain_Tumor_CNN_Project/dataset/Epic and CSCR hospital Dataset/Train/pituitary/p (525).jpg,pituitary,1
/content/drive/MyDrive/Brain_Tumor_CNN_Project/dataset/Epic and CSCR hospital Dataset/Train/glioma/G_755_RO_.jpg,glioma,1
/content/drive/MyDrive/Brain_Tumor_CNN_Project/dataset/Epic and CSCR hospital Dataset/Train/notumor/N_387.jpg,notumor,0
/content/drive/MyDrive/Brain_Tumor_CNN_Project/dataset/Epic and CSCR hospital Dataset/Train/notumor/17 no.jpg,notumor,0
/content/drive/MyDrive/Brain_Tumor_CNN_Project/dataset/Epic and CSCR hospital Dataset/Train/notumor/N_403_HF_.jpg,notumor,0
/content/drive/MyDrive/Brain_Tumor_CNN_Project/dataset/Epic and CSCR hospital Dataset/Train/pituitary/Tr-pi_0152.jpg,pituitary,1
/content/drive/MyDrive/Brain_Tumor_CNN_Project/dataset/Epic and CSCR hospital Dataset/Train/pituitary/p (494).jpg,pituitary,1
/content/drive/MyDrive/Brain_Tumor_CNN_Project/dataset/Epic and CSCR hospital Dataset/Train/pituitary/Tr-pi_0632.jpg,pituitary,1
/content/drive/MyDrive/Brain_Tumor_CNN_Project/dataset/Epic and CSCR hospital Dataset/Train/meningioma/Te-me_0170.jpg,meningioma,1
/content/drive/MyDrive/Brain_Tumor_CNN_Project/dataset/Epic and CSCR hospital Dataset/Train/notumor/Tr-no_0522.jpg,notumor,0
/content/drive/MyDrive/Brain_Tumor_CNN_Project/dataset/Epic and CSCR hospital Dataset/Train/meningioma/Te-me_0290.jpg,meningioma,1
/content/drive/MyDrive/Brain_Tumor_CNN_Project/dataset/Epic and CSCR hospital Dataset/Train/notumor/Tr-no_0129.jpg,notumor,0
/content/drive/MyDrive/Brain_Tumor_CNN_Project/dataset/Epic and CSCR hospital Dataset/Train/pituitary/Tr-pi_0468.jpg,pituitary,1
/content/drive/MyDrive/Brain_Tumor_CNN_Project/dataset/Epic and CSCR hospital Dataset/Train/notumor/N_438_DA_.jpg,notumor,0
/content/drive/MyDrive/Brain_Tumor_CNN_Project/dataset/Epic and CSCR hospital Dataset/Train/notumor/N_424_DA_.jpg,notumor,0
/content/drive/MyDrive/Brain_Tumor_CNN_Project/dataset/Epic and CSCR hospital Dataset/Train/notumor/Tr-no_0069.jpg,notumor,0
/content/drive/MyDrive/Brain_Tumor_CNN_Project/dataset/Epic and CSCR hospital Dataset/Train/meningioma/1387.jpg,meningioma,1
/content/drive/MyDrive/Brain_Tumor_CNN_Project/dataset/Epic and CSCR hospital Dataset/Train/glioma/Tr-gl_0208.jpg,glioma,1
/content/drive/MyDrive/Brain_Tumor_CNN_Project/dataset/Epic and CSCR hospital Dataset/Train/pituitary/P_707.jpg,pituitary,1
/content/drive/MyDrive/Brain_Tumor_CNN_Project/dataset/Epic and CSCR hospital Dataset/Train/notumor/N_432_DA_.jpg,notumor,0
/content/drive/MyDrive/Brain_Tumor_CNN_Project/dataset/Epic and CSCR hospital Dataset/Train/glioma/gg (611).jpg,glioma,1
/content/drive/MyDrive/Brain_Tumor_CNN_Project/dataset/Epic and CSCR hospital Dataset/Train/meningioma/Tr-me_0889.jpg,meningioma,1
/content/drive/MyDrive/Brain_Tumor_CNN_Project/dataset/Epic and CSCR hospital Dataset/Train/glioma/Te-gl_0182.jpg,glioma,1
/content/drive/MyDrive/Brain_Tumor_CNN_Project/dataset/Epic and CSCR hospital Dataset/Train/notumor/N_384_HF_.jpg,notumor,0
/content/drive/MyDrive/Brain_Tumor_CNN_Project/dataset/Epic and CSCR hospital Dataset/Train/glioma/Tr-gl_0396.jpg,glioma,1
/content/drive/MyDrive/Brain_Tumor_CNN_Project/dataset/Epic and CSCR hospital Dataset/Train/meningioma/M_869_DA_.jpg,meningioma,1
/content/drive/MyDrive/Brain_Tumor_CNN_Project/dataset/Epic and CSCR hospital Dataset/Train/notumor/Te-no_0159.jpg,notumor,0
/content/drive/MyDrive/Brain_Tumor_CNN_Project/dataset/Epic and CSCR hospital Dataset/Train/pituitary/Tr-pi_1068.jpg,pituitary,1
/content/drive/MyDrive/Brain_Tumor_CNN_Project/dataset/Epic and CSCR hospital Dataset/Train/glioma/gg (444).jpg,glioma,1
/content/drive/MyDrive/Brain_Tumor_CNN_Project/dataset/Epic and CSCR hospital Dataset/Train/meningioma/Te-me_0130.jpg,meningioma,1
/content/drive/MyDrive/Brain_Tumor_CNN_Project/dataset/Epic and CSCR hospital Dataset/Train/glioma/G_787_RO_.jpg,glioma,1
/content/drive/MyDrive/Brain_Tumor_CNN_Project/dataset/Epic and CSCR hospital Dataset/Train/glioma/gg (333).jpg,glioma,1
/content/drive/MyDrive/Brain_Tumor_CNN_Project/dataset/Epic and CSCR hospital Dataset/Train/meningioma/Tr-me_1022.jpg,meningioma,1
/content/drive/MyDrive/Brain_Tumor_CNN_Project/dataset/Epic and CSCR hospital Dataset/Train/notumor/Tr-no_0215.jpg,notumor,0
/content/drive/MyDrive/Brain_Tumor_CNN_Project/dataset/Epic and CSCR hospital Dataset/Train/meningioma/m3 (128).jpg,meningioma,1
/content/drive/MyDrive/Brain_Tumor_CNN_Project/dataset/Epic and CSCR hospital Dataset/Train/glioma/G_787_VF_.jpg,glioma,1
/content/drive/MyDrive/Brain_Tumor_CNN_Project/dataset/Epic and CSCR hospital Dataset/Train/notumor/N_425_VF_.jpg,notumor,0
/content/drive/MyDrive/Brain_Tumor_CNN_Project/dataset/Epic and CSCR hospital Dataset/Train/glioma/G_886_VF_.jpg,glioma,1
/content/drive/MyDrive/Brain_Tumor_CNN_Project/dataset/Epic and CSCR hospital Dataset/Train/pituitary/Tr-pi_0788.jpg,pituitary,1
/content/drive/MyDrive/Brain_Tumor_CNN_Project/dataset/Epic and CSCR hospital Dataset/Train/pituitary/Tr-pi_0255.jpg,pituitary,1
/content/drive/MyDrive/Brain_Tumor_CNN_Project/dataset/Epic and CSCR hospital Dataset/Train/glioma/Te-gl_0287.jpg,glioma,1
/content/drive/MyDrive/Brain_Tumor_CNN_Project/dataset/Epic and CSCR hospital Dataset/Train/glioma/Tr-gl_0821.jpg,glioma,1
/content/drive/MyDrive/Brain_Tumor_CNN_Project/dataset/Epic and CSCR hospital Dataset/Train/notumor/Tr-no_0272.jpg,notumor,0
/content/drive/MyDrive/Brain_Tumor_CNN_Project/dataset/Epic and CSCR hospital Dataset/Train/glioma/Tr-gl_0189.jpg,glioma,1
/content/drive/MyDrive/Brain_Tumor_CNN_Project/dataset/Epic and CSCR hospital Dataset/Train/glioma/Tr-gl_0139.jpg,glioma,1
/content/drive/MyDrive/Brain_Tumor_CNN_Project/dataset/Epic and CSCR hospital Dataset/Train/pituitary/Tr-pi_1301.jpg,pituitary,1
/content/drive/MyDrive/Brain_Tumor_CNN_Project/dataset/Epic and CSCR hospital Dataset/Train/notumor/Te-no_0212.jpg,notumor,0
/content/drive/MyDrive/Brain_Tumor_CNN_Project/dataset/Epic and CSCR hospital Dataset/Train/glioma/G_799.jpg,glioma,1
/content/drive/MyDrive/Brain_Tumor_CNN_Project/dataset/Epic and CSCR hospital Dataset/Train/glioma/gg (490).jpg,glioma,1
/content/drive/MyDrive/Brain_Tumor_CNN_Project/dataset/Epic and CSCR hospital Dataset/Train/glioma/gg (467).jpg,glioma,1
/content/drive/MyDrive/Brain_Tumor_CNN_Project/dataset/Epic and CSCR hospital Dataset/Train/notumor/N_417.jpg,notumor,0
/content/drive/MyDrive/Brain_Tumor_CNN_Project/dataset/Epic and CSCR hospital Dataset/Train/glioma/Tr-gl_1071.jpg,glioma,1
/content/drive/MyDrive/Brain_Tumor_CNN_Project/dataset/Epic and CSCR hospital Dataset/Train/meningioma/1325.jpg,meningioma,1
/content/drive/MyDrive/Brain_Tumor_CNN_Project/dataset/Epic and CSCR hospital Dataset/Train/pituitary/Tr-pi_0335.jpg,pituitary,1
/content/drive/MyDrive/Brain_Tumor_CNN_Project/dataset/Epic and CSCR hospital Dataset/Train/meningioma/1437.jpg,meningioma,1
/content/drive/MyDrive/Brain_Tumor_CNN_Project/dataset/Epic and CSCR hospital Dataset/Train/pituitary/Tr-pi_0604.jpg,pituitary,1
/content/drive/MyDrive/Brain_Tumor_CNN_Project/dataset/Epic and CSCR hospital Dataset/Train/glioma/gg (418).jpg,glioma,1
/content/drive/MyDrive/Brain_Tumor_CNN_Project/dataset/Epic and CSCR hospital Dataset/Train/glioma/G_785_DA_.jpg,glioma,1
/content/drive/MyDrive/Brain_Tumor_CNN_Project/dataset/Epic and CSCR hospital Dataset/Train/glioma/gg (339).jpg,glioma,1
/content/drive/MyDrive/Brain_Tumor_CNN_Project/dataset/Epic and CSCR hospital Dataset/Train/meningioma/M_834_SP_.jpg,meningioma,1
/content/drive/MyDrive/Brain_Tumor_CNN_Project/dataset/Epic and CSCR hospital Dataset/Train/pituitary/P_800_DA_.jpg,pituitary,1
/content/drive/MyDrive/Brain_Tumor_CNN_Project/dataset/Epic and CSCR hospital Dataset/Train/meningioma/Tr-me_0195.jpg,meningioma,1
/content/drive/MyDrive/Brain_Tumor_CNN_Project/dataset/Epic and CSCR hospital Dataset/Train/glioma/Te-gl_0240.jpg,glioma,1
/content/drive/MyDrive/Brain_Tumor_CNN_Project/dataset/Epic and CSCR hospital Dataset/Train/glioma/G_716_VF_.jpg,glioma,1
/content/drive/MyDrive/Brain_Tumor_CNN_Project/dataset/Epic and CSCR hospital Dataset/Train/glioma/Tr-gl_0194.jpg,glioma,1
/content/drive/MyDrive/Brain_Tumor_CNN_Project/dataset/Epic and CSCR hospital Dataset/Train/glioma/gg (375).jpg,glioma,1
/content/drive/MyDrive/Brain_Tumor_CNN_Project/dataset/Epic and CSCR hospital Dataset/Train/meningioma/Tr-me_0996.jpg,meningioma,1
/content/drive/MyDrive/Brain_Tumor_CNN_Project/dataset/Epic and CSCR hospital Dataset/Train/pituitary/Tr-pi_1190.jpg,pituitary,1
/content/drive/MyDrive/Brain_Tumor_CNN_Project/dataset/Epic and CSCR hospital Dataset/Train/notumor/Te-no_0270.jpg,notumor,0
/content/drive/MyDrive/Brain_Tumor_CNN_Project/dataset/Epic and CSCR hospital Dataset/Train/pituitary/Tr-pi_0178.jpg,pituitary,1
/content/drive/MyDrive/Brain_Tumor_CNN_Project/dataset/Epic and CSCR hospital Dataset/Train/meningioma/M_855_BR_.jpg,meningioma,1
/content/drive/MyDrive/Brain_Tumor_CNN_Project/dataset/Epic and CSCR hospital Dataset/Train/notumor/Te-no_0208.jpg,notumor,0
/content/drive/MyDrive/Brain_Tumor_CNN_Project/dataset/Epic and CSCR hospital Dataset/Train/glioma/Tr-gl_0967.jpg,glioma,1
/content/drive/MyDrive/Brain_Tumor_CNN_Project/dataset/Epic and CSCR hospital Dataset/Train/pituitary/P_836_HF_.jpg,pituitary,1
/content/drive/MyDrive/Brain_Tumor_CNN_Project/dataset/Epic and CSCR hospital Dataset/Train/glioma/Tr-gl_0849.jpg,glioma,1
/content/drive/MyDrive/Brain_Tumor_CNN_Project/dataset/Epic and CSCR hospital Dataset/Train/pituitary/P_710_HF_.jpg,pituitary,1
/content/drive/MyDrive/Brain_Tumor_CNN_Project/dataset/Epic and CSCR hospital Dataset/Train/notumor/1718.jpg,notumor,0
/content/drive/MyDrive/Brain_Tumor_CNN_Project/dataset/Epic and CSCR hospital Dataset/Train/notumor/Tr-no_0200.jpg,notumor,0
/content/drive/MyDrive/Brain_Tumor_CNN_Project/dataset/Epic and CSCR hospital Dataset/Train/meningioma/m2 (18).jpg,meningioma,1
/content/drive/MyDrive/Brain_Tumor_CNN_Project/dataset/Epic and CSCR hospital Dataset/Train/pituitary/p (508).jpg,pituitary,1
/content/drive/MyDrive/Brain_Tumor_CNN_Project/dataset/Epic and CSCR hospital Dataset/Train/notumor/1740.jpg,notumor,0
/content/drive/MyDrive/Brain_Tumor_CNN_Project/dataset/Epic and CSCR hospital Dataset/Train/notumor/Tr-no_0165.jpg,notumor,0
/content/drive/MyDrive/Brain_Tumor_CNN_Project/dataset/Epic and CSCR hospital Dataset/Train/notumor/image(191).jpg,notumor,0
/content/drive/MyDrive/Brain_Tumor_CNN_Project/dataset/Epic and CSCR hospital Dataset/Train/pituitary/Tr-pi_0172.jpg,pituitary,1
/content/drive/MyDrive/Brain_Tumor_CNN_Project/dataset/Epic and CSCR hospital Dataset/Train/glioma/Tr-gl_0801.jpg,glioma,1
/content/drive/MyDrive/Brain_Tumor_CNN_Project/dataset/Epic and CSCR hospital Dataset/Train/notumor/10 no.jpg,notumor,0
/content/drive/MyDrive/Brain_Tumor_CNN_Project/dataset/Epic and CSCR hospital Dataset/Train/meningioma/1396.jpg,meningioma,1
/content/drive/MyDrive/Brain_Tumor_CNN_Project/dataset/Epic and CSCR hospital Dataset/Train/meningioma/Tr-me_1299.jpg,meningioma,1
/content/drive/MyDrive/Brain_Tumor_CNN_Project/dataset/Epic and CSCR hospital Dataset/Train/pituitary/Tr-pi_0434.jpg,pituitary,1
/content/drive/MyDrive/Brain_Tumor_CNN_Project/dataset/Epic and CSCR hospital Dataset/Train/meningioma/Tr-me_0223.jpg,meningioma,1
/content/drive/MyDrive/Brain_Tumor_CNN_Project/dataset/Epic and CSCR hospital Dataset/Train/glioma/Tr-gl_0486.jpg,glioma,1
/content/drive/MyDrive/Brain_Tumor_CNN_Project/dataset/Epic and CSCR hospital Dataset/Train/meningioma/M_878_HF_.jpg,meningioma,1
/content/drive/MyDrive/Brain_Tumor_CNN_Project/dataset/Epic and CSCR hospital Dataset/Train/meningioma/m2 (86).jpg,meningioma,1
/content/drive/MyDrive/Brain_Tumor_CNN_Project/dataset/Epic and CSCR hospital Dataset/Train/pituitary/Te-pi_0178.jpg,pituitary,1
/content/drive/MyDrive/Brain_Tumor_CNN_Project/dataset/Epic and CSCR hospital Dataset/Train/glioma/G_710_SP_.jpg,glioma,1
/content/drive/MyDrive/Brain_Tumor_CNN_Project/dataset/Epic and CSCR hospital Dataset/Train/glioma/Tr-gl_0520.jpg,glioma,1
/content/drive/MyDrive/Brain_Tumor_CNN_Project/dataset/Epic and CSCR hospital Dataset/Train/pituitary/P_798_HF_.jpg,pituitary,1
/content/drive/MyDrive/Brain_Tumor_CNN_Project/dataset/Epic and CSCR hospital Dataset/Train/pituitary/Tr-pi_1300.jpg,pituitary,1
/content/drive/MyDrive/Brain_Tumor_CNN_Project/dataset/Epic and CSCR hospital Dataset/Train/meningioma/Tr-me_0527.jpg,meningioma,1
/content/drive/MyDrive/Brain_Tumor_CNN_Project/dataset/Epic and CSCR hospital Dataset/Train/glioma/Tr-gl_0120.jpg,glioma,1
/content/drive/MyDrive/Brain_Tumor_CNN_Project/dataset/Epic and CSCR hospital Dataset/Train/notumor/N_386_VF_.jpg,notumor,0
/content/drive/MyDrive/Brain_Tumor_CNN_Project/dataset/Epic and CSCR hospital Dataset/Train/glioma/gg (392).jpg,glioma,1
/content/drive/MyDrive/Brain_Tumor_CNN_Project/dataset/Epic and CSCR hospital Dataset/Train/notumor/Tr-no_0201.jpg,notumor,0
/content/drive/MyDrive/Brain_Tumor_CNN_Project/dataset/Epic and CSCR hospital Dataset/Train/glioma/G_711.jpg,glioma,1
/content/drive/MyDrive/Brain_Tumor_CNN_Project/dataset/Epic and CSCR hospital Dataset/Train/meningioma/m3 (139).jpg,meningioma,1
/content/drive/MyDrive/Brain_Tumor_CNN_Project/dataset/Epic and CSCR hospital Dataset/Train/pituitary/P_762_HF_.jpg,pituitary,1
/content/drive/MyDrive/Brain_Tumor_CNN_Project/dataset/Epic and CSCR hospital Dataset/Train/glioma/gg (415).jpg,glioma,1
/content/drive/MyDrive/Brain_Tumor_CNN_Project/dataset/Epic and CSCR hospital Dataset/Train/meningioma/m3 (11).jpg,meningioma,1
/content/drive/MyDrive/Brain_Tumor_CNN_Project/dataset/Epic and CSCR hospital Dataset/Train/notumor/Tr-no_0386.jpg,notumor,0
/content/drive/MyDrive/Brain_Tumor_CNN_Project/dataset/Epic and CSCR hospital Dataset/Train/notumor/1707.jpg,notumor,0
/content/drive/MyDrive/Brain_Tumor_CNN_Project/dataset/Epic and CSCR hospital Dataset/Train/pituitary/Te-pi_0198.jpg,pituitary,1
/content/drive/MyDrive/Brain_Tumor_CNN_Project/dataset/Epic and CSCR hospital Dataset/Train/meningioma/M_887_SP_.jpg,meningioma,1
/content/drive/MyDrive/Brain_Tumor_CNN_Project/dataset/Epic and CSCR hospital Dataset/Train/meningioma/Tr-me_0163.jpg,meningioma,1
/content/drive/MyDrive/Brain_Tumor_CNN_Project/dataset/Epic and CSCR hospital Dataset/Train/pituitary/P_76_DA_.jpg,pituitary,1
/content/drive/MyDrive/Brain_Tumor_CNN_Project/dataset/Epic and CSCR hospital Dataset/Train/pituitary/Tr-pi_0122.jpg,pituitary,1
/content/drive/MyDrive/Brain_Tumor_CNN_Project/dataset/Epic and CSCR hospital Dataset/Train/notumor/N_408_SP_.jpg,notumor,0
/content/drive/MyDrive/Brain_Tumor_CNN_Project/dataset/Epic and CSCR hospital Dataset/Train/meningioma/m2 (152).jpg,meningioma,1
/content/drive/MyDrive/Brain_Tumor_CNN_Project/dataset/Epic and CSCR hospital Dataset/Train/notumor/Tr-no_0689.jpg,notumor,0
/content/drive/MyDrive/Brain_Tumor_CNN_Project/dataset/Epic and CSCR hospital Dataset/Train/notumor/N_426_HF_.jpg,notumor,0
/content/drive/MyDrive/Brain_Tumor_CNN_Project/dataset/Epic and CSCR hospital Dataset/Train/pituitary/Tr-pi_0408.jpg,pituitary,1
/content/drive/MyDrive/Brain_Tumor_CNN_Project/dataset/Epic and CSCR hospital Dataset/Train/glioma/gg (528).jpg,glioma,1
/content/drive/MyDrive/Brain_Tumor_CNN_Project/dataset/Epic and CSCR hospital Dataset/Train/pituitary/P_829_DA_.jpg,pituitary,1
/content/drive/MyDrive/Brain_Tumor_CNN_Project/dataset/Epic and CSCR hospital Dataset/Train/glioma/G_842_RO_.jpg,glioma,1
/content/drive/MyDrive/Brain_Tumor_CNN_Project/dataset/Epic and CSCR hospital Dataset/Train/meningioma/Te-me_0223.jpg,meningioma,1
/content/drive/MyDrive/Brain_Tumor_CNN_Project/dataset/Epic and CSCR hospital Dataset/Train/pituitary/Tr-pi_1204.jpg,pituitary,1
/content/drive/MyDrive/Brain_Tumor_CNN_Project/dataset/Epic and CSCR hospital Dataset/Train/notumor/1648.jpg,notumor,0
/content/drive/MyDrive/Brain_Tumor_CNN_Project/dataset/Epic and CSCR hospital Dataset/Train/glioma/G_755_SP_.jpg,glioma,1
/content/drive/MyDrive/Brain_Tumor_CNN_Project/dataset/Epic and CSCR hospital Dataset/Train/glioma/G_760_VF_.jpg,glioma,1
/content/drive/MyDrive/Brain_Tumor_CNN_Project/dataset/Epic and CSCR hospital Dataset/Train/pituitary/P_758_RO_.jpg,pituitary,1
/content/drive/MyDrive/Brain_Tumor_CNN_Project/dataset/Epic and CSCR hospital Dataset/Train/pituitary/Tr-pi_0678.jpg,pituitary,1
/content/drive/MyDrive/Brain_Tumor_CNN_Project/dataset/Epic and CSCR hospital Dataset/Train/pituitary/P_786_RO_.jpg,pituitary,1
/content/drive/MyDrive/Brain_Tumor_CNN_Project/dataset/Epic and CSCR hospital Dataset/Train/notumor/N_42_DA_.jpg,notumor,0
/content/drive/MyDrive/Brain_Tumor_CNN_Project/dataset/Epic and CSCR hospital Dataset/Train/notumor/N_409_BR_.jpg,notumor,0
/content/drive/MyDrive/Brain_Tumor_CNN_Project/dataset/Epic and CSCR hospital Dataset/Train/pituitary/Tr-pi_0380.jpg,pituitary,1
/content/drive/MyDrive/Brain_Tumor_CNN_Project/dataset/Epic and CSCR hospital Dataset/Train/glioma/G_816_BR_.jpg,glioma,1
/content/drive/MyDrive/Brain_Tumor_CNN_Project/dataset/Epic and CSCR hospital Dataset/Train/pituitary/Te-pi_0032.jpg,pituitary,1
/content/drive/MyDrive/Brain_Tumor_CNN_Project/dataset/Epic and CSCR hospital Dataset/Train/glioma/Tr-gl_0847.jpg,glioma,1
/content/drive/MyDrive/Brain_Tumor_CNN_Project/dataset/Epic and CSCR hospital Dataset/Train/notumor/N_412_RO_.jpg,notumor,0
/content/drive/MyDrive/Brain_Tumor_CNN_Project/dataset/Epic and CSCR hospital Dataset/Train/pituitary/Te-pi_0016.jpg,pituitary,1
/content/drive/MyDrive/Brain_Tumor_CNN_Project/dataset/Epic and CSCR hospital Dataset/Train/pituitary/Tr-pi_1312.jpg,pituitary,1
/content/drive/MyDrive/Brain_Tumor_CNN_Project/dataset/Epic and CSCR hospital Dataset/Train/notumor/N_389_HF_.jpg,notumor,0
/content/drive/MyDrive/Brain_Tumor_CNN_Project/dataset/Epic and CSCR hospital Dataset/Train/meningioma/M_852_SP_.jpg,meningioma,1
/content/drive/MyDrive/Brain_Tumor_CNN_Project/dataset/Epic and CSCR hospital Dataset/Train/glioma/G_792_DA_.jpg,glioma,1
/content/drive/MyDrive/Brain_Tumor_CNN_Project/dataset/Epic and CSCR hospital Dataset/Train/glioma/G_708_DA_.jpg,glioma,1
/content/drive/MyDrive/Brain_Tumor_CNN_Project/dataset/Epic and CSCR hospital Dataset/Train/meningioma/Tr-me_0165.jpg,meningioma,1
/content/drive/MyDrive/Brain_Tumor_CNN_Project/dataset/Epic and CSCR hospital Dataset/Train/glioma/Tr-gl_0452.jpg,glioma,1
/content/drive/MyDrive/Brain_Tumor_CNN_Project/dataset/Epic and CSCR hospital Dataset/Train/notumor/1646.jpg,notumor,0
/content/drive/MyDrive/Brain_Tumor_CNN_Project/dataset/Epic and CSCR hospital Dataset/Train/glioma/gg (597).jpg,glioma,1
/content/drive/MyDrive/Brain_Tumor_CNN_Project/dataset/Epic and CSCR hospital Dataset/Train/pituitary/Te-pi_0035.jpg,pituitary,1
/content/drive/MyDrive/Brain_Tumor_CNN_Project/dataset/Epic and CSCR hospital Dataset/Train/glioma/Tr-gl_0397.jpg,glioma,1
/content/drive/MyDrive/Brain_Tumor_CNN_Project/dataset/Epic and CSCR hospital Dataset/Train/glioma/G_801_RO_.jpg,glioma,1
/content/drive/MyDrive/Brain_Tumor_CNN_Project/dataset/Epic and CSCR hospital Dataset/Train/meningioma/Tr-me_0291.jpg,meningioma,1
/content/drive/MyDrive/Brain_Tumor_CNN_Project/dataset/Epic and CSCR hospital Dataset/Train/glioma/gg (345).jpg,glioma,1
/content/drive/MyDrive/Brain_Tumor_CNN_Project/dataset/Epic and CSCR hospital Dataset/Train/glioma/G_804.jpg,glioma,1
/content/drive/MyDrive/Brain_Tumor_CNN_Project/dataset/Epic and CSCR hospital Dataset/Train/notumor/Tr-no_0134.jpg,notumor,0
/content/drive/MyDrive/Brain_Tumor_CNN_Project/dataset/Epic and CSCR hospital Dataset/Train/pituitary/Tr-pi_1342.jpg,pituitary,1
/content/drive/MyDrive/Brain_Tumor_CNN_Project/dataset/Epic and CSCR hospital Dataset/Train/pituitary/Tr-pi_0277.jpg,pituitary,1
/content/drive/MyDrive/Brain_Tumor_CNN_Project/dataset/Epic and CSCR hospital Dataset/Train/notumor/N_373_HF_.jpg,notumor,0
/content/drive/MyDrive/Brain_Tumor_CNN_Project/dataset/Epic and CSCR hospital Dataset/Train/meningioma/M_884.jpg,meningioma,1
/content/drive/MyDrive/Brain_Tumor_CNN_Project/dataset/Epic and CSCR hospital Dataset/Train/meningioma/M_879_RO_.jpg,meningioma,1
/content/drive/MyDrive/Brain_Tumor_CNN_Project/dataset/Epic and CSCR hospital Dataset/Train/meningioma/Tr-me_1167.jpg,meningioma,1
/content/drive/MyDrive/Brain_Tumor_CNN_Project/dataset/Epic and CSCR hospital Dataset/Train/glioma/gg (560).jpg,glioma,1
/content/drive/MyDrive/Brain_Tumor_CNN_Project/dataset/Epic and CSCR hospital Dataset/Train/pituitary/Te-pi_0089.jpg,pituitary,1
/content/drive/MyDrive/Brain_Tumor_CNN_Project/dataset/Epic and CSCR hospital Dataset/Train/glioma/gg (522).jpg,glioma,1
/content/drive/MyDrive/Brain_Tumor_CNN_Project/dataset/Epic and CSCR hospital Dataset/Train/pituitary/Tr-pi_0286.jpg,pituitary,1
/content/drive/MyDrive/Brain_Tumor_CNN_Project/dataset/Epic and CSCR hospital Dataset/Train/pituitary/P_798.jpg,pituitary,1
/content/drive/MyDrive/Brain_Tumor_CNN_Project/dataset/Epic and CSCR hospital Dataset/Train/meningioma/M_853.jpg,meningioma,1
/content/drive/MyDrive/Brain_Tumor_CNN_Project/dataset/Epic and CSCR hospital Dataset/Train/pituitary/Te-pi_0143.jpg,pituitary,1
/content/drive/MyDrive/Brain_Tumor_CNN_Project/dataset/Epic and CSCR hospital Dataset/Train/pituitary/Tr-pi_0294.jpg,pituitary,1
/content/drive/MyDrive/Brain_Tumor_CNN_Project/dataset/Epic and CSCR hospital Dataset/Train/notumor/Te-no_0124.jpg,notumor,0
/content/drive/MyDrive/Brain_Tumor_CNN_Project/dataset/Epic and CSCR hospital Dataset/Train/pituitary/Tr-pi_0142.jpg,pituitary,1
/content/drive/MyDrive/Brain_Tumor_CNN_Project/dataset/Epic and CSCR hospital Dataset/Train/meningioma/Tr-me_1295.jpg,meningioma,1
/content/drive/MyDrive/Brain_Tumor_CNN_Project/dataset/Epic and CSCR hospital Dataset/Train/meningioma/Tr-me_0575.jpg,meningioma,1
/content/drive/MyDrive/Brain_Tumor_CNN_Project/dataset/Epic and CSCR hospital Dataset/Train/meningioma/M_832_HF_.jpg,meningioma,1
/content/drive/MyDrive/Brain_Tumor_CNN_Project/dataset/Epic and CSCR hospital Dataset/Train/pituitary/P_834_VF_.jpg,pituitary,1
/content/drive/MyDrive/Brain_Tumor_CNN_Project/dataset/Epic and CSCR hospital Dataset/Train/glioma/Tr-gl_0429.jpg,glioma,1
/content/drive/MyDrive/Brain_Tumor_CNN_Project/dataset/Epic and CSCR hospital Dataset/Train/meningioma/Tr-me_0309.jpg,meningioma,1
/content/drive/MyDrive/Brain_Tumor_CNN_Project/dataset/Epic and CSCR hospital Dataset/Train/notumor/Te-no_0300.jpg,notumor,0
/content/drive/MyDrive/Brain_Tumor_CNN_Project/dataset/Epic and CSCR hospital Dataset/Train/notumor/Te-no_0167.jpg,notumor,0
/content/drive/MyDrive/Brain_Tumor_CNN_Project/dataset/Epic and CSCR hospital Dataset/Train/glioma/gg (527).jpg,glioma,1
/content/drive/MyDrive/Brain_Tumor_CNN_Project/dataset/Epic and CSCR hospital Dataset/Train/pituitary/P_750.jpg,pituitary,1
/content/drive/MyDrive/Brain_Tumor_CNN_Project/dataset/Epic and CSCR hospital Dataset/Train/notumor/Tr-no_0648.jpg,notumor,0
/content/drive/MyDrive/Brain_Tumor_CNN_Project/dataset/Epic and CSCR hospital Dataset/Train/glioma/Tr-gl_0521.jpg,glioma,1
/content/drive/MyDrive/Brain_Tumor_CNN_Project/dataset/Epic and CSCR hospital Dataset/Train/glioma/Tr-gl_1087.jpg,glioma,1
/content/drive/MyDrive/Brain_Tumor_CNN_Project/dataset/Epic and CSCR hospital Dataset/Train/meningioma/Tr-me_1008.jpg,meningioma,1
/content/drive/MyDrive/Brain_Tumor_CNN_Project/dataset/Epic and CSCR hospital Dataset/Train/glioma/G_736_DA_.jpg,glioma,1
/content/drive/MyDrive/Brain_Tumor_CNN_Project/dataset/Epic and CSCR hospital Dataset/Train/notumor/N_427_SP_.jpg,notumor,0
/content/drive/MyDrive/Brain_Tumor_CNN_Project/dataset/Epic and CSCR hospital Dataset/Train/meningioma/Te-me_0158.jpg,meningioma,1
/content/drive/MyDrive/Brain_Tumor_CNN_Project/dataset/Epic and CSCR hospital Dataset/Train/meningioma/1318.jpg,meningioma,1
/content/drive/MyDrive/Brain_Tumor_CNN_Project/dataset/Epic and CSCR hospital Dataset/Train/notumor/Te-no_0271.jpg,notumor,0
/content/drive/MyDrive/Brain_Tumor_CNN_Project/dataset/Epic and CSCR hospital Dataset/Train/pituitary/P_728_HF_.jpg,pituitary,1
/content/drive/MyDrive/Brain_Tumor_CNN_Project/dataset/Epic and CSCR hospital Dataset/Train/pituitary/Tr-pi_0162.jpg,pituitary,1
/content/drive/MyDrive/Brain_Tumor_CNN_Project/dataset/Epic and CSCR hospital Dataset/Train/pituitary/P_839_RO_.jpg,pituitary,1
/content/drive/MyDrive/Brain_Tumor_CNN_Project/dataset/Epic and CSCR hospital Dataset/Train/pituitary/p (552).jpg,pituitary,1
/content/drive/MyDrive/Brain_Tumor_CNN_Project/dataset/Epic and CSCR hospital Dataset/Train/pituitary/P_814_DA_.jpg,pituitary,1
/content/drive/MyDrive/Brain_Tumor_CNN_Project/dataset/Epic and CSCR hospital Dataset/Train/meningioma/Tr-me_1296.jpg,meningioma,1
/content/drive/MyDrive/Brain_Tumor_CNN_Project/dataset/Epic and CSCR hospital Dataset/Train/glioma/gg (559).jpg,glioma,1
/content/drive/MyDrive/Brain_Tumor_CNN_Project/dataset/Epic and CSCR hospital Dataset/Train/glioma/gg (62).jpg,glioma,1
/content/drive/MyDrive/Brain_Tumor_CNN_Project/dataset/Epic and CSCR hospital Dataset/Train/meningioma/Tr-me_0403.jpg,meningioma,1
/content/drive/MyDrive/Brain_Tumor_CNN_Project/dataset/Epic and CSCR hospital Dataset/Train/meningioma/M_838_BR_.jpg,meningioma,1
/content/drive/MyDrive/Brain_Tumor_CNN_Project/dataset/Epic and CSCR hospital Dataset/Train/glioma/Tr-gl_0318.jpg,glioma,1
/content/drive/MyDrive/Brain_Tumor_CNN_Project/dataset/Epic and CSCR hospital Dataset/Train/notumor/1826.jpg,notumor,0
/content/drive/MyDrive/Brain_Tumor_CNN_Project/dataset/Epic and CSCR hospital Dataset/Train/meningioma/Tr-me_0607.jpg,meningioma,1
/content/drive/MyDrive/Brain_Tumor_CNN_Project/dataset/Epic and CSCR hospital Dataset/Train/glioma/Tr-gl_0456.jpg,glioma,1
/content/drive/MyDrive/Brain_Tumor_CNN_Project/dataset/Epic and CSCR hospital Dataset/Train/glioma/Tr-gl_0633.jpg,glioma,1
/content/drive/MyDrive/Brain_Tumor_CNN_Project/dataset/Epic and CSCR hospital Dataset/Train/pituitary/Tr-pi_0628.jpg,pituitary,1
/content/drive/MyDrive/Brain_Tumor_CNN_Project/dataset/Epic and CSCR hospital Dataset/Train/meningioma/1324.jpg,meningioma,1
/content/drive/MyDrive/Brain_Tumor_CNN_Project/dataset/Epic and CSCR hospital Dataset/Train/notumor/Tr-no_0240.jpg,notumor,0
/content/drive/MyDrive/Brain_Tumor_CNN_Project/dataset/Epic and CSCR hospital Dataset/Train/pituitary/P_82_DA_.jpg,pituitary,1
/content/drive/MyDrive/Brain_Tumor_CNN_Project/dataset/Epic and CSCR hospital Dataset/Train/glioma/G_827_VF_.jpg,glioma,1
/content/drive/MyDrive/Brain_Tumor_CNN_Project/dataset/Epic and CSCR hospital Dataset/Train/pituitary/P_728_BR_.jpg,pituitary,1
/content/drive/MyDrive/Brain_Tumor_CNN_Project/dataset/Epic and CSCR hospital Dataset/Train/notumor/Tr-no_0371.jpg,notumor,0
/content/drive/MyDrive/Brain_Tumor_CNN_Project/dataset/Epic and CSCR hospital Dataset/Train/glioma/gg (642).jpg,glioma,1
/content/drive/MyDrive/Brain_Tumor_CNN_Project/dataset/Epic and CSCR hospital Dataset/Train/glioma/Tr-gl_0159.jpg,glioma,1
/content/drive/MyDrive/Brain_Tumor_CNN_Project/dataset/Epic and CSCR hospital Dataset/Train/meningioma/m2 (52).jpg,meningioma,1
/content/drive/MyDrive/Brain_Tumor_CNN_Project/dataset/Epic and CSCR hospital Dataset/Train/notumor/Te-no_0229.jpg,notumor,0
/content/drive/MyDrive/Brain_Tumor_CNN_Project/dataset/Epic and CSCR hospital Dataset/Train/notumor/N_373_DA_.jpg,notumor,0
/content/drive/MyDrive/Brain_Tumor_CNN_Project/dataset/Epic and CSCR hospital Dataset/Train/glioma/G_826_VF_.jpg,glioma,1
/content/drive/MyDrive/Brain_Tumor_CNN_Project/dataset/Epic and CSCR hospital Dataset/Train/pituitary/P_793_BR_.jpg,pituitary,1
/content/drive/MyDrive/Brain_Tumor_CNN_Project/dataset/Epic and CSCR hospital Dataset/Train/glioma/G_788_SP_.jpg,glioma,1
/content/drive/MyDrive/Brain_Tumor_CNN_Project/dataset/Epic and CSCR hospital Dataset/Train/meningioma/Tr-me_0599.jpg,meningioma,1
/content/drive/MyDrive/Brain_Tumor_CNN_Project/dataset/Epic and CSCR hospital Dataset/Train/pituitary/P_732_VF_.jpg,pituitary,1
/content/drive/MyDrive/Brain_Tumor_CNN_Project/dataset/Epic and CSCR hospital Dataset/Train/glioma/G_865_HF_.jpg,glioma,1
/content/drive/MyDrive/Brain_Tumor_CNN_Project/dataset/Epic and CSCR hospital Dataset/Train/meningioma/M_868_RO_.jpg,meningioma,1
/content/drive/MyDrive/Brain_Tumor_CNN_Project/dataset/Epic and CSCR hospital Dataset/Train/notumor/Te-no_0267.jpg,notumor,0
/content/drive/MyDrive/Brain_Tumor_CNN_Project/dataset/Epic and CSCR hospital Dataset/Train/notumor/Tr-no_0410.jpg,notumor,0
/content/drive/MyDrive/Brain_Tumor_CNN_Project/dataset/Epic and CSCR hospital Dataset/Train/notumor/N_406_SP_.jpg,notumor,0
/content/drive/MyDrive/Brain_Tumor_CNN_Project/dataset/Epic and CSCR hospital Dataset/Train/notumor/Tr-no_0543.jpg,notumor,0
/content/drive/MyDrive/Brain_Tumor_CNN_Project/dataset/Epic and CSCR hospital Dataset/Train/glioma/G_782_DA_.jpg,glioma,1
/content/drive/MyDrive/Brain_Tumor_CNN_Project/dataset/Epic and CSCR hospital Dataset/Train/meningioma/M_869.jpg,meningioma,1
/content/drive/MyDrive/Brain_Tumor_CNN_Project/dataset/Epic and CSCR hospital Dataset/Train/glioma/G_768_HF_.jpg,glioma,1
/content/drive/MyDrive/Brain_Tumor_CNN_Project/dataset/Epic and CSCR hospital Dataset/Train/pituitary/P_715_SP_.jpg,pituitary,1
/content/drive/MyDrive/Brain_Tumor_CNN_Project/dataset/Epic and CSCR hospital Dataset/Train/meningioma/1373.jpg,meningioma,1
/content/drive/MyDrive/Brain_Tumor_CNN_Project/dataset/Epic and CSCR hospital Dataset/Train/notumor/N_438_VF_.jpg,notumor,0
/content/drive/MyDrive/Brain_Tumor_CNN_Project/dataset/Epic and CSCR hospital Dataset/Train/pituitary/P_774_RO_.jpg,pituitary,1
/content/drive/MyDrive/Brain_Tumor_CNN_Project/dataset/Epic and CSCR hospital Dataset/Train/meningioma/M_878.jpg,meningioma,1
/content/drive/MyDrive/Brain_Tumor_CNN_Project/dataset/Epic and CSCR hospital Dataset/Train/glioma/image(18).jpg,glioma,1
/content/drive/MyDrive/Brain_Tumor_CNN_Project/dataset/Epic and CSCR hospital Dataset/Train/notumor/Tr-no_0244.jpg,notumor,0
/content/drive/MyDrive/Brain_Tumor_CNN_Project/dataset/Epic and CSCR hospital Dataset/Train/pituitary/P_726_RO_.jpg,pituitary,1
/content/drive/MyDrive/Brain_Tumor_CNN_Project/dataset/Epic and CSCR hospital Dataset/Train/meningioma/Tr-me_0494.jpg,meningioma,1
/content/drive/MyDrive/Brain_Tumor_CNN_Project/dataset/Epic and CSCR hospital Dataset/Train/glioma/G_725.jpg,glioma,1
/content/drive/MyDrive/Brain_Tumor_CNN_Project/dataset/Epic and CSCR hospital Dataset/Train/notumor/Te-no_0080.jpg,notumor,0
/content/drive/MyDrive/Brain_Tumor_CNN_Project/dataset/Epic and CSCR hospital Dataset/Train/meningioma/Te-me_0143.jpg,meningioma,1
/content/drive/MyDrive/Brain_Tumor_CNN_Project/dataset/Epic and CSCR hospital Dataset/Train/pituitary/P_787.jpg,pituitary,1
/content/drive/MyDrive/Brain_Tumor_CNN_Project/dataset/Epic and CSCR hospital Dataset/Train/glioma/Tr-gl_0177.jpg,glioma,1
/content/drive/MyDrive/Brain_Tumor_CNN_Project/dataset/Epic and CSCR hospital Dataset/Train/pituitary/P_787_DA_.jpg,pituitary,1
/content/drive/MyDrive/Brain_Tumor_CNN_Project/dataset/Epic and CSCR hospital Dataset/Train/pituitary/P_783_DA_.jpg,pituitary,1
/content/drive/MyDrive/Brain_Tumor_CNN_Project/dataset/Epic and CSCR hospital Dataset/Train/meningioma/M_823_BR_.jpg,meningioma,1
/content/drive/MyDrive/Brain_Tumor_CNN_Project/dataset/Epic and CSCR hospital Dataset/Train/pituitary/P_835_RO_.jpg,pituitary,1
/content/drive/MyDrive/Brain_Tumor_CNN_Project/dataset/Epic and CSCR hospital Dataset/Train/meningioma/m2 (82).jpg,meningioma,1
/content/drive/MyDrive/Brain_Tumor_CNN_Project/dataset/Epic and CSCR hospital Dataset/Train/meningioma/1434.jpg,meningioma,1
/content/drive/MyDrive/Brain_Tumor_CNN_Project/dataset/Epic and CSCR hospital Dataset/Train/glioma/gg (327).jpg,glioma,1
/content/drive/MyDrive/Brain_Tumor_CNN_Project/dataset/Epic and CSCR hospital Dataset/Train/glioma/gg (601).jpg,glioma,1
/content/drive/MyDrive/Brain_Tumor_CNN_Project/dataset/Epic and CSCR hospital Dataset/Train/pituitary/P_810_BR_.jpg,pituitary,1
/content/drive/MyDrive/Brain_Tumor_CNN_Project/dataset/Epic and CSCR hospital Dataset/Train/meningioma/M_819_RO_.jpg,meningioma,1
/content/drive/MyDrive/Brain_Tumor_CNN_Project/dataset/Epic and CSCR hospital Dataset/Train/pituitary/P_780.jpg,pituitary,1
/content/drive/MyDrive/Brain_Tumor_CNN_Project/dataset/Epic and CSCR hospital Dataset/Train/glioma/Tr-gl_0687.jpg,glioma,1
/content/drive/MyDrive/Brain_Tumor_CNN_Project/dataset/Epic and CSCR hospital Dataset/Train/meningioma/Tr-me_0570.jpg,meningioma,1
/content/drive/MyDrive/Brain_Tumor_CNN_Project/dataset/Epic and CSCR hospital Dataset/Train/meningioma/M_843_BR_.jpg,meningioma,1
/content/drive/MyDrive/Brain_Tumor_CNN_Project/dataset/Epic and CSCR hospital Dataset/Train/pituitary/P_797_SP_.jpg,pituitary,1
/content/drive/MyDrive/Brain_Tumor_CNN_Project/dataset/Epic and CSCR hospital Dataset/Train/glioma/Tr-gl_0950.jpg,glioma,1
/content/drive/MyDrive/Brain_Tumor_CNN_Project/dataset/Epic and CSCR hospital Dataset/Train/pituitary/Tr-pi_0305.jpg,pituitary,1
/content/drive/MyDrive/Brain_Tumor_CNN_Project/dataset/Epic and CSCR hospital Dataset/Train/pituitary/Tr-pi_0055.jpg,pituitary,1
/content/drive/MyDrive/Brain_Tumor_CNN_Project/dataset/Epic and CSCR hospital Dataset/Train/pituitary/Tr-pi_1393.jpg,pituitary,1
/content/drive/MyDrive/Brain_Tumor_CNN_Project/dataset/Epic and CSCR hospital Dataset/Train/glioma/gg (673).jpg,glioma,1
/content/drive/MyDrive/Brain_Tumor_CNN_Project/dataset/Epic and CSCR hospital Dataset/Train/notumor/N_400_DA_.jpg,notumor,0
/content/drive/MyDrive/Brain_Tumor_CNN_Project/dataset/Epic and CSCR hospital Dataset/Train/meningioma/Tr-me_0091.jpg,meningioma,1
/content/drive/MyDrive/Brain_Tumor_CNN_Project/dataset/Epic and CSCR hospital Dataset/Train/meningioma/Te-me_0209.jpg,meningioma,1
/content/drive/MyDrive/Brain_Tumor_CNN_Project/dataset/Epic and CSCR hospital Dataset/Train/pituitary/P_826_VF_.jpg,pituitary,1
/content/drive/MyDrive/Brain_Tumor_CNN_Project/dataset/Epic and CSCR hospital Dataset/Train/meningioma/m2 (61).jpg,meningioma,1
/content/drive/MyDrive/Brain_Tumor_CNN_Project/dataset/Epic and CSCR hospital Dataset/Train/notumor/1817.jpg,notumor,0
/content/drive/MyDrive/Brain_Tumor_CNN_Project/dataset/Epic and CSCR hospital Dataset/Train/meningioma/1299.jpg,meningioma,1
/content/drive/MyDrive/Brain_Tumor_CNN_Project/dataset/Epic and CSCR hospital Dataset/Train/notumor/Tr-no_0598.jpg,notumor,0
/content/drive/MyDrive/Brain_Tumor_CNN_Project/dataset/Epic and CSCR hospital Dataset/Train/pituitary/1191.jpg,pituitary,1
/content/drive/MyDrive/Brain_Tumor_CNN_Project/dataset/Epic and CSCR hospital Dataset/Train/glioma/Tr-gl_0892.jpg,glioma,1
/content/drive/MyDrive/Brain_Tumor_CNN_Project/dataset/Epic and CSCR hospital Dataset/Train/pituitary/P_815_DA_.jpg,pituitary,1
/content/drive/MyDrive/Brain_Tumor_CNN_Project/dataset/Epic and CSCR hospital Dataset/Train/pituitary/P_712_SP_.jpg,pituitary,1
/content/drive/MyDrive/Brain_Tumor_CNN_Project/dataset/Epic and CSCR hospital Dataset/Train/glioma/gg (542).jpg,glioma,1
/content/drive/MyDrive/Brain_Tumor_CNN_Project/dataset/Epic and CSCR hospital Dataset/Train/glioma/G_849_SP_.jpg,glioma,1
/content/drive/MyDrive/Brain_Tumor_CNN_Project/dataset/Epic and CSCR hospital Dataset/Train/notumor/N_429_BR_.jpg,notumor,0
/content/drive/MyDrive/Brain_Tumor_CNN_Project/dataset/Epic and CSCR hospital Dataset/Train/glioma/Tr-gl_0293.jpg,glioma,1
/content/drive/MyDrive/Brain_Tumor_CNN_Project/dataset/Epic and CSCR hospital Dataset/Train/glioma/G_842_VF_.jpg,glioma,1
/content/drive/MyDrive/Brain_Tumor_CNN_Project/dataset/Epic and CSCR hospital Dataset/Train/pituitary/Tr-pi_0230.jpg,pituitary,1
/content/drive/MyDrive/Brain_Tumor_CNN_Project/dataset/Epic and CSCR hospital Dataset/Train/glioma/Tr-gl_0220.jpg,glioma,1
/content/drive/MyDrive/Brain_Tumor_CNN_Project/dataset/Epic and CSCR hospital Dataset/Train/glioma/Tr-gl_0628.jpg,glioma,1
/content/drive/MyDrive/Brain_Tumor_CNN_Project/dataset/Epic and CSCR hospital Dataset/Train/pituitary/P_837_RO_.jpg,pituitary,1
/content/drive/MyDrive/Brain_Tumor_CNN_Project/dataset/Epic and CSCR hospital Dataset/Train/glioma/gg (520).jpg,glioma,1
/content/drive/MyDrive/Brain_Tumor_CNN_Project/dataset/Epic and CSCR hospital Dataset/Train/pituitary/Tr-pi_1291.jpg,pituitary,1
/content/drive/MyDrive/Brain_Tumor_CNN_Project/dataset/Epic and CSCR hospital Dataset/Train/glioma/G_762_BR_.jpg,glioma,1
/content/drive/MyDrive/Brain_Tumor_CNN_Project/dataset/Epic and CSCR hospital Dataset/Train/glioma/G_866_BR_.jpg,glioma,1
/content/drive/MyDrive/Brain_Tumor_CNN_Project/dataset/Epic and CSCR hospital Dataset/Train/glioma/G_891_SP_.jpg,glioma,1
/content/drive/MyDrive/Brain_Tumor_CNN_Project/dataset/Epic and CSCR hospital Dataset/Train/notumor/image(173).jpg,notumor,0
/content/drive/MyDrive/Brain_Tumor_CNN_Project/dataset/Epic and CSCR hospital Dataset/Train/pituitary/P_785_RO_.jpg,pituitary,1
/content/drive/MyDrive/Brain_Tumor_CNN_Project/dataset/Epic and CSCR hospital Dataset/Train/glioma/Tr-gl_0185.jpg,glioma,1
/content/drive/MyDrive/Brain_Tumor_CNN_Project/dataset/Epic and CSCR hospital Dataset/Train/meningioma/M_880_BR_.jpg,meningioma,1
/content/drive/MyDrive/Brain_Tumor_CNN_Project/dataset/Epic and CSCR hospital Dataset/Train/pituitary/P_809_HF_.jpg,pituitary,1
/content/drive/MyDrive/Brain_Tumor_CNN_Project/dataset/Epic and CSCR hospital Dataset/Train/glioma/G_828_DA_.jpg,glioma,1
/content/drive/MyDrive/Brain_Tumor_CNN_Project/dataset/Epic and CSCR hospital Dataset/Train/glioma/Tr-gl_0923.jpg,glioma,1
/content/drive/MyDrive/Brain_Tumor_CNN_Project/dataset/Epic and CSCR hospital Dataset/Train/pituitary/P_752_DA_.jpg,pituitary,1
/content/drive/MyDrive/Brain_Tumor_CNN_Project/dataset/Epic and CSCR hospital Dataset/Train/glioma/Tr-gl_1158.jpg,glioma,1
/content/drive/MyDrive/Brain_Tumor_CNN_Project/dataset/Epic and CSCR hospital Dataset/Train/pituitary/Tr-pi_0325.jpg,pituitary,1
/content/drive/MyDrive/Brain_Tumor_CNN_Project/dataset/Epic and CSCR hospital Dataset/Train/meningioma/m2 (124).jpg,meningioma,1
/content/drive/MyDrive/Brain_Tumor_CNN_Project/dataset/Epic and CSCR hospital Dataset/Train/glioma/Te-gl_0189.jpg,glioma,1
/content/drive/MyDrive/Brain_Tumor_CNN_Project/dataset/Epic and CSCR hospital Dataset/Train/meningioma/Te-me_0150.jpg,meningioma,1
/content/drive/MyDrive/Brain_Tumor_CNN_Project/dataset/Epic and CSCR hospital Dataset/Train/glioma/Tr-gl_0916.jpg,glioma,1
/content/drive/MyDrive/Brain_Tumor_CNN_Project/dataset/Epic and CSCR hospital Dataset/Train/notumor/Te-no_0367.jpg,notumor,0
/content/drive/MyDrive/Brain_Tumor_CNN_Project/dataset/Epic and CSCR hospital Dataset/Train/meningioma/Te-me_0256.jpg,meningioma,1
/content/drive/MyDrive/Brain_Tumor_CNN_Project/dataset/Epic and CSCR hospital Dataset/Train/meningioma/m3 (127).jpg,meningioma,1
/content/drive/MyDrive/Brain_Tumor_CNN_Project/dataset/Epic and CSCR hospital Dataset/Train/glioma/gg (54).jpg,glioma,1
/content/drive/MyDrive/Brain_Tumor_CNN_Project/dataset/Epic and CSCR hospital Dataset/Train/notumor/N_433_HF_.jpg,notumor,0
/content/drive/MyDrive/Brain_Tumor_CNN_Project/dataset/Epic and CSCR hospital Dataset/Train/notumor/Tr-no_0445.jpg,notumor,0
/content/drive/MyDrive/Brain_Tumor_CNN_Project/dataset/Epic and CSCR hospital Dataset/Train/glioma/Tr-gl_0961.jpg,glioma,1
/content/drive/MyDrive/Brain_Tumor_CNN_Project/dataset/Epic and CSCR hospital Dataset/Train/notumor/Tr-no_0483.jpg,notumor,0
/content/drive/MyDrive/Brain_Tumor_CNN_Project/dataset/Epic and CSCR hospital Dataset/Train/pituitary/P_799_RO_.jpg,pituitary,1
/content/drive/MyDrive/Brain_Tumor_CNN_Project/dataset/Epic and CSCR hospital Dataset/Train/meningioma/Tr-me_0276.jpg,meningioma,1
/content/drive/MyDrive/Brain_Tumor_CNN_Project/dataset/Epic and CSCR hospital Dataset/Train/glioma/G_726_DA_.jpg,glioma,1
/content/drive/MyDrive/Brain_Tumor_CNN_Project/dataset/Epic and CSCR hospital Dataset/Train/notumor/1728.jpg,notumor,0
/content/drive/MyDrive/Brain_Tumor_CNN_Project/dataset/Epic and CSCR hospital Dataset/Train/pituitary/p (523).jpg,pituitary,1
/content/drive/MyDrive/Brain_Tumor_CNN_Project/dataset/Epic and CSCR hospital Dataset/Train/glioma/gg (423).jpg,glioma,1
/content/drive/MyDrive/Brain_Tumor_CNN_Project/dataset/Epic and CSCR hospital Dataset/Train/glioma/Tr-gl_1049.jpg,glioma,1
/content/drive/MyDrive/Brain_Tumor_CNN_Project/dataset/Epic and CSCR hospital Dataset/Train/glioma/Tr-gl_0458.jpg,glioma,1
/content/drive/MyDrive/Brain_Tumor_CNN_Project/dataset/Epic and CSCR hospital Dataset/Train/pituitary/Tr-pi_0664.jpg,pituitary,1
/content/drive/MyDrive/Brain_Tumor_CNN_Project/dataset/Epic and CSCR hospital Dataset/Train/notumor/N_399_SP_.jpg,notumor,0
/content/drive/MyDrive/Brain_Tumor_CNN_Project/dataset/Epic and CSCR hospital Dataset/Train/glioma/G_739_HF_.jpg,glioma,1
/content/drive/MyDrive/Brain_Tumor_CNN_Project/dataset/Epic and CSCR hospital Dataset/Train/notumor/Tr-no_0388.jpg,notumor,0
/content/drive/MyDrive/Brain_Tumor_CNN_Project/dataset/Epic and CSCR hospital Dataset/Train/pituitary/P_793_SP_.jpg,pituitary,1
/content/drive/MyDrive/Brain_Tumor_CNN_Project/dataset/Epic and CSCR hospital Dataset/Train/pituitary/Tr-pi_0613.jpg,pituitary,1
/content/drive/MyDrive/Brain_Tumor_CNN_Project/dataset/Epic and CSCR hospital Dataset/Train/glioma/G_714_HF_.jpg,glioma,1
/content/drive/MyDrive/Brain_Tumor_CNN_Project/dataset/Epic and CSCR hospital Dataset/Train/pituitary/Tr-pi_0386.jpg,pituitary,1
/content/drive/MyDrive/Brain_Tumor_CNN_Project/dataset/Epic and CSCR hospital Dataset/Train/glioma/Tr-gl_0118.jpg,glioma,1
/content/drive/MyDrive/Brain_Tumor_CNN_Project/dataset/Epic and CSCR hospital Dataset/Train/pituitary/P_840_VF_.jpg,pituitary,1
/content/drive/MyDrive/Brain_Tumor_CNN_Project/dataset/Epic and CSCR hospital Dataset/Train/pituitary/P_721_BR_.jpg,pituitary,1
/content/drive/MyDrive/Brain_Tumor_CNN_Project/dataset/Epic and CSCR hospital Dataset/Train/glioma/Tr-gl_0483.jpg,glioma,1
/content/drive/MyDrive/Brain_Tumor_CNN_Project/dataset/Epic and CSCR hospital Dataset/Train/notumor/no 99.jpg,notumor,0
/content/drive/MyDrive/Brain_Tumor_CNN_Project/dataset/Epic and CSCR hospital Dataset/Train/pituitary/P_842_BR_.jpg,pituitary,1
/content/drive/MyDrive/Brain_Tumor_CNN_Project/dataset/Epic and CSCR hospital Dataset/Train/pituitary/Tr-pi_0454.jpg,pituitary,1
/content/drive/MyDrive/Brain_Tumor_CNN_Project/dataset/Epic and CSCR hospital Dataset/Train/notumor/N_403_DA_.jpg,notumor,0
/content/drive/MyDrive/Brain_Tumor_CNN_Project/dataset/Epic and CSCR hospital Dataset/Train/pituitary/Te-pi_0185.jpg,pituitary,1
/content/drive/MyDrive/Brain_Tumor_CNN_Project/dataset/Epic and CSCR hospital Dataset/Train/glioma/Tr-gl_0457.jpg,glioma,1
/content/drive/MyDrive/Brain_Tumor_CNN_Project/dataset/Epic and CSCR hospital Dataset/Train/notumor/Tr-no_0421.jpg,notumor,0
/content/drive/MyDrive/Brain_Tumor_CNN_Project/dataset/Epic and CSCR hospital Dataset/Train/meningioma/Tr-me_1024.jpg,meningioma,1
/content/drive/MyDrive/Brain_Tumor_CNN_Project/dataset/Epic and CSCR hospital Dataset/Train/pituitary/Tr-pi_1122.jpg,pituitary,1
/content/drive/MyDrive/Brain_Tumor_CNN_Project/dataset/Epic and CSCR hospital Dataset/Train/meningioma/Tr-me_1049.jpg,meningioma,1
/content/drive/MyDrive/Brain_Tumor_CNN_Project/dataset/Epic and CSCR hospital Dataset/Train/notumor/Tr-no_0468.jpg,notumor,0
/content/drive/MyDrive/Brain_Tumor_CNN_Project/dataset/Epic and CSCR hospital Dataset/Train/notumor/N_375_RO_.jpg,notumor,0
/content/drive/MyDrive/Brain_Tumor_CNN_Project/dataset/Epic and CSCR hospital Dataset/Train/glioma/G_837_BR_.jpg,glioma,1
/content/drive/MyDrive/Brain_Tumor_CNN_Project/dataset/Epic and CSCR hospital Dataset/Train/glioma/Tr-gl_0434.jpg,glioma,1
/content/drive/MyDrive/Brain_Tumor_CNN_Project/dataset/Epic and CSCR hospital Dataset/Train/glioma/Tr-gl_1152.jpg,glioma,1
/content/drive/MyDrive/Brain_Tumor_CNN_Project/dataset/Epic and CSCR hospital Dataset/Train/glioma/G_718_RO_.jpg,glioma,1
/content/drive/MyDrive/Brain_Tumor_CNN_Project/dataset/Epic and CSCR hospital Dataset/Train/meningioma/Tr-me_0936.jpg,meningioma,1
/content/drive/MyDrive/Brain_Tumor_CNN_Project/dataset/Epic and CSCR hospital Dataset/Train/notumor/Tr-no_0216.jpg,notumor,0
/content/drive/MyDrive/Brain_Tumor_CNN_Project/dataset/Epic and CSCR hospital Dataset/Train/meningioma/Tr-me_1168.jpg,meningioma,1
/content/drive/MyDrive/Brain_Tumor_CNN_Project/dataset/Epic and CSCR hospital Dataset/Train/meningioma/Tr-me_0317.jpg,meningioma,1
/content/drive/MyDrive/Brain_Tumor_CNN_Project/dataset/Epic and CSCR hospital Dataset/Train/notumor/Tr-no_0128.jpg,notumor,0
/content/drive/MyDrive/Brain_Tumor_CNN_Project/dataset/Epic and CSCR hospital Dataset/Train/notumor/Tr-no_0419.jpg,notumor,0
/content/drive/MyDrive/Brain_Tumor_CNN_Project/dataset/Epic and CSCR hospital Dataset/Train/meningioma/M_825_SP_.jpg,meningioma,1
/content/drive/MyDrive/Brain_Tumor_CNN_Project/dataset/Epic and CSCR hospital Dataset/Train/notumor/Tr-no_0619.jpg,notumor,0
/content/drive/MyDrive/Brain_Tumor_CNN_Project/dataset/Epic and CSCR hospital Dataset/Train/meningioma/Te-me_0121.jpg,meningioma,1
/content/drive/MyDrive/Brain_Tumor_CNN_Project/dataset/Epic and CSCR hospital Dataset/Train/pituitary/P_791_RO_.jpg,pituitary,1
/content/drive/MyDrive/Brain_Tumor_CNN_Project/dataset/Epic and CSCR hospital Dataset/Train/pituitary/Tr-pi_1137.jpg,pituitary,1
/content/drive/MyDrive/Brain_Tumor_CNN_Project/dataset/Epic and CSCR hospital Dataset/Train/glioma/Tr-gl_0927.jpg,glioma,1
/content/drive/MyDrive/Brain_Tumor_CNN_Project/dataset/Epic and CSCR hospital Dataset/Train/glioma/Tr-gl_0636.jpg,glioma,1
/content/drive/MyDrive/Brain_Tumor_CNN_Project/dataset/Epic and CSCR hospital Dataset/Train/pituitary/Tr-pi_1227.jpg,pituitary,1
/content/drive/MyDrive/Brain_Tumor_CNN_Project/dataset/Epic and CSCR hospital Dataset/Train/glioma/Te-gl_0168.jpg,glioma,1
/content/drive/MyDrive/Brain_Tumor_CNN_Project/dataset/Epic and CSCR hospital Dataset/Train/pituitary/Te-pi_0125.jpg,pituitary,1
/content/drive/MyDrive/Brain_Tumor_CNN_Project/dataset/Epic and CSCR hospital Dataset/Train/meningioma/Tr-me_1103.jpg,meningioma,1
/content/drive/MyDrive/Brain_Tumor_CNN_Project/dataset/Epic and CSCR hospital Dataset/Train/glioma/G_747_HF_.jpg,glioma,1
/content/drive/MyDrive/Brain_Tumor_CNN_Project/dataset/Epic and CSCR hospital Dataset/Train/pituitary/P_822.jpg,pituitary,1
/content/drive/MyDrive/Brain_Tumor_CNN_Project/dataset/Epic and CSCR hospital Dataset/Train/pituitary/P_789_RO_.jpg,pituitary,1
/content/drive/MyDrive/Brain_Tumor_CNN_Project/dataset/Epic and CSCR hospital Dataset/Train/notumor/Te-no_0183.jpg,notumor,0
/content/drive/MyDrive/Brain_Tumor_CNN_Project/dataset/Epic and CSCR hospital Dataset/Train/pituitary/P_80_RO_.jpg,pituitary,1
/content/drive/MyDrive/Brain_Tumor_CNN_Project/dataset/Epic and CSCR hospital Dataset/Train/notumor/N_58.jpg,notumor,0
/content/drive/MyDrive/Brain_Tumor_CNN_Project/dataset/Epic and CSCR hospital Dataset/Train/pituitary/Tr-pi_0168.jpg,pituitary,1
/content/drive/MyDrive/Brain_Tumor_CNN_Project/dataset/Epic and CSCR hospital Dataset/Train/notumor/Tr-no_0138.jpg,notumor,0
/content/drive/MyDrive/Brain_Tumor_CNN_Project/dataset/Epic and CSCR hospital Dataset/Train/glioma/G_823_SP_.jpg,glioma,1
/content/drive/MyDrive/Brain_Tumor_CNN_Project/dataset/Epic and CSCR hospital Dataset/Train/notumor/1725.jpg,notumor,0
/content/drive/MyDrive/Brain_Tumor_CNN_Project/dataset/Epic and CSCR hospital Dataset/Train/pituitary/P_789_DA_.jpg,pituitary,1
/content/drive/MyDrive/Brain_Tumor_CNN_Project/dataset/Epic and CSCR hospital Dataset/Train/glioma/Tr-gl_0989.jpg,glioma,1
/content/drive/MyDrive/Brain_Tumor_CNN_Project/dataset/Epic and CSCR hospital Dataset/Train/meningioma/Tr-me_0436.jpg,meningioma,1
/content/drive/MyDrive/Brain_Tumor_CNN_Project/dataset/Epic and CSCR hospital Dataset/Train/pituitary/Tr-pi_0958.jpg,pituitary,1
/content/drive/MyDrive/Brain_Tumor_CNN_Project/dataset/Epic and CSCR hospital Dataset/Train/meningioma/M_827_HF_.jpg,meningioma,1
/content/drive/MyDrive/Brain_Tumor_CNN_Project/dataset/Epic and CSCR hospital Dataset/Train/meningioma/M_845_HF_.jpg,meningioma,1
/content/drive/MyDrive/Brain_Tumor_CNN_Project/dataset/Epic and CSCR hospital Dataset/Train/glioma/G_854_BR_.jpg,glioma,1
/content/drive/MyDrive/Brain_Tumor_CNN_Project/dataset/Epic and CSCR hospital Dataset/Train/glioma/G_778_SP_.jpg,glioma,1
/content/drive/MyDrive/Brain_Tumor_CNN_Project/dataset/Epic and CSCR hospital Dataset/Train/glioma/gg (626).jpg,glioma,1
/content/drive/MyDrive/Brain_Tumor_CNN_Project/dataset/Epic and CSCR hospital Dataset/Train/glioma/Tr-gl_0915.jpg,glioma,1
/content/drive/MyDrive/Brain_Tumor_CNN_Project/dataset/Epic and CSCR hospital Dataset/Train/glioma/Tr-gl_0481.jpg,glioma,1
/content/drive/MyDrive/Brain_Tumor_CNN_Project/dataset/Epic and CSCR hospital Dataset/Train/glioma/Tr-gl_0147.jpg,glioma,1
/content/drive/MyDrive/Brain_Tumor_CNN_Project/dataset/Epic and CSCR hospital Dataset/Train/glioma/G_706_HF_.jpg,glioma,1
/content/drive/MyDrive/Brain_Tumor_CNN_Project/dataset/Epic and CSCR hospital Dataset/Train/glioma/G_842.jpg,glioma,1
/content/drive/MyDrive/Brain_Tumor_CNN_Project/dataset/Epic and CSCR hospital Dataset/Train/pituitary/P_74_DA_.jpg,pituitary,1
/content/drive/MyDrive/Brain_Tumor_CNN_Project/dataset/Epic and CSCR hospital Dataset/Train/glioma/gg (408).jpg,glioma,1
/content/drive/MyDrive/Brain_Tumor_CNN_Project/dataset/Epic and CSCR hospital Dataset/Train/pituitary/Tr-pi_1319.jpg,pituitary,1
/content/drive/MyDrive/Brain_Tumor_CNN_Project/dataset/Epic and CSCR hospital Dataset/Train/pituitary/P_88_RO_.jpg,pituitary,1
/content/drive/MyDrive/Brain_Tumor_CNN_Project/dataset/Epic and CSCR hospital Dataset/Train/pituitary/P_790_DA_.jpg,pituitary,1
/content/drive/MyDrive/Brain_Tumor_CNN_Project/dataset/Epic and CSCR hospital Dataset/Train/notumor/1860.jpg,notumor,0
/content/drive/MyDrive/Brain_Tumor_CNN_Project/dataset/Epic and CSCR hospital Dataset/Train/meningioma/Te-me_0071.jpg,meningioma,1
/content/drive/MyDrive/Brain_Tumor_CNN_Project/dataset/Epic and CSCR hospital Dataset/Train/notumor/Tr-no_0447.jpg,notumor,0
/content/drive/MyDrive/Brain_Tumor_CNN_Project/dataset/Epic and CSCR hospital Dataset/Train/meningioma/1425.jpg,meningioma,1
/content/drive/MyDrive/Brain_Tumor_CNN_Project/dataset/Epic and CSCR hospital Dataset/Train/notumor/N_368_RO_.jpg,notumor,0
/content/drive/MyDrive/Brain_Tumor_CNN_Project/dataset/Epic and CSCR hospital Dataset/Train/glioma/G_862_BR_.jpg,glioma,1
/content/drive/MyDrive/Brain_Tumor_CNN_Project/dataset/Epic and CSCR hospital Dataset/Train/glioma/G_816_VF_.jpg,glioma,1
/content/drive/MyDrive/Brain_Tumor_CNN_Project/dataset/Epic and CSCR hospital Dataset/Train/notumor/Tr-no_0207.jpg,notumor,0
/content/drive/MyDrive/Brain_Tumor_CNN_Project/dataset/Epic and CSCR hospital Dataset/Train/glioma/G_705_BR_.jpg,glioma,1
/content/drive/MyDrive/Brain_Tumor_CNN_Project/dataset/Epic and CSCR hospital Dataset/Train/meningioma/M_828.jpg,meningioma,1
/content/drive/MyDrive/Brain_Tumor_CNN_Project/dataset/Epic and CSCR hospital Dataset/Train/meningioma/m2 (110).jpg,meningioma,1
/content/drive/MyDrive/Brain_Tumor_CNN_Project/dataset/Epic and CSCR hospital Dataset/Train/glioma/Tr-gl_0974.jpg,glioma,1
/content/drive/MyDrive/Brain_Tumor_CNN_Project/dataset/Epic and CSCR hospital Dataset/Train/pituitary/P_80_VF_.jpg,pituitary,1
/content/drive/MyDrive/Brain_Tumor_CNN_Project/dataset/Epic and CSCR hospital Dataset/Train/glioma/Tr-gl_0795.jpg,glioma,1
/content/drive/MyDrive/Brain_Tumor_CNN_Project/dataset/Epic and CSCR hospital Dataset/Train/pituitary/P_782_RO_.jpg,pituitary,1
/content/drive/MyDrive/Brain_Tumor_CNN_Project/dataset/Epic and CSCR hospital Dataset/Train/glioma/G_753_RO_.jpg,glioma,1
/content/drive/MyDrive/Brain_Tumor_CNN_Project/dataset/Epic and CSCR hospital Dataset/Train/glioma/G_813_BR_.jpg,glioma,1
/content/drive/MyDrive/Brain_Tumor_CNN_Project/dataset/Epic and CSCR hospital Dataset/Train/notumor/Tr-no_0537.jpg,notumor,0
/content/drive/MyDrive/Brain_Tumor_CNN_Project/dataset/Epic and CSCR hospital Dataset/Train/glioma/gg (471).jpg,glioma,1
/content/drive/MyDrive/Brain_Tumor_CNN_Project/dataset/Epic and CSCR hospital Dataset/Train/meningioma/Tr-me_1242.jpg,meningioma,1
/content/drive/MyDrive/Brain_Tumor_CNN_Project/dataset/Epic and CSCR hospital Dataset/Train/meningioma/Te-me_0249.jpg,meningioma,1
/content/drive/MyDrive/Brain_Tumor_CNN_Project/dataset/Epic and CSCR hospital Dataset/Train/glioma/G_836_VF_.jpg,glioma,1
/content/drive/MyDrive/Brain_Tumor_CNN_Project/dataset/Epic and CSCR hospital Dataset/Train/glioma/Tr-gl_1040.jpg,glioma,1
/content/drive/MyDrive/Brain_Tumor_CNN_Project/dataset/Epic and CSCR hospital Dataset/Train/notumor/N_411_DA_.jpg,notumor,0
/content/drive/MyDrive/Brain_Tumor_CNN_Project/dataset/Epic and CSCR hospital Dataset/Train/glioma/gg (645).jpg,glioma,1
/content/drive/MyDrive/Brain_Tumor_CNN_Project/dataset/Epic and CSCR hospital Dataset/Train/glioma/gg (391).jpg,glioma,1
/content/drive/MyDrive/Brain_Tumor_CNN_Project/dataset/Epic and CSCR hospital Dataset/Train/pituitary/Tr-pi_0953.jpg,pituitary,1
/content/drive/MyDrive/Brain_Tumor_CNN_Project/dataset/Epic and CSCR hospital Dataset/Train/notumor/Tr-no_0107.jpg,notumor,0
/content/drive/MyDrive/Brain_Tumor_CNN_Project/dataset/Epic and CSCR hospital Dataset/Train/glioma/Tr-gl_1151.jpg,glioma,1
/content/drive/MyDrive/Brain_Tumor_CNN_Project/dataset/Epic and CSCR hospital Dataset/Train/pituitary/Tr-pi_1153.jpg,pituitary,1
/content/drive/MyDrive/Brain_Tumor_CNN_Project/dataset/Epic and CSCR hospital Dataset/Train/notumor/image(190).jpg,notumor,0
/content/drive/MyDrive/Brain_Tumor_CNN_Project/dataset/Epic and CSCR hospital Dataset/Train/pituitary/P_779.jpg,pituitary,1
/content/drive/MyDrive/Brain_Tumor_CNN_Project/dataset/Epic and CSCR hospital Dataset/Train/notumor/Tr-no_0083.jpg,notumor,0
/content/drive/MyDrive/Brain_Tumor_CNN_Project/dataset/Epic and CSCR hospital Dataset/Train/notumor/N_434_HF_.jpg,notumor,0
/content/drive/MyDrive/Brain_Tumor_CNN_Project/dataset/Epic and CSCR hospital Dataset/Train/meningioma/1424.jpg,meningioma,1
/content/drive/MyDrive/Brain_Tumor_CNN_Project/dataset/Epic and CSCR hospital Dataset/Train/meningioma/M_859.jpg,meningioma,1
/content/drive/MyDrive/Brain_Tumor_CNN_Project/dataset/Epic and CSCR hospital Dataset/Train/pituitary/Tr-pi_1049.jpg,pituitary,1
/content/drive/MyDrive/Brain_Tumor_CNN_Project/dataset/Epic and CSCR hospital Dataset/Train/glioma/Tr-gl_0539.jpg,glioma,1
/content/drive/MyDrive/Brain_Tumor_CNN_Project/dataset/Epic and CSCR hospital Dataset/Train/meningioma/Tr-me_0977.jpg,meningioma,1
/content/drive/MyDrive/Brain_Tumor_CNN_Project/dataset/Epic and CSCR hospital Dataset/Train/glioma/G_856_VF_.jpg,glioma,1
/content/drive/MyDrive/Brain_Tumor_CNN_Project/dataset/Epic and CSCR hospital Dataset/Train/pituitary/P_758_DA_.jpg,pituitary,1
/content/drive/MyDrive/Brain_Tumor_CNN_Project/dataset/Epic and CSCR hospital Dataset/Train/pituitary/Te-pi_0029.jpg,pituitary,1
/content/drive/MyDrive/Brain_Tumor_CNN_Project/dataset/Epic and CSCR hospital Dataset/Train/glioma/Tr-gl_1228.jpg,glioma,1
/content/drive/MyDrive/Brain_Tumor_CNN_Project/dataset/Epic and CSCR hospital Dataset/Train/meningioma/M_830_RO_.jpg,meningioma,1
/content/drive/MyDrive/Brain_Tumor_CNN_Project/dataset/Epic and CSCR hospital Dataset/Train/notumor/Tr-no_0487.jpg,notumor,0
/content/drive/MyDrive/Brain_Tumor_CNN_Project/dataset/Epic and CSCR hospital Dataset/Train/meningioma/Tr-me_0297.jpg,meningioma,1
/content/drive/MyDrive/Brain_Tumor_CNN_Project/dataset/Epic and CSCR hospital Dataset/Train/glioma/G_714_RO_.jpg,glioma,1
/content/drive/MyDrive/Brain_Tumor_CNN_Project/dataset/Epic and CSCR hospital Dataset/Train/pituitary/Tr-pi_0446.jpg,pituitary,1
/content/drive/MyDrive/Brain_Tumor_CNN_Project/dataset/Epic and CSCR hospital Dataset/Train/notumor/Tr-no_0547.jpg,notumor,0
/content/drive/MyDrive/Brain_Tumor_CNN_Project/dataset/Epic and CSCR hospital Dataset/Train/glioma/gg (557).jpg,glioma,1
/content/drive/MyDrive/Brain_Tumor_CNN_Project/dataset/Epic and CSCR hospital Dataset/Train/notumor/9 no.jpg,notumor,0
/content/drive/MyDrive/Brain_Tumor_CNN_Project/dataset/Epic and CSCR hospital Dataset/Train/glioma/Tr-gl_0510.jpg,glioma,1
/content/drive/MyDrive/Brain_Tumor_CNN_Project/dataset/Epic and CSCR hospital Dataset/Train/meningioma/m2 (49).jpg,meningioma,1
/content/drive/MyDrive/Brain_Tumor_CNN_Project/dataset/Epic and CSCR hospital Dataset/Train/meningioma/Tr-me_0477.jpg,meningioma,1
/content/drive/MyDrive/Brain_Tumor_CNN_Project/dataset/Epic and CSCR hospital Dataset/Train/glioma/G_883_DA_.jpg,glioma,1
/content/drive/MyDrive/Brain_Tumor_CNN_Project/dataset/Epic and CSCR hospital Dataset/Train/glioma/Tr-gl_0412.jpg,glioma,1
/content/drive/MyDrive/Brain_Tumor_CNN_Project/dataset/Epic and CSCR hospital Dataset/Train/pituitary/Tr-pi_0599.jpg,pituitary,1
/content/drive/MyDrive/Brain_Tumor_CNN_Project/dataset/Epic and CSCR hospital Dataset/Train/notumor/N_427_BR_.jpg,notumor,0
/content/drive/MyDrive/Brain_Tumor_CNN_Project/dataset/Epic and CSCR hospital Dataset/Train/notumor/N_388_DA_.jpg,notumor,0
/content/drive/MyDrive/Brain_Tumor_CNN_Project/dataset/Epic and CSCR hospital Dataset/Train/glioma/Te-gl_0236.jpg,glioma,1
/content/drive/MyDrive/Brain_Tumor_CNN_Project/dataset/Epic and CSCR hospital Dataset/Train/pituitary/Tr-pi_0740.jpg,pituitary,1
/content/drive/MyDrive/Brain_Tumor_CNN_Project/dataset/Epic and CSCR hospital Dataset/Train/pituitary/P_800_VF_.jpg,pituitary,1
/content/drive/MyDrive/Brain_Tumor_CNN_Project/dataset/Epic and CSCR hospital Dataset/Train/pituitary/P_762_SP_.jpg,pituitary,1
/content/drive/MyDrive/Brain_Tumor_CNN_Project/dataset/Epic and CSCR hospital Dataset/Train/meningioma/Tr-me_1235.jpg,meningioma,1
/content/drive/MyDrive/Brain_Tumor_CNN_Project/dataset/Epic and CSCR hospital Dataset/Train/pituitary/Tr-pi_0449.jpg,pituitary,1
/content/drive/MyDrive/Brain_Tumor_CNN_Project/dataset/Epic and CSCR hospital Dataset/Train/pituitary/Tr-pi_1149.jpg,pituitary,1
/content/drive/MyDrive/Brain_Tumor_CNN_Project/dataset/Epic and CSCR hospital Dataset/Train/glioma/Te-gl_0296.jpg,glioma,1
/content/drive/MyDrive/Brain_Tumor_CNN_Project/dataset/Epic and CSCR hospital Dataset/Train/glioma/G_833_VF_.jpg,glioma,1
/content/drive/MyDrive/Brain_Tumor_CNN_Project/dataset/Epic and CSCR hospital Dataset/Train/pituitary/P_817_SP_.jpg,pituitary,1
/content/drive/MyDrive/Brain_Tumor_CNN_Project/dataset/Epic and CSCR hospital Dataset/Train/glioma/G_781_VF_.jpg,glioma,1
/content/drive/MyDrive/Brain_Tumor_CNN_Project/dataset/Epic and CSCR hospital Dataset/Train/meningioma/m2 (172).jpg,meningioma,1
/content/drive/MyDrive/Brain_Tumor_CNN_Project/dataset/Epic and CSCR hospital Dataset/Train/notumor/Tr-no_0237.jpg,notumor,0
/content/drive/MyDrive/Brain_Tumor_CNN_Project/dataset/Epic and CSCR hospital Dataset/Train/meningioma/Tr-me_0402.jpg,meningioma,1
/content/drive/MyDrive/Brain_Tumor_CNN_Project/dataset/Epic and CSCR hospital Dataset/Train/notumor/N_431_VF_.jpg,notumor,0
/content/drive/MyDrive/Brain_Tumor_CNN_Project/dataset/Epic and CSCR hospital Dataset/Train/glioma/Tr-gl_0261.jpg,glioma,1
/content/drive/MyDrive/Brain_Tumor_CNN_Project/dataset/Epic and CSCR hospital Dataset/Train/pituitary/P_710.jpg,pituitary,1
/content/drive/MyDrive/Brain_Tumor_CNN_Project/dataset/Epic and CSCR hospital Dataset/Train/meningioma/Tr-me_0253.jpg,meningioma,1
/content/drive/MyDrive/Brain_Tumor_CNN_Project/dataset/Epic and CSCR hospital Dataset/Train/meningioma/m2 (131).jpg,meningioma,1
/content/drive/MyDrive/Brain_Tumor_CNN_Project/dataset/Epic and CSCR hospital Dataset/Train/notumor/Tr-no_0462.jpg,notumor,0
/content/drive/MyDrive/Brain_Tumor_CNN_Project/dataset/Epic and CSCR hospital Dataset/Train/glioma/G_758_RO_.jpg,glioma,1
/content/drive/MyDrive/Brain_Tumor_CNN_Project/dataset/Epic and CSCR hospital Dataset/Train/pituitary/Tr-pi_0752.jpg,pituitary,1
/content/drive/MyDrive/Brain_Tumor_CNN_Project/dataset/Epic and CSCR hospital Dataset/Train/glioma/Tr-gl_0383.jpg,glioma,1
/content/drive/MyDrive/Brain_Tumor_CNN_Project/dataset/Epic and CSCR hospital Dataset/Train/notumor/Te-no_0121.jpg,notumor,0
/content/drive/MyDrive/Brain_Tumor_CNN_Project/dataset/Epic and CSCR hospital Dataset/Train/pituitary/Tr-pi_0186.jpg,pituitary,1
/content/drive/MyDrive/Brain_Tumor_CNN_Project/dataset/Epic and CSCR hospital Dataset/Train/glioma/gg (537).jpg,glioma,1
/content/drive/MyDrive/Brain_Tumor_CNN_Project/dataset/Epic and CSCR hospital Dataset/Train/meningioma/Tr-me_0369.jpg,meningioma,1
/content/drive/MyDrive/Brain_Tumor_CNN_Project/dataset/Epic and CSCR hospital Dataset/Train/notumor/N_383_RO_.jpg,notumor,0
/content/drive/MyDrive/Brain_Tumor_CNN_Project/dataset/Epic and CSCR hospital Dataset/Train/meningioma/Tr-me_0445.jpg,meningioma,1
/content/drive/MyDrive/Brain_Tumor_CNN_Project/dataset/Epic and CSCR hospital Dataset/Train/meningioma/m2 (80).jpg,meningioma,1
/content/drive/MyDrive/Brain_Tumor_CNN_Project/dataset/Epic and CSCR hospital Dataset/Train/notumor/N_369.jpg,notumor,0
/content/drive/MyDrive/Brain_Tumor_CNN_Project/dataset/Epic and CSCR hospital Dataset/Train/glioma/Tr-gl_0334.jpg,glioma,1
/content/drive/MyDrive/Brain_Tumor_CNN_Project/dataset/Epic and CSCR hospital Dataset/Train/notumor/Te-no_0094.jpg,notumor,0
/content/drive/MyDrive/Brain_Tumor_CNN_Project/dataset/Epic and CSCR hospital Dataset/Train/pituitary/P_830_SP_.jpg,pituitary,1
/content/drive/MyDrive/Brain_Tumor_CNN_Project/dataset/Epic and CSCR hospital Dataset/Train/pituitary/Tr-pi_1154.jpg,pituitary,1
/content/drive/MyDrive/Brain_Tumor_CNN_Project/dataset/Epic and CSCR hospital Dataset/Train/pituitary/Tr-pi_0609.jpg,pituitary,1
/content/drive/MyDrive/Brain_Tumor_CNN_Project/dataset/Epic and CSCR hospital Dataset/Train/glioma/G_839_DA_.jpg,glioma,1
/content/drive/MyDrive/Brain_Tumor_CNN_Project/dataset/Epic and CSCR hospital Dataset/Train/pituitary/Tr-pi_1085.jpg,pituitary,1
/content/drive/MyDrive/Brain_Tumor_CNN_Project/dataset/Epic and CSCR hospital Dataset/Train/glioma/Te-gl_0285.jpg,glioma,1
/content/drive/MyDrive/Brain_Tumor_CNN_Project/dataset/Epic and CSCR hospital Dataset/Train/notumor/1857.jpg,notumor,0
/content/drive/MyDrive/Brain_Tumor_CNN_Project/dataset/Epic and CSCR hospital Dataset/Train/pituitary/P_823_SP_.jpg,pituitary,1
/content/drive/MyDrive/Brain_Tumor_CNN_Project/dataset/Epic and CSCR hospital Dataset/Train/notumor/Tr-no_0276.jpg,notumor,0
/content/drive/MyDrive/Brain_Tumor_CNN_Project/dataset/Epic and CSCR hospital Dataset/Train/meningioma/M_878_DA_.jpg,meningioma,1
/content/drive/MyDrive/Brain_Tumor_CNN_Project/dataset/Epic and CSCR hospital Dataset/Train/glioma/image(1).jpg,glioma,1
/content/drive/MyDrive/Brain_Tumor_CNN_Project/dataset/Epic and CSCR hospital Dataset/Train/glioma/G_890_HF_.jpg,glioma,1
/content/drive/MyDrive/Brain_Tumor_CNN_Project/dataset/Epic and CSCR hospital Dataset/Train/meningioma/Tr-me_0572.jpg,meningioma,1
/content/drive/MyDrive/Brain_Tumor_CNN_Project/dataset/Epic and CSCR hospital Dataset/Train/glioma/G_750.jpg,glioma,1
/content/drive/MyDrive/Brain_Tumor_CNN_Project/dataset/Epic and CSCR hospital Dataset/Train/pituitary/Tr-pi_0506.jpg,pituitary,1
/content/drive/MyDrive/Brain_Tumor_CNN_Project/dataset/Epic and CSCR hospital Dataset/Train/notumor/N_382_VF_.jpg,notumor,0
/content/drive/MyDrive/Brain_Tumor_CNN_Project/dataset/Epic and CSCR hospital Dataset/Train/meningioma/M_832_DA_.jpg,meningioma,1
/content/drive/MyDrive/Brain_Tumor_CNN_Project/dataset/Epic and CSCR hospital Dataset/Train/notumor/N_58_HF_.jpg,notumor,0
/content/drive/MyDrive/Brain_Tumor_CNN_Project/dataset/Epic and CSCR hospital Dataset/Train/glioma/G_738_HF_.jpg,glioma,1
/content/drive/MyDrive/Brain_Tumor_CNN_Project/dataset/Epic and CSCR hospital Dataset/Train/meningioma/Te-me_0098.jpg,meningioma,1
/content/drive/MyDrive/Brain_Tumor_CNN_Project/dataset/Epic and CSCR hospital Dataset/Train/notumor/N_370.jpg,notumor,0
/content/drive/MyDrive/Brain_Tumor_CNN_Project/dataset/Epic and CSCR hospital Dataset/Train/pituitary/Te-pi_0189.jpg,pituitary,1
/content/drive/MyDrive/Brain_Tumor_CNN_Project/dataset/Epic and CSCR hospital Dataset/Train/glioma/G_875_SP_.jpg,glioma,1
/content/drive/MyDrive/Brain_Tumor_CNN_Project/dataset/Epic and CSCR hospital Dataset/Train/glioma/Tr-gl_0078.jpg,glioma,1
/content/drive/MyDrive/Brain_Tumor_CNN_Project/dataset/Epic and CSCR hospital Dataset/Train/glioma/G_825_BR_.jpg,glioma,1
/content/drive/MyDrive/Brain_Tumor_CNN_Project/dataset/Epic and CSCR hospital Dataset/Train/notumor/1599.jpg,notumor,0
/content/drive/MyDrive/Brain_Tumor_CNN_Project/dataset/Epic and CSCR hospital Dataset/Train/meningioma/Tr-me_0844.jpg,meningioma,1
/content/drive/MyDrive/Brain_Tumor_CNN_Project/dataset/Epic and CSCR hospital Dataset/Train/notumor/Tr-no_0346.jpg,notumor,0
/content/drive/MyDrive/Brain_Tumor_CNN_Project/dataset/Epic and CSCR hospital Dataset/Train/notumor/Tr-no_0258.jpg,notumor,0
/content/drive/MyDrive/Brain_Tumor_CNN_Project/dataset/Epic and CSCR hospital Dataset/Train/pituitary/P_805_BR_.jpg,pituitary,1
/content/drive/MyDrive/Brain_Tumor_CNN_Project/dataset/Epic and CSCR hospital Dataset/Train/pituitary/Tr-pi_1029.jpg,pituitary,1
/content/drive/MyDrive/Brain_Tumor_CNN_Project/dataset/Epic and CSCR hospital Dataset/Train/meningioma/Tr-me_0145.jpg,meningioma,1
/content/drive/MyDrive/Brain_Tumor_CNN_Project/dataset/Epic and CSCR hospital Dataset/Train/pituitary/Tr-pi_0241.jpg,pituitary,1
/content/drive/MyDrive/Brain_Tumor_CNN_Project/dataset/Epic and CSCR hospital Dataset/Train/pituitary/P_810_SP_.jpg,pituitary,1
/content/drive/MyDrive/Brain_Tumor_CNN_Project/dataset/Epic and CSCR hospital Dataset/Train/pituitary/P_760_DA_.jpg,pituitary,1
/content/drive/MyDrive/Brain_Tumor_CNN_Project/dataset/Epic and CSCR hospital Dataset/Train/glioma/G_867_VF_.jpg,glioma,1
/content/drive/MyDrive/Brain_Tumor_CNN_Project/dataset/Epic and CSCR hospital Dataset/Train/notumor/1698.jpg,notumor,0
/content/drive/MyDrive/Brain_Tumor_CNN_Project/dataset/Epic and CSCR hospital Dataset/Train/notumor/N_46_BR_.jpg,notumor,0
/content/drive/MyDrive/Brain_Tumor_CNN_Project/dataset/Epic and CSCR hospital Dataset/Train/meningioma/M_826_DA_.jpg,meningioma,1
/content/drive/MyDrive/Brain_Tumor_CNN_Project/dataset/Epic and CSCR hospital Dataset/Train/notumor/Tr-no_0623.jpg,notumor,0
/content/drive/MyDrive/Brain_Tumor_CNN_Project/dataset/Epic and CSCR hospital Dataset/Train/pituitary/Te-pi_0045.jpg,pituitary,1
/content/drive/MyDrive/Brain_Tumor_CNN_Project/dataset/Epic and CSCR hospital Dataset/Train/notumor/1782.jpg,notumor,0
/content/drive/MyDrive/Brain_Tumor_CNN_Project/dataset/Epic and CSCR hospital Dataset/Train/pituitary/P_715_DA_.jpg,pituitary,1
/content/drive/MyDrive/Brain_Tumor_CNN_Project/dataset/Epic and CSCR hospital Dataset/Train/pituitary/p (505).jpg,pituitary,1
/content/drive/MyDrive/Brain_Tumor_CNN_Project/dataset/Epic and CSCR hospital Dataset/Train/meningioma/1367.jpg,meningioma,1
/content/drive/MyDrive/Brain_Tumor_CNN_Project/dataset/Epic and CSCR hospital Dataset/Train/notumor/Te-no_0232.jpg,notumor,0
/content/drive/MyDrive/Brain_Tumor_CNN_Project/dataset/Epic and CSCR hospital Dataset/Train/glioma/G_829_SP_.jpg,glioma,1
/content/drive/MyDrive/Brain_Tumor_CNN_Project/dataset/Epic and CSCR hospital Dataset/Train/meningioma/Tr-me_1005.jpg,meningioma,1
/content/drive/MyDrive/Brain_Tumor_CNN_Project/dataset/Epic and CSCR hospital Dataset/Train/meningioma/1319.jpg,meningioma,1
/content/drive/MyDrive/Brain_Tumor_CNN_Project/dataset/Epic and CSCR hospital Dataset/Train/notumor/N_379_SP_.jpg,notumor,0
/content/drive/MyDrive/Brain_Tumor_CNN_Project/dataset/Epic and CSCR hospital Dataset/Train/notumor/Te-no_0273.jpg,notumor,0
/content/drive/MyDrive/Brain_Tumor_CNN_Project/dataset/Epic and CSCR hospital Dataset/Train/meningioma/Tr-me_0085.jpg,meningioma,1
/content/drive/MyDrive/Brain_Tumor_CNN_Project/dataset/Epic and CSCR hospital Dataset/Train/pituitary/Tr-pi_1165.jpg,pituitary,1
/content/drive/MyDrive/Brain_Tumor_CNN_Project/dataset/Epic and CSCR hospital Dataset/Train/meningioma/Tr-me_1233.jpg,meningioma,1
/content/drive/MyDrive/Brain_Tumor_CNN_Project/dataset/Epic and CSCR hospital Dataset/Train/notumor/N_377.jpg,notumor,0
/content/drive/MyDrive/Brain_Tumor_CNN_Project/dataset/Epic and CSCR hospital Dataset/Train/pituitary/P_760_VF_.jpg,pituitary,1
/content/drive/MyDrive/Brain_Tumor_CNN_Project/dataset/Epic and CSCR hospital Dataset/Train/glioma/Tr-gl_0379.jpg,glioma,1
/content/drive/MyDrive/Brain_Tumor_CNN_Project/dataset/Epic and CSCR hospital Dataset/Train/glioma/Te-gl_0171.jpg,glioma,1
/content/drive/MyDrive/Brain_Tumor_CNN_Project/dataset/Epic and CSCR hospital Dataset/Train/notumor/Tr-no_0361.jpg,notumor,0
/content/drive/MyDrive/Brain_Tumor_CNN_Project/dataset/Epic and CSCR hospital Dataset/Train/notumor/Tr-no_0591.jpg,notumor,0
/content/drive/MyDrive/Brain_Tumor_CNN_Project/dataset/Epic and CSCR hospital Dataset/Train/notumor/Tr-no_0279.jpg,notumor,0
/content/drive/MyDrive/Brain_Tumor_CNN_Project/dataset/Epic and CSCR hospital Dataset/Train/glioma/G_830_SP_.jpg,glioma,1
/content/drive/MyDrive/Brain_Tumor_CNN_Project/dataset/Epic and CSCR hospital Dataset/Train/meningioma/Tr-me_1100.jpg,meningioma,1
/content/drive/MyDrive/Brain_Tumor_CNN_Project/dataset/Epic and CSCR hospital Dataset/Train/glioma/G_707_SP_.jpg,glioma,1
/content/drive/MyDrive/Brain_Tumor_CNN_Project/dataset/Epic and CSCR hospital Dataset/Train/glioma/Tr-gl_0375.jpg,glioma,1
/content/drive/MyDrive/Brain_Tumor_CNN_Project/dataset/Epic and CSCR hospital Dataset/Train/pituitary/P_809_BR_.jpg,pituitary,1
/content/drive/MyDrive/Brain_Tumor_CNN_Project/dataset/Epic and CSCR hospital Dataset/Train/pituitary/P_734_HF_.jpg,pituitary,1
/content/drive/MyDrive/Brain_Tumor_CNN_Project/dataset/Epic and CSCR hospital Dataset/Train/glioma/G_789.jpg,glioma,1
/content/drive/MyDrive/Brain_Tumor_CNN_Project/dataset/Epic and CSCR hospital Dataset/Train/meningioma/Tr-me_0545.jpg,meningioma,1
/content/drive/MyDrive/Brain_Tumor_CNN_Project/dataset/Epic and CSCR hospital Dataset/Train/notumor/Tr-no_0422.jpg,notumor,0
/content/drive/MyDrive/Brain_Tumor_CNN_Project/dataset/Epic and CSCR hospital Dataset/Train/notumor/N_382_HF_.jpg,notumor,0
/content/drive/MyDrive/Brain_Tumor_CNN_Project/dataset/Epic and CSCR hospital Dataset/Train/pituitary/Tr-pi_1353.jpg,pituitary,1
/content/drive/MyDrive/Brain_Tumor_CNN_Project/dataset/Epic and CSCR hospital Dataset/Train/meningioma/M_842_RO_.jpg,meningioma,1
/content/drive/MyDrive/Brain_Tumor_CNN_Project/dataset/Epic and CSCR hospital Dataset/Train/meningioma/Tr-me_0113.jpg,meningioma,1
/content/drive/MyDrive/Brain_Tumor_CNN_Project/dataset/Epic and CSCR hospital Dataset/Train/pituitary/1198.jpg,pituitary,1
/content/drive/MyDrive/Brain_Tumor_CNN_Project/dataset/Epic and CSCR hospital Dataset/Train/glioma/Tr-gl_0369.jpg,glioma,1
/content/drive/MyDrive/Brain_Tumor_CNN_Project/dataset/Epic and CSCR hospital Dataset/Train/notumor/Tr-no_0350.jpg,notumor,0
/content/drive/MyDrive/Brain_Tumor_CNN_Project/dataset/Epic and CSCR hospital Dataset/Train/glioma/Tr-gl_1266.jpg,glioma,1
/content/drive/MyDrive/Brain_Tumor_CNN_Project/dataset/Epic and CSCR hospital Dataset/Train/pituitary/Te-pi_0206.jpg,pituitary,1
/content/drive/MyDrive/Brain_Tumor_CNN_Project/dataset/Epic and CSCR hospital Dataset/Train/meningioma/Tr-me_0204.jpg,meningioma,1
/content/drive/MyDrive/Brain_Tumor_CNN_Project/dataset/Epic and CSCR hospital Dataset/Train/meningioma/Tr-me_1185.jpg,meningioma,1
/content/drive/MyDrive/Brain_Tumor_CNN_Project/dataset/Epic and CSCR hospital Dataset/Train/glioma/gg (566).jpg,glioma,1
/content/drive/MyDrive/Brain_Tumor_CNN_Project/dataset/Epic and CSCR hospital Dataset/Train/meningioma/M_874_RO_.jpg,meningioma,1
/content/drive/MyDrive/Brain_Tumor_CNN_Project/dataset/Epic and CSCR hospital Dataset/Train/glioma/Tr-gl_0827.jpg,glioma,1
/content/drive/MyDrive/Brain_Tumor_CNN_Project/dataset/Epic and CSCR hospital Dataset/Train/meningioma/Te-me_0122.jpg,meningioma,1
/content/drive/MyDrive/Brain_Tumor_CNN_Project/dataset/Epic and CSCR hospital Dataset/Train/pituitary/P_791_DA_.jpg,pituitary,1
/content/drive/MyDrive/Brain_Tumor_CNN_Project/dataset/Epic and CSCR hospital Dataset/Train/notumor/Te-no_0173.jpg,notumor,0
/content/drive/MyDrive/Brain_Tumor_CNN_Project/dataset/Epic and CSCR hospital Dataset/Train/glioma/Tr-gl_0291.jpg,glioma,1
/content/drive/MyDrive/Brain_Tumor_CNN_Project/dataset/Epic and CSCR hospital Dataset/Train/notumor/Tr-no_0196.jpg,notumor,0
/content/drive/MyDrive/Brain_Tumor_CNN_Project/dataset/Epic and CSCR hospital Dataset/Train/meningioma/M_848_SP_.jpg,meningioma,1
/content/drive/MyDrive/Brain_Tumor_CNN_Project/dataset/Epic and CSCR hospital Dataset/Train/meningioma/Tr-me_0948.jpg,meningioma,1
/content/drive/MyDrive/Brain_Tumor_CNN_Project/dataset/Epic and CSCR hospital Dataset/Train/pituitary/P_797_BR_.jpg,pituitary,1
/content/drive/MyDrive/Brain_Tumor_CNN_Project/dataset/Epic and CSCR hospital Dataset/Train/glioma/Tr-gl_0518.jpg,glioma,1
/content/drive/MyDrive/Brain_Tumor_CNN_Project/dataset/Epic and CSCR hospital Dataset/Train/pituitary/1188.jpg,pituitary,1
/content/drive/MyDrive/Brain_Tumor_CNN_Project/dataset/Epic and CSCR hospital Dataset/Train/glioma/image(30).jpg,glioma,1
/content/drive/MyDrive/Brain_Tumor_CNN_Project/dataset/Epic and CSCR hospital Dataset/Train/glioma/G_843_SP_.jpg,glioma,1
/content/drive/MyDrive/Brain_Tumor_CNN_Project/dataset/Epic and CSCR hospital Dataset/Train/pituitary/Tr-pi_1152.jpg,pituitary,1
/content/drive/MyDrive/Brain_Tumor_CNN_Project/dataset/Epic and CSCR hospital Dataset/Train/notumor/N_408_RO_.jpg,notumor,0
/content/drive/MyDrive/Brain_Tumor_CNN_Project/dataset/Epic and CSCR hospital Dataset/Train/meningioma/Tr-me_1262.jpg,meningioma,1
/content/drive/MyDrive/Brain_Tumor_CNN_Project/dataset/Epic and CSCR hospital Dataset/Train/pituitary/Tr-pi_0638.jpg,pituitary,1
/content/drive/MyDrive/Brain_Tumor_CNN_Project/dataset/Epic and CSCR hospital Dataset/Train/meningioma/Tr-me_0501.jpg,meningioma,1
/content/drive/MyDrive/Brain_Tumor_CNN_Project/dataset/Epic and CSCR hospital Dataset/Train/glioma/Tr-gl_1026.jpg,glioma,1
/content/drive/MyDrive/Brain_Tumor_CNN_Project/dataset/Epic and CSCR hospital Dataset/Train/glioma/G_768_VF_.jpg,glioma,1
/content/drive/MyDrive/Brain_Tumor_CNN_Project/dataset/Epic and CSCR hospital Dataset/Train/meningioma/Tr-me_1286.jpg,meningioma,1
/content/drive/MyDrive/Brain_Tumor_CNN_Project/dataset/Epic and CSCR hospital Dataset/Train/meningioma/Te-me_0086.jpg,meningioma,1
/content/drive/MyDrive/Brain_Tumor_CNN_Project/dataset/Epic and CSCR hospital Dataset/Train/pituitary/Tr-pi_1000.jpg,pituitary,1
/content/drive/MyDrive/Brain_Tumor_CNN_Project/dataset/Epic and CSCR hospital Dataset/Train/glioma/Tr-gl_0690.jpg,glioma,1
/content/drive/MyDrive/Brain_Tumor_CNN_Project/dataset/Epic and CSCR hospital Dataset/Train/meningioma/m1(82).jpg,meningioma,1
/content/drive/MyDrive/Brain_Tumor_CNN_Project/dataset/Epic and CSCR hospital Dataset/Train/glioma/G_857_HF_.jpg,glioma,1
/content/drive/MyDrive/Brain_Tumor_CNN_Project/dataset/Epic and CSCR hospital Dataset/Train/notumor/N_424_RO_.jpg,notumor,0
/content/drive/MyDrive/Brain_Tumor_CNN_Project/dataset/Epic and CSCR hospital Dataset/Train/pituitary/Tr-pi_0280.jpg,pituitary,1
/content/drive/MyDrive/Brain_Tumor_CNN_Project/dataset/Epic and CSCR hospital Dataset/Train/glioma/G_857.jpg,glioma,1
/content/drive/MyDrive/Brain_Tumor_CNN_Project/dataset/Epic and CSCR hospital Dataset/Train/notumor/1868.jpg,notumor,0
/content/drive/MyDrive/Brain_Tumor_CNN_Project/dataset/Epic and CSCR hospital Dataset/Train/glioma/G_774.jpg,glioma,1
/content/drive/MyDrive/Brain_Tumor_CNN_Project/dataset/Epic and CSCR hospital Dataset/Train/notumor/1593.jpg,notumor,0
/content/drive/MyDrive/Brain_Tumor_CNN_Project/dataset/Epic and CSCR hospital Dataset/Train/pituitary/Tr-pi_0720.jpg,pituitary,1
/content/drive/MyDrive/Brain_Tumor_CNN_Project/dataset/Epic and CSCR hospital Dataset/Train/notumor/N_408_VF_.jpg,notumor,0
/content/drive/MyDrive/Brain_Tumor_CNN_Project/dataset/Epic and CSCR hospital Dataset/Train/glioma/G_836_BR_.jpg,glioma,1
/content/drive/MyDrive/Brain_Tumor_CNN_Project/dataset/Epic and CSCR hospital Dataset/Train/pituitary/P_706.jpg,pituitary,1
/content/drive/MyDrive/Brain_Tumor_CNN_Project/dataset/Epic and CSCR hospital Dataset/Train/pituitary/Tr-pi_0430.jpg,pituitary,1
/content/drive/MyDrive/Brain_Tumor_CNN_Project/dataset/Epic and CSCR hospital Dataset/Train/notumor/1814.jpg,notumor,0
/content/drive/MyDrive/Brain_Tumor_CNN_Project/dataset/Epic and CSCR hospital Dataset/Train/meningioma/Tr-me_0109.jpg,meningioma,1
/content/drive/MyDrive/Brain_Tumor_CNN_Project/dataset/Epic and CSCR hospital Dataset/Train/meningioma/m2 (69).jpg,meningioma,1
/content/drive/MyDrive/Brain_Tumor_CNN_Project/dataset/Epic and CSCR hospital Dataset/Train/notumor/Tr-no_0233.jpg,notumor,0
/content/drive/MyDrive/Brain_Tumor_CNN_Project/dataset/Epic and CSCR hospital Dataset/Train/glioma/Tr-gl_0066.jpg,glioma,1
/content/drive/MyDrive/Brain_Tumor_CNN_Project/dataset/Epic and CSCR hospital Dataset/Train/glioma/gg (644).jpg,glioma,1
/content/drive/MyDrive/Brain_Tumor_CNN_Project/dataset/Epic and CSCR hospital Dataset/Train/glioma/G_824_VF_.jpg,glioma,1
/content/drive/MyDrive/Brain_Tumor_CNN_Project/dataset/Epic and CSCR hospital Dataset/Train/glioma/Tr-gl_0273.jpg,glioma,1
/content/drive/MyDrive/Brain_Tumor_CNN_Project/dataset/Epic and CSCR hospital Dataset/Train/meningioma/Tr-me_1208.jpg,meningioma,1
/content/drive/MyDrive/Brain_Tumor_CNN_Project/dataset/Epic and CSCR hospital Dataset/Train/glioma/G_723_SP_.jpg,glioma,1
/content/drive/MyDrive/Brain_Tumor_CNN_Project/dataset/Epic and CSCR hospital Dataset/Train/notumor/N6.jpg,notumor,0
/content/drive/MyDrive/Brain_Tumor_CNN_Project/dataset/Epic and CSCR hospital Dataset/Train/notumor/1595.jpg,notumor,0
/content/drive/MyDrive/Brain_Tumor_CNN_Project/dataset/Epic and CSCR hospital Dataset/Train/pituitary/Tr-pi_0128.jpg,pituitary,1
/content/drive/MyDrive/Brain_Tumor_CNN_Project/dataset/Epic and CSCR hospital Dataset/Train/notumor/1829.jpg,notumor,0
/content/drive/MyDrive/Brain_Tumor_CNN_Project/dataset/Epic and CSCR hospital Dataset/Train/notumor/N_390.jpg,notumor,0
/content/drive/MyDrive/Brain_Tumor_CNN_Project/dataset/Epic and CSCR hospital Dataset/Train/glioma/Te-gl_0105.jpg,glioma,1
/content/drive/MyDrive/Brain_Tumor_CNN_Project/dataset/Epic and CSCR hospital Dataset/Train/meningioma/Tr-me_0120.jpg,meningioma,1
/content/drive/MyDrive/Brain_Tumor_CNN_Project/dataset/Epic and CSCR hospital Dataset/Train/notumor/1809.jpg,notumor,0
/content/drive/MyDrive/Brain_Tumor_CNN_Project/dataset/Epic and CSCR hospital Dataset/Train/glioma/gg (449).jpg,glioma,1
/content/drive/MyDrive/Brain_Tumor_CNN_Project/dataset/Epic and CSCR hospital Dataset/Train/meningioma/Tr-me_0278.jpg,meningioma,1
/content/drive/MyDrive/Brain_Tumor_CNN_Project/dataset/Epic and CSCR hospital Dataset/Train/glioma/Te-gl_0069.jpg,glioma,1
/content/drive/MyDrive/Brain_Tumor_CNN_Project/dataset/Epic and CSCR hospital Dataset/Train/glioma/G_728_RO_.jpg,glioma,1
/content/drive/MyDrive/Brain_Tumor_CNN_Project/dataset/Epic and CSCR hospital Dataset/Train/pituitary/P_801_HF_.jpg,pituitary,1
/content/drive/MyDrive/Brain_Tumor_CNN_Project/dataset/Epic and CSCR hospital Dataset/Train/glioma/Te-gl_0261.jpg,glioma,1
/content/drive/MyDrive/Brain_Tumor_CNN_Project/dataset/Epic and CSCR hospital Dataset/Train/notumor/Te-no_0172.jpg,notumor,0
/content/drive/MyDrive/Brain_Tumor_CNN_Project/dataset/Epic and CSCR hospital Dataset/Train/glioma/G_797_DA_.jpg,glioma,1
/content/drive/MyDrive/Brain_Tumor_CNN_Project/dataset/Epic and CSCR hospital Dataset/Train/meningioma/m3 (117).jpg,meningioma,1
/content/drive/MyDrive/Brain_Tumor_CNN_Project/dataset/Epic and CSCR hospital Dataset/Train/pituitary/Tr-pi_0276.jpg,pituitary,1
/content/drive/MyDrive/Brain_Tumor_CNN_Project/dataset/Epic and CSCR hospital Dataset/Train/pituitary/Tr-pi_0210.jpg,pituitary,1
/content/drive/MyDrive/Brain_Tumor_CNN_Project/dataset/Epic and CSCR hospital Dataset/Train/meningioma/M_839.jpg,meningioma,1
/content/drive/MyDrive/Brain_Tumor_CNN_Project/dataset/Epic and CSCR hospital Dataset/Train/glioma/G_821_HF_.jpg,glioma,1
/content/drive/MyDrive/Brain_Tumor_CNN_Project/dataset/Epic and CSCR hospital Dataset/Train/pituitary/Tr-pi_0350.jpg,pituitary,1
/content/drive/MyDrive/Brain_Tumor_CNN_Project/dataset/Epic and CSCR hospital Dataset/Train/notumor/1694.jpg,notumor,0
/content/drive/MyDrive/Brain_Tumor_CNN_Project/dataset/Epic and CSCR hospital Dataset/Train/notumor/Tr-no_0329.jpg,notumor,0
/content/drive/MyDrive/Brain_Tumor_CNN_Project/dataset/Epic and CSCR hospital Dataset/Train/meningioma/Te-me_0296.jpg,meningioma,1
/content/drive/MyDrive/Brain_Tumor_CNN_Project/dataset/Epic and CSCR hospital Dataset/Train/pituitary/Te-pi_0018.jpg,pituitary,1
/content/drive/MyDrive/Brain_Tumor_CNN_Project/dataset/Epic and CSCR hospital Dataset/Train/glioma/G_721_SP_.jpg,glioma,1
/content/drive/MyDrive/Brain_Tumor_CNN_Project/dataset/Epic and CSCR hospital Dataset/Train/meningioma/Tr-me_0817.jpg,meningioma,1
/content/drive/MyDrive/Brain_Tumor_CNN_Project/dataset/Epic and CSCR hospital Dataset/Train/glioma/Tr-gl_0096.jpg,glioma,1
/content/drive/MyDrive/Brain_Tumor_CNN_Project/dataset/Epic and CSCR hospital Dataset/Train/meningioma/M_828_DA_.jpg,meningioma,1
/content/drive/MyDrive/Brain_Tumor_CNN_Project/dataset/Epic and CSCR hospital Dataset/Train/meningioma/Te-me_0139.jpg,meningioma,1
/content/drive/MyDrive/Brain_Tumor_CNN_Project/dataset/Epic and CSCR hospital Dataset/Train/notumor/Tr-no_0345.jpg,notumor,0
/content/drive/MyDrive/Brain_Tumor_CNN_Project/dataset/Epic and CSCR hospital Dataset/Train/glioma/G_812_SP_.jpg,glioma,1
/content/drive/MyDrive/Brain_Tumor_CNN_Project/dataset/Epic and CSCR hospital Dataset/Train/meningioma/M_843_HF_.jpg,meningioma,1
/content/drive/MyDrive/Brain_Tumor_CNN_Project/dataset/Epic and CSCR hospital Dataset/Train/meningioma/Tr-me_0355.jpg,meningioma,1
/content/drive/MyDrive/Brain_Tumor_CNN_Project/dataset/Epic and CSCR hospital Dataset/Train/pituitary/Tr-pi_0957.jpg,pituitary,1
/content/drive/MyDrive/Brain_Tumor_CNN_Project/dataset/Epic and CSCR hospital Dataset/Train/notumor/Tr-no_0602.jpg,notumor,0
/content/drive/MyDrive/Brain_Tumor_CNN_Project/dataset/Epic and CSCR hospital Dataset/Train/notumor/N_374.jpg,notumor,0
/content/drive/MyDrive/Brain_Tumor_CNN_Project/dataset/Epic and CSCR hospital Dataset/Train/glioma/G_824_HF_.jpg,glioma,1
/content/drive/MyDrive/Brain_Tumor_CNN_Project/dataset/Epic and CSCR hospital Dataset/Train/glioma/Tr-gl_1154.jpg,glioma,1
/content/drive/MyDrive/Brain_Tumor_CNN_Project/dataset/Epic and CSCR hospital Dataset/Train/glioma/G_719.jpg,glioma,1
/content/drive/MyDrive/Brain_Tumor_CNN_Project/dataset/Epic and CSCR hospital Dataset/Train/pituitary/P_730_SP_.jpg,pituitary,1
/content/drive/MyDrive/Brain_Tumor_CNN_Project/dataset/Epic and CSCR hospital Dataset/Train/pituitary/P_781_HF_.jpg,pituitary,1
/content/drive/MyDrive/Brain_Tumor_CNN_Project/dataset/Epic and CSCR hospital Dataset/Train/notumor/Te-no_0083.jpg,notumor,0
/content/drive/MyDrive/Brain_Tumor_CNN_Project/dataset/Epic and CSCR hospital Dataset/Train/notumor/image(141) - Copy.jpg,notumor,0
/content/drive/MyDrive/Brain_Tumor_CNN_Project/dataset/Epic and CSCR hospital Dataset/Train/pituitary/P_802.jpg,pituitary,1
/content/drive/MyDrive/Brain_Tumor_CNN_Project/dataset/Epic and CSCR hospital Dataset/Train/meningioma/Tr-me_0273.jpg,meningioma,1
/content/drive/MyDrive/Brain_Tumor_CNN_Project/dataset/Epic and CSCR hospital Dataset/Train/glioma/Te-gl_0222.jpg,glioma,1
/content/drive/MyDrive/Brain_Tumor_CNN_Project/dataset/Epic and CSCR hospital Dataset/Train/glioma/G_825_RO_.jpg,glioma,1
/content/drive/MyDrive/Brain_Tumor_CNN_Project/dataset/Epic and CSCR hospital Dataset/Train/pituitary/Tr-pi_0132.jpg,pituitary,1
/content/drive/MyDrive/Brain_Tumor_CNN_Project/dataset/Epic and CSCR hospital Dataset/Train/glioma/G_841_VF_.jpg,glioma,1
/content/drive/MyDrive/Brain_Tumor_CNN_Project/dataset/Epic and CSCR hospital Dataset/Train/notumor/Tr-no_0155.jpg,notumor,0
/content/drive/MyDrive/Brain_Tumor_CNN_Project/dataset/Epic and CSCR hospital Dataset/Train/glioma/Tr-gl_0542.jpg,glioma,1
/content/drive/MyDrive/Brain_Tumor_CNN_Project/dataset/Epic and CSCR hospital Dataset/Train/glioma/Tr-gl_0830.jpg,glioma,1
/content/drive/MyDrive/Brain_Tumor_CNN_Project/dataset/Epic and CSCR hospital Dataset/Train/meningioma/Tr-me_0457.jpg,meningioma,1
/content/drive/MyDrive/Brain_Tumor_CNN_Project/dataset/Epic and CSCR hospital Dataset/Train/glioma/G_738_RO_.jpg,glioma,1
/content/drive/MyDrive/Brain_Tumor_CNN_Project/dataset/Epic and CSCR hospital Dataset/Train/glioma/gg (409).jpg,glioma,1
/content/drive/MyDrive/Brain_Tumor_CNN_Project/dataset/Epic and CSCR hospital Dataset/Train/notumor/Tr-no_0257.jpg,notumor,0
/content/drive/MyDrive/Brain_Tumor_CNN_Project/dataset/Epic and CSCR hospital Dataset/Train/glioma/G_886.jpg,glioma,1
/content/drive/MyDrive/Brain_Tumor_CNN_Project/dataset/Epic and CSCR hospital Dataset/Train/glioma/G_870_DA_.jpg,glioma,1
/content/drive/MyDrive/Brain_Tumor_CNN_Project/dataset/Epic and CSCR hospital Dataset/Train/meningioma/m1(97).jpg,meningioma,1
/content/drive/MyDrive/Brain_Tumor_CNN_Project/dataset/Epic and CSCR hospital Dataset/Train/glioma/G_829_HF_.jpg,glioma,1
/content/drive/MyDrive/Brain_Tumor_CNN_Project/dataset/Epic and CSCR hospital Dataset/Train/meningioma/Tr-me_0571.jpg,meningioma,1
/content/drive/MyDrive/Brain_Tumor_CNN_Project/dataset/Epic and CSCR hospital Dataset/Train/glioma/G_806_DA_.jpg,glioma,1
/content/drive/MyDrive/Brain_Tumor_CNN_Project/dataset/Epic and CSCR hospital Dataset/Train/glioma/Tr-gl_0240.jpg,glioma,1
/content/drive/MyDrive/Brain_Tumor_CNN_Project/dataset/Epic and CSCR hospital Dataset/Train/glioma/Te-gl_0135.jpg,glioma,1
/content/drive/MyDrive/Brain_Tumor_CNN_Project/dataset/Epic and CSCR hospital Dataset/Train/meningioma/Tr-me_0514.jpg,meningioma,1
/content/drive/MyDrive/Brain_Tumor_CNN_Project/dataset/Epic and CSCR hospital Dataset/Train/meningioma/Te-me_0070.jpg,meningioma,1
/content/drive/MyDrive/Brain_Tumor_CNN_Project/dataset/Epic and CSCR hospital Dataset/Train/notumor/Te-no_0222.jpg,notumor,0
/content/drive/MyDrive/Brain_Tumor_CNN_Project/dataset/Epic and CSCR hospital Dataset/Train/glioma/Tr-gl_0945.jpg,glioma,1
/content/drive/MyDrive/Brain_Tumor_CNN_Project/dataset/Epic and CSCR hospital Dataset/Train/notumor/1767.jpg,notumor,0
/content/drive/MyDrive/Brain_Tumor_CNN_Project/dataset/Epic and CSCR hospital Dataset/Train/notumor/Tr-no_0327.jpg,notumor,0
/content/drive/MyDrive/Brain_Tumor_CNN_Project/dataset/Epic and CSCR hospital Dataset/Train/pituitary/Tr-pi_0342.jpg,pituitary,1
/content/drive/MyDrive/Brain_Tumor_CNN_Project/dataset/Epic and CSCR hospital Dataset/Train/glioma/G_882_RO_.jpg,glioma,1
/content/drive/MyDrive/Brain_Tumor_CNN_Project/dataset/Epic and CSCR hospital Dataset/Train/notumor/1690.jpg,notumor,0
/content/drive/MyDrive/Brain_Tumor_CNN_Project/dataset/Epic and CSCR hospital Dataset/Train/notumor/N_44_DA_.jpg,notumor,0
/content/drive/MyDrive/Brain_Tumor_CNN_Project/dataset/Epic and CSCR hospital Dataset/Train/pituitary/P_731.jpg,pituitary,1
/content/drive/MyDrive/Brain_Tumor_CNN_Project/dataset/Epic and CSCR hospital Dataset/Train/glioma/G_760_BR_.jpg,glioma,1
/content/drive/MyDrive/Brain_Tumor_CNN_Project/dataset/Epic and CSCR hospital Dataset/Train/meningioma/Tr-me_0158.jpg,meningioma,1
/content/drive/MyDrive/Brain_Tumor_CNN_Project/dataset/Epic and CSCR hospital Dataset/Train/notumor/1751.jpg,notumor,0
/content/drive/MyDrive/Brain_Tumor_CNN_Project/dataset/Epic and CSCR hospital Dataset/Train/meningioma/m2 (70).jpg,meningioma,1
/content/drive/MyDrive/Brain_Tumor_CNN_Project/dataset/Epic and CSCR hospital Dataset/Train/pituitary/P_728_RO_.jpg,pituitary,1
/content/drive/MyDrive/Brain_Tumor_CNN_Project/dataset/Epic and CSCR hospital Dataset/Train/glioma/G_776_HF_.jpg,glioma,1
/content/drive/MyDrive/Brain_Tumor_CNN_Project/dataset/Epic and CSCR hospital Dataset/Train/meningioma/Tr-me_0405.jpg,meningioma,1
/content/drive/MyDrive/Brain_Tumor_CNN_Project/dataset/Epic and CSCR hospital Dataset/Train/pituitary/P_74_RO_.jpg,pituitary,1
/content/drive/MyDrive/Brain_Tumor_CNN_Project/dataset/Epic and CSCR hospital Dataset/Train/glioma/image(58).jpg,glioma,1
/content/drive/MyDrive/Brain_Tumor_CNN_Project/dataset/Epic and CSCR hospital Dataset/Train/pituitary/Tr-pi_0303.jpg,pituitary,1
/content/drive/MyDrive/Brain_Tumor_CNN_Project/dataset/Epic and CSCR hospital Dataset/Train/notumor/Te-no_0312.jpg,notumor,0
/content/drive/MyDrive/Brain_Tumor_CNN_Project/dataset/Epic and CSCR hospital Dataset/Train/meningioma/M_848_BR_.jpg,meningioma,1
/content/drive/MyDrive/Brain_Tumor_CNN_Project/dataset/Epic and CSCR hospital Dataset/Train/pituitary/P_810_HF_.jpg,pituitary,1
/content/drive/MyDrive/Brain_Tumor_CNN_Project/dataset/Epic and CSCR hospital Dataset/Train/glioma/gg (426).jpg,glioma,1
/content/drive/MyDrive/Brain_Tumor_CNN_Project/dataset/Epic and CSCR hospital Dataset/Train/meningioma/Te-me_0190.jpg,meningioma,1
/content/drive/MyDrive/Brain_Tumor_CNN_Project/dataset/Epic and CSCR hospital Dataset/Train/meningioma/Tr-me_1083.jpg,meningioma,1
/content/drive/MyDrive/Brain_Tumor_CNN_Project/dataset/Epic and CSCR hospital Dataset/Train/notumor/Te-no_0203.jpg,notumor,0
/content/drive/MyDrive/Brain_Tumor_CNN_Project/dataset/Epic and CSCR hospital Dataset/Train/glioma/Tr-gl_0119.jpg,glioma,1
/content/drive/MyDrive/Brain_Tumor_CNN_Project/dataset/Epic and CSCR hospital Dataset/Train/meningioma/m3 (156).jpg,meningioma,1
/content/drive/MyDrive/Brain_Tumor_CNN_Project/dataset/Epic and CSCR hospital Dataset/Train/pituitary/Tr-pi_0451.jpg,pituitary,1
/content/drive/MyDrive/Brain_Tumor_CNN_Project/dataset/Epic and CSCR hospital Dataset/Train/pituitary/Tr-pi_1073.jpg,pituitary,1
/content/drive/MyDrive/Brain_Tumor_CNN_Project/dataset/Epic and CSCR hospital Dataset/Train/meningioma/M_851_RO_.jpg,meningioma,1
/content/drive/MyDrive/Brain_Tumor_CNN_Project/dataset/Epic and CSCR hospital Dataset/Train/meningioma/Te-me_0102.jpg,meningioma,1
/content/drive/MyDrive/Brain_Tumor_CNN_Project/dataset/Epic and CSCR hospital Dataset/Train/meningioma/Tr-me_1004.jpg,meningioma,1
/content/drive/MyDrive/Brain_Tumor_CNN_Project/dataset/Epic and CSCR hospital Dataset/Train/pituitary/Tr-pi_1370.jpg,pituitary,1
/content/drive/MyDrive/Brain_Tumor_CNN_Project/dataset/Epic and CSCR hospital Dataset/Train/meningioma/Tr-me_1139.jpg,meningioma,1
/content/drive/MyDrive/Brain_Tumor_CNN_Project/dataset/Epic and CSCR hospital Dataset/Train/glioma/G_830_BR_.jpg,glioma,1
/content/drive/MyDrive/Brain_Tumor_CNN_Project/dataset/Epic and CSCR hospital Dataset/Train/pituitary/P_782_DA_.jpg,pituitary,1
/content/drive/MyDrive/Brain_Tumor_CNN_Project/dataset/Epic and CSCR hospital Dataset/Train/glioma/G_770_DA_.jpg,glioma,1
/content/drive/MyDrive/Brain_Tumor_CNN_Project/dataset/Epic and CSCR hospital Dataset/Train/pituitary/P_781_DA_.jpg,pituitary,1
/content/drive/MyDrive/Brain_Tumor_CNN_Project/dataset/Epic and CSCR hospital Dataset/Train/glioma/Tr-gl_0314.jpg,glioma,1
/content/drive/MyDrive/Brain_Tumor_CNN_Project/dataset/Epic and CSCR hospital Dataset/Train/glioma/G_826_HF_.jpg,glioma,1
/content/drive/MyDrive/Brain_Tumor_CNN_Project/dataset/Epic and CSCR hospital Dataset/Train/glioma/Te-gl_0252.jpg,glioma,1
/content/drive/MyDrive/Brain_Tumor_CNN_Project/dataset/Epic and CSCR hospital Dataset/Train/glioma/G_800_RO_.jpg,glioma,1
/content/drive/MyDrive/Brain_Tumor_CNN_Project/dataset/Epic and CSCR hospital Dataset/Train/notumor/Tr-no_0357.jpg,notumor,0
/content/drive/MyDrive/Brain_Tumor_CNN_Project/dataset/Epic and CSCR hospital Dataset/Train/meningioma/Tr-me_0764.jpg,meningioma,1
/content/drive/MyDrive/Brain_Tumor_CNN_Project/dataset/Epic and CSCR hospital Dataset/Train/meningioma/M_846_BR_.jpg,meningioma,1
/content/drive/MyDrive/Brain_Tumor_CNN_Project/dataset/Epic and CSCR hospital Dataset/Train/glioma/Tr-gl_0354.jpg,glioma,1
/content/drive/MyDrive/Brain_Tumor_CNN_Project/dataset/Epic and CSCR hospital Dataset/Train/notumor/Tr-no_0159.jpg,notumor,0
/content/drive/MyDrive/Brain_Tumor_CNN_Project/dataset/Epic and CSCR hospital Dataset/Train/pituitary/Tr-pi_0368.jpg,pituitary,1
/content/drive/MyDrive/Brain_Tumor_CNN_Project/dataset/Epic and CSCR hospital Dataset/Train/pituitary/Tr-pi_1202.jpg,pituitary,1
/content/drive/MyDrive/Brain_Tumor_CNN_Project/dataset/Epic and CSCR hospital Dataset/Train/pituitary/Tr-pi_0713.jpg,pituitary,1
/content/drive/MyDrive/Brain_Tumor_CNN_Project/dataset/Epic and CSCR hospital Dataset/Train/pituitary/Tr-pi_1170.jpg,pituitary,1
/content/drive/MyDrive/Brain_Tumor_CNN_Project/dataset/Epic and CSCR hospital Dataset/Train/pituitary/Te-pi_0158.jpg,pituitary,1
/content/drive/MyDrive/Brain_Tumor_CNN_Project/dataset/Epic and CSCR hospital Dataset/Train/meningioma/M_853_RO_.jpg,meningioma,1
/content/drive/MyDrive/Brain_Tumor_CNN_Project/dataset/Epic and CSCR hospital Dataset/Train/notumor/Tr-no_0396.jpg,notumor,0
/content/drive/MyDrive/Brain_Tumor_CNN_Project/dataset/Epic and CSCR hospital Dataset/Train/glioma/G_806_HF_.jpg,glioma,1
/content/drive/MyDrive/Brain_Tumor_CNN_Project/dataset/Epic and CSCR hospital Dataset/Train/glioma/G_788_BR_.jpg,glioma,1
/content/drive/MyDrive/Brain_Tumor_CNN_Project/dataset/Epic and CSCR hospital Dataset/Train/glioma/Te-gl_0187.jpg,glioma,1
/content/drive/MyDrive/Brain_Tumor_CNN_Project/dataset/Epic and CSCR hospital Dataset/Train/notumor/Tr-no_0079.jpg,notumor,0
/content/drive/MyDrive/Brain_Tumor_CNN_Project/dataset/Epic and CSCR hospital Dataset/Train/notumor/Tr-no_0147.jpg,notumor,0
/content/drive/MyDrive/Brain_Tumor_CNN_Project/dataset/Epic and CSCR hospital Dataset/Train/notumor/image(117).jpg,notumor,0
/content/drive/MyDrive/Brain_Tumor_CNN_Project/dataset/Epic and CSCR hospital Dataset/Train/notumor/N_421_DA_.jpg,notumor,0
/content/drive/MyDrive/Brain_Tumor_CNN_Project/dataset/Epic and CSCR hospital Dataset/Train/notumor/Tr-no_0173.jpg,notumor,0
/content/drive/MyDrive/Brain_Tumor_CNN_Project/dataset/Epic and CSCR hospital Dataset/Train/meningioma/M_840_HF_.jpg,meningioma,1
/content/drive/MyDrive/Brain_Tumor_CNN_Project/dataset/Epic and CSCR hospital Dataset/Train/glioma/Tr-gl_0342.jpg,glioma,1
/content/drive/MyDrive/Brain_Tumor_CNN_Project/dataset/Epic and CSCR hospital Dataset/Train/notumor/1744.jpg,notumor,0
/content/drive/MyDrive/Brain_Tumor_CNN_Project/dataset/Epic and CSCR hospital Dataset/Train/glioma/G_779_HF_.jpg,glioma,1
/content/drive/MyDrive/Brain_Tumor_CNN_Project/dataset/Epic and CSCR hospital Dataset/Train/meningioma/M_827.jpg,meningioma,1
/content/drive/MyDrive/Brain_Tumor_CNN_Project/dataset/Epic and CSCR hospital Dataset/Train/glioma/Tr-gl_0532.jpg,glioma,1
/content/drive/MyDrive/Brain_Tumor_CNN_Project/dataset/Epic and CSCR hospital Dataset/Train/meningioma/Tr-me_1260.jpg,meningioma,1
/content/drive/MyDrive/Brain_Tumor_CNN_Project/dataset/Epic and CSCR hospital Dataset/Train/glioma/gg (466).jpg,glioma,1
/content/drive/MyDrive/Brain_Tumor_CNN_Project/dataset/Epic and CSCR hospital Dataset/Train/glioma/G_880_BR_.jpg,glioma,1
/content/drive/MyDrive/Brain_Tumor_CNN_Project/dataset/Epic and CSCR hospital Dataset/Train/glioma/G_836_RO_.jpg,glioma,1
/content/drive/MyDrive/Brain_Tumor_CNN_Project/dataset/Epic and CSCR hospital Dataset/Train/meningioma/Te-me_0149.jpg,meningioma,1
/content/drive/MyDrive/Brain_Tumor_CNN_Project/dataset/Epic and CSCR hospital Dataset/Train/pituitary/Tr-pi_0479.jpg,pituitary,1
/content/drive/MyDrive/Brain_Tumor_CNN_Project/dataset/Epic and CSCR hospital Dataset/Train/glioma/Tr-gl_0267.jpg,glioma,1
/content/drive/MyDrive/Brain_Tumor_CNN_Project/dataset/Epic and CSCR hospital Dataset/Train/glioma/G_787.jpg,glioma,1
/content/drive/MyDrive/Brain_Tumor_CNN_Project/dataset/Epic and CSCR hospital Dataset/Train/notumor/1805.jpg,notumor,0
/content/drive/MyDrive/Brain_Tumor_CNN_Project/dataset/Epic and CSCR hospital Dataset/Train/notumor/N_404_BR_.jpg,notumor,0
/content/drive/MyDrive/Brain_Tumor_CNN_Project/dataset/Epic and CSCR hospital Dataset/Train/pituitary/Tr-pi_0668.jpg,pituitary,1
/content/drive/MyDrive/Brain_Tumor_CNN_Project/dataset/Epic and CSCR hospital Dataset/Train/notumor/Te-no_0317.jpg,notumor,0
/content/drive/MyDrive/Brain_Tumor_CNN_Project/dataset/Epic and CSCR hospital Dataset/Train/glioma/G_746_BR_.jpg,glioma,1
/content/drive/MyDrive/Brain_Tumor_CNN_Project/dataset/Epic and CSCR hospital Dataset/Train/notumor/1808.jpg,notumor,0
/content/drive/MyDrive/Brain_Tumor_CNN_Project/dataset/Epic and CSCR hospital Dataset/Train/pituitary/Tr-pi_0343.jpg,pituitary,1
/content/drive/MyDrive/Brain_Tumor_CNN_Project/dataset/Epic and CSCR hospital Dataset/Train/pituitary/1192.jpg,pituitary,1
/content/drive/MyDrive/Brain_Tumor_CNN_Project/dataset/Epic and CSCR hospital Dataset/Train/meningioma/Tr-me_1250.jpg,meningioma,1
/content/drive/MyDrive/Brain_Tumor_CNN_Project/dataset/Epic and CSCR hospital Dataset/Train/meningioma/M_837_HF_.jpg,meningioma,1
/content/drive/MyDrive/Brain_Tumor_CNN_Project/dataset/Epic and CSCR hospital Dataset/Train/pituitary/Tr-pi_1388.jpg,pituitary,1
/content/drive/MyDrive/Brain_Tumor_CNN_Project/dataset/Epic and CSCR hospital Dataset/Train/meningioma/M_847_VF_.jpg,meningioma,1
/content/drive/MyDrive/Brain_Tumor_CNN_Project/dataset/Epic and CSCR hospital Dataset/Train/glioma/Te-gl_0149.jpg,glioma,1
/content/drive/MyDrive/Brain_Tumor_CNN_Project/dataset/Epic and CSCR hospital Dataset/Train/pituitary/Tr-pi_0515.jpg,pituitary,1
/content/drive/MyDrive/Brain_Tumor_CNN_Project/dataset/Epic and CSCR hospital Dataset/Train/notumor/Te-no_0177.jpg,notumor,0
/content/drive/MyDrive/Brain_Tumor_CNN_Project/dataset/Epic and CSCR hospital Dataset/Train/meningioma/Tr-me_0162.jpg,meningioma,1
/content/drive/MyDrive/Brain_Tumor_CNN_Project/dataset/Epic and CSCR hospital Dataset/Train/glioma/gg (458).jpg,glioma,1
/content/drive/MyDrive/Brain_Tumor_CNN_Project/dataset/Epic and CSCR hospital Dataset/Train/meningioma/Tr-me_0119.jpg,meningioma,1
/content/drive/MyDrive/Brain_Tumor_CNN_Project/dataset/Epic and CSCR hospital Dataset/Train/glioma/G_862_HF_.jpg,glioma,1
/content/drive/MyDrive/Brain_Tumor_CNN_Project/dataset/Epic and CSCR hospital Dataset/Train/glioma/G_820_DA_.jpg,glioma,1
/content/drive/MyDrive/Brain_Tumor_CNN_Project/dataset/Epic and CSCR hospital Dataset/Train/pituitary/Tr-pi_0503.jpg,pituitary,1
/content/drive/MyDrive/Brain_Tumor_CNN_Project/dataset/Epic and CSCR hospital Dataset/Train/pituitary/P_741_HF_.jpg,pituitary,1
/content/drive/MyDrive/Brain_Tumor_CNN_Project/dataset/Epic and CSCR hospital Dataset/Train/notumor/Te-no_0138.jpg,notumor,0
/content/drive/MyDrive/Brain_Tumor_CNN_Project/dataset/Epic and CSCR hospital Dataset/Train/meningioma/Te-me_0134.jpg,meningioma,1
/content/drive/MyDrive/Brain_Tumor_CNN_Project/dataset/Epic and CSCR hospital Dataset/Train/pituitary/Tr-pi_0592.jpg,pituitary,1
/content/drive/MyDrive/Brain_Tumor_CNN_Project/dataset/Epic and CSCR hospital Dataset/Train/glioma/G_803_VF_.jpg,glioma,1
/content/drive/MyDrive/Brain_Tumor_CNN_Project/dataset/Epic and CSCR hospital Dataset/Train/glioma/image(16).jpg,glioma,1
/content/drive/MyDrive/Brain_Tumor_CNN_Project/dataset/Epic and CSCR hospital Dataset/Train/pituitary/Tr-pi_1236.jpg,pituitary,1
/content/drive/MyDrive/Brain_Tumor_CNN_Project/dataset/Epic and CSCR hospital Dataset/Train/glioma/gg (470).jpg,glioma,1
/content/drive/MyDrive/Brain_Tumor_CNN_Project/dataset/Epic and CSCR hospital Dataset/Train/meningioma/Tr-me_0425.jpg,meningioma,1
/content/drive/MyDrive/Brain_Tumor_CNN_Project/dataset/Epic and CSCR hospital Dataset/Train/pituitary/Tr-pi_0462.jpg,pituitary,1
/content/drive/MyDrive/Brain_Tumor_CNN_Project/dataset/Epic and CSCR hospital Dataset/Train/pituitary/Tr-pi_0390.jpg,pituitary,1
/content/drive/MyDrive/Brain_Tumor_CNN_Project/dataset/Epic and CSCR hospital Dataset/Train/glioma/Tr-gl_0288.jpg,glioma,1
/content/drive/MyDrive/Brain_Tumor_CNN_Project/dataset/Epic and CSCR hospital Dataset/Train/glioma/Tr-gl_0427.jpg,glioma,1
/content/drive/MyDrive/Brain_Tumor_CNN_Project/dataset/Epic and CSCR hospital Dataset/Train/glioma/Tr-gl_0562.jpg,glioma,1
/content/drive/MyDrive/Brain_Tumor_CNN_Project/dataset/Epic and CSCR hospital Dataset/Train/pituitary/Tr-pi_1338.jpg,pituitary,1
/content/drive/MyDrive/Brain_Tumor_CNN_Project/dataset/Epic and CSCR hospital Dataset/Train/pituitary/P_798_SP_.jpg,pituitary,1
/content/drive/MyDrive/Brain_Tumor_CNN_Project/dataset/Epic and CSCR hospital Dataset/Train/glioma/Tr-gl_0364.jpg,glioma,1
/content/drive/MyDrive/Brain_Tumor_CNN_Project/dataset/Epic and CSCR hospital Dataset/Train/pituitary/P_758_HF_.jpg,pituitary,1
/content/drive/MyDrive/Brain_Tumor_CNN_Project/dataset/Epic and CSCR hospital Dataset/Train/meningioma/Tr-me_0138.jpg,meningioma,1
/content/drive/MyDrive/Brain_Tumor_CNN_Project/dataset/Epic and CSCR hospital Dataset/Train/glioma/Tr-gl_0988.jpg,glioma,1
/content/drive/MyDrive/Brain_Tumor_CNN_Project/dataset/Epic and CSCR hospital Dataset/Train/notumor/N_400_BR_.jpg,notumor,0
/content/drive/MyDrive/Brain_Tumor_CNN_Project/dataset/Epic and CSCR hospital Dataset/Train/glioma/G_800_SP_.jpg,glioma,1
/content/drive/MyDrive/Brain_Tumor_CNN_Project/dataset/Epic and CSCR hospital Dataset/Train/glioma/G_809_BR_.jpg,glioma,1
/content/drive/MyDrive/Brain_Tumor_CNN_Project/dataset/Epic and CSCR hospital Dataset/Train/glioma/Tr-gl_1131.jpg,glioma,1
/content/drive/MyDrive/Brain_Tumor_CNN_Project/dataset/Epic and CSCR hospital Dataset/Train/pituitary/P_70_SP_.jpg,pituitary,1
/content/drive/MyDrive/Brain_Tumor_CNN_Project/dataset/Epic and CSCR hospital Dataset/Train/pituitary/Tr-pi_1371.jpg,pituitary,1
/content/drive/MyDrive/Brain_Tumor_CNN_Project/dataset/Epic and CSCR hospital Dataset/Train/meningioma/Tr-me_0406.jpg,meningioma,1
/content/drive/MyDrive/Brain_Tumor_CNN_Project/dataset/Epic and CSCR hospital Dataset/Train/notumor/Tr-no_0518.jpg,notumor,0
/content/drive/MyDrive/Brain_Tumor_CNN_Project/dataset/Epic and CSCR hospital Dataset/Train/meningioma/Tr-me_1115.jpg,meningioma,1
/content/drive/MyDrive/Brain_Tumor_CNN_Project/dataset/Epic and CSCR hospital Dataset/Train/pituitary/Tr-pi_1033.jpg,pituitary,1
/content/drive/MyDrive/Brain_Tumor_CNN_Project/dataset/Epic and CSCR hospital Dataset/Train/glioma/gg (491).jpg,glioma,1
/content/drive/MyDrive/Brain_Tumor_CNN_Project/dataset/Epic and CSCR hospital Dataset/Train/glioma/Tr-gl_0808.jpg,glioma,1
/content/drive/MyDrive/Brain_Tumor_CNN_Project/dataset/Epic and CSCR hospital Dataset/Train/glioma/Tr-gl_0073.jpg,glioma,1
/content/drive/MyDrive/Brain_Tumor_CNN_Project/dataset/Epic and CSCR hospital Dataset/Train/glioma/gg (383).jpg,glioma,1
/content/drive/MyDrive/Brain_Tumor_CNN_Project/dataset/Epic and CSCR hospital Dataset/Train/pituitary/Tr-pi_1237.jpg,pituitary,1
/content/drive/MyDrive/Brain_Tumor_CNN_Project/dataset/Epic and CSCR hospital Dataset/Train/notumor/N_422_SP_.jpg,notumor,0
/content/drive/MyDrive/Brain_Tumor_CNN_Project/dataset/Epic and CSCR hospital Dataset/Train/glioma/gg (374).jpg,glioma,1
/content/drive/MyDrive/Brain_Tumor_CNN_Project/dataset/Epic and CSCR hospital Dataset/Train/glioma/G_870.jpg,glioma,1
/content/drive/MyDrive/Brain_Tumor_CNN_Project/dataset/Epic and CSCR hospital Dataset/Train/notumor/Tr-no_0475.jpg,notumor,0
/content/drive/MyDrive/Brain_Tumor_CNN_Project/dataset/Epic and CSCR hospital Dataset/Train/glioma/Tr-gl_0577.jpg,glioma,1
/content/drive/MyDrive/Brain_Tumor_CNN_Project/dataset/Epic and CSCR hospital Dataset/Train/glioma/G_759_BR_.jpg,glioma,1
/content/drive/MyDrive/Brain_Tumor_CNN_Project/dataset/Epic and CSCR hospital Dataset/Train/meningioma/M_871_VF_.jpg,meningioma,1
/content/drive/MyDrive/Brain_Tumor_CNN_Project/dataset/Epic and CSCR hospital Dataset/Train/notumor/N_422_DA_.jpg,notumor,0
/content/drive/MyDrive/Brain_Tumor_CNN_Project/dataset/Epic and CSCR hospital Dataset/Train/meningioma/Te-me_0073.jpg,meningioma,1
/content/drive/MyDrive/Brain_Tumor_CNN_Project/dataset/Epic and CSCR hospital Dataset/Train/glioma/G_768.jpg,glioma,1
/content/drive/MyDrive/Brain_Tumor_CNN_Project/dataset/Epic and CSCR hospital Dataset/Train/pituitary/P_774.jpg,pituitary,1
/content/drive/MyDrive/Brain_Tumor_CNN_Project/dataset/Epic and CSCR hospital Dataset/Train/meningioma/Tr-me_0470.jpg,meningioma,1
/content/drive/MyDrive/Brain_Tumor_CNN_Project/dataset/Epic and CSCR hospital Dataset/Train/meningioma/Te-me_0281.jpg,meningioma,1
/content/drive/MyDrive/Brain_Tumor_CNN_Project/dataset/Epic and CSCR hospital Dataset/Train/pituitary/Tr-pi_0181.jpg,pituitary,1
/content/drive/MyDrive/Brain_Tumor_CNN_Project/dataset/Epic and CSCR hospital Dataset/Train/pituitary/P_763_DA_.jpg,pituitary,1
/content/drive/MyDrive/Brain_Tumor_CNN_Project/dataset/Epic and CSCR hospital Dataset/Train/notumor/Tr-no_0433.jpg,notumor,0
/content/drive/MyDrive/Brain_Tumor_CNN_Project/dataset/Epic and CSCR hospital Dataset/Train/notumor/N_377_HF_.jpg,notumor,0
/content/drive/MyDrive/Brain_Tumor_CNN_Project/dataset/Epic and CSCR hospital Dataset/Train/notumor/image(149) - Copy.jpg,notumor,0
/content/drive/MyDrive/Brain_Tumor_CNN_Project/dataset/Epic and CSCR hospital Dataset/Train/pituitary/Tr-pi_1140.jpg,pituitary,1
/content/drive/MyDrive/Brain_Tumor_CNN_Project/dataset/Epic and CSCR hospital Dataset/Train/glioma/G_818_SP_.jpg,glioma,1
/content/drive/MyDrive/Brain_Tumor_CNN_Project/dataset/Epic and CSCR hospital Dataset/Train/glioma/G_820_HF_.jpg,glioma,1
/content/drive/MyDrive/Brain_Tumor_CNN_Project/dataset/Epic and CSCR hospital Dataset/Train/notumor/1641.jpg,notumor,0
/content/drive/MyDrive/Brain_Tumor_CNN_Project/dataset/Epic and CSCR hospital Dataset/Train/pituitary/P_769_SP_.jpg,pituitary,1
/content/drive/MyDrive/Brain_Tumor_CNN_Project/dataset/Epic and CSCR hospital Dataset/Train/glioma/Tr-gl_0986.jpg,glioma,1
/content/drive/MyDrive/Brain_Tumor_CNN_Project/dataset/Epic and CSCR hospital Dataset/Train/pituitary/P_827_RO_.jpg,pituitary,1
/content/drive/MyDrive/Brain_Tumor_CNN_Project/dataset/Epic and CSCR hospital Dataset/Train/meningioma/Tr-me_0349.jpg,meningioma,1
/content/drive/MyDrive/Brain_Tumor_CNN_Project/dataset/Epic and CSCR hospital Dataset/Train/pituitary/Te-pi_0111.jpg,pituitary,1
/content/drive/MyDrive/Brain_Tumor_CNN_Project/dataset/Epic and CSCR hospital Dataset/Train/glioma/Tr-gl_1027.jpg,glioma,1
/content/drive/MyDrive/Brain_Tumor_CNN_Project/dataset/Epic and CSCR hospital Dataset/Train/notumor/N_380_VF_.jpg,notumor,0
/content/drive/MyDrive/Brain_Tumor_CNN_Project/dataset/Epic and CSCR hospital Dataset/Train/meningioma/1418.jpg,meningioma,1
/content/drive/MyDrive/Brain_Tumor_CNN_Project/dataset/Epic and CSCR hospital Dataset/Train/notumor/Tr-no_0122.jpg,notumor,0
/content/drive/MyDrive/Brain_Tumor_CNN_Project/dataset/Epic and CSCR hospital Dataset/Train/notumor/N_416_BR_.jpg,notumor,0
/content/drive/MyDrive/Brain_Tumor_CNN_Project/dataset/Epic and CSCR hospital Dataset/Train/notumor/1745.jpg,notumor,0
/content/drive/MyDrive/Brain_Tumor_CNN_Project/dataset/Epic and CSCR hospital Dataset/Train/notumor/1784.jpg,notumor,0
/content/drive/MyDrive/Brain_Tumor_CNN_Project/dataset/Epic and CSCR hospital Dataset/Train/glioma/gg (608).jpg,glioma,1
/content/drive/MyDrive/Brain_Tumor_CNN_Project/dataset/Epic and CSCR hospital Dataset/Train/glioma/Tr-gl_1149.jpg,glioma,1
/content/drive/MyDrive/Brain_Tumor_CNN_Project/dataset/Epic and CSCR hospital Dataset/Train/meningioma/Tr-me_1109.jpg,meningioma,1
/content/drive/MyDrive/Brain_Tumor_CNN_Project/dataset/Epic and CSCR hospital Dataset/Train/meningioma/Tr-me_1119.jpg,meningioma,1
/content/drive/MyDrive/Brain_Tumor_CNN_Project/dataset/Epic and CSCR hospital Dataset/Train/meningioma/Tr-me_0960.jpg,meningioma,1
/content/drive/MyDrive/Brain_Tumor_CNN_Project/dataset/Epic and CSCR hospital Dataset/Train/pituitary/P_731_HF_.jpg,pituitary,1
/content/drive/MyDrive/Brain_Tumor_CNN_Project/dataset/Epic and CSCR hospital Dataset/Train/glioma/Tr-gl_0400.jpg,glioma,1
/content/drive/MyDrive/Brain_Tumor_CNN_Project/dataset/Epic and CSCR hospital Dataset/Train/pituitary/Tr-pi_1011.jpg,pituitary,1
/content/drive/MyDrive/Brain_Tumor_CNN_Project/dataset/Epic and CSCR hospital Dataset/Train/pituitary/P_754_BR_.jpg,pituitary,1
/content/drive/MyDrive/Brain_Tumor_CNN_Project/dataset/Epic and CSCR hospital Dataset/Train/notumor/Te-no_0131.jpg,notumor,0
/content/drive/MyDrive/Brain_Tumor_CNN_Project/dataset/Epic and CSCR hospital Dataset/Train/notumor/N_429_RO_.jpg,notumor,0
/content/drive/MyDrive/Brain_Tumor_CNN_Project/dataset/Epic and CSCR hospital Dataset/Train/glioma/G_761_DA_.jpg,glioma,1
/content/drive/MyDrive/Brain_Tumor_CNN_Project/dataset/Epic and CSCR hospital Dataset/Train/notumor/1743.jpg,notumor,0
/content/drive/MyDrive/Brain_Tumor_CNN_Project/dataset/Epic and CSCR hospital Dataset/Train/pituitary/P_80_HF_.jpg,pituitary,1
/content/drive/MyDrive/Brain_Tumor_CNN_Project/dataset/Epic and CSCR hospital Dataset/Train/glioma/G_883_HF_.jpg,glioma,1
/content/drive/MyDrive/Brain_Tumor_CNN_Project/dataset/Epic and CSCR hospital Dataset/Train/meningioma/Tr-me_0399.jpg,meningioma,1
/content/drive/MyDrive/Brain_Tumor_CNN_Project/dataset/Epic and CSCR hospital Dataset/Train/glioma/G_743_DA_.jpg,glioma,1
/content/drive/MyDrive/Brain_Tumor_CNN_Project/dataset/Epic and CSCR hospital Dataset/Train/meningioma/M_821_RO_.jpg,meningioma,1
/content/drive/MyDrive/Brain_Tumor_CNN_Project/dataset/Epic and CSCR hospital Dataset/Train/pituitary/Te-pi_0084.jpg,pituitary,1
/content/drive/MyDrive/Brain_Tumor_CNN_Project/dataset/Epic and CSCR hospital Dataset/Train/notumor/1623.jpg,notumor,0
/content/drive/MyDrive/Brain_Tumor_CNN_Project/dataset/Epic and CSCR hospital Dataset/Train/meningioma/m2 (39).jpg,meningioma,1
/content/drive/MyDrive/Brain_Tumor_CNN_Project/dataset/Epic and CSCR hospital Dataset/Train/notumor/N_49_BR_.jpg,notumor,0
/content/drive/MyDrive/Brain_Tumor_CNN_Project/dataset/Epic and CSCR hospital Dataset/Train/glioma/Tr-gl_0356.jpg,glioma,1
/content/drive/MyDrive/Brain_Tumor_CNN_Project/dataset/Epic and CSCR hospital Dataset/Train/meningioma/Tr-me_0838.jpg,meningioma,1
/content/drive/MyDrive/Brain_Tumor_CNN_Project/dataset/Epic and CSCR hospital Dataset/Train/meningioma/Tr-me_1137.jpg,meningioma,1
/content/drive/MyDrive/Brain_Tumor_CNN_Project/dataset/Epic and CSCR hospital Dataset/Train/pituitary/Tr-pi_0211.jpg,pituitary,1
/content/drive/MyDrive/Brain_Tumor_CNN_Project/dataset/Epic and CSCR hospital Dataset/Train/notumor/Tr-no_0488.jpg,notumor,0
/content/drive/MyDrive/Brain_Tumor_CNN_Project/dataset/Epic and CSCR hospital Dataset/Train/notumor/N_422_HF_.jpg,notumor,0
/content/drive/MyDrive/Brain_Tumor_CNN_Project/dataset/Epic and CSCR hospital Dataset/Train/pituitary/Tr-pi_0417.jpg,pituitary,1
/content/drive/MyDrive/Brain_Tumor_CNN_Project/dataset/Epic and CSCR hospital Dataset/Train/meningioma/Tr-me_0326.jpg,meningioma,1
/content/drive/MyDrive/Brain_Tumor_CNN_Project/dataset/Epic and CSCR hospital Dataset/Train/meningioma/Te-me_0254.jpg,meningioma,1
/content/drive/MyDrive/Brain_Tumor_CNN_Project/dataset/Epic and CSCR hospital Dataset/Train/glioma/Tr-gl_1172.jpg,glioma,1
/content/drive/MyDrive/Brain_Tumor_CNN_Project/dataset/Epic and CSCR hospital Dataset/Train/notumor/1822.jpg,notumor,0
/content/drive/MyDrive/Brain_Tumor_CNN_Project/dataset/Epic and CSCR hospital Dataset/Train/glioma/G_742_BR_.jpg,glioma,1
/content/drive/MyDrive/Brain_Tumor_CNN_Project/dataset/Epic and CSCR hospital Dataset/Train/meningioma/Tr-me_0321.jpg,meningioma,1
/content/drive/MyDrive/Brain_Tumor_CNN_Project/dataset/Epic and CSCR hospital Dataset/Train/notumor/Tr-no_0298.jpg,notumor,0
/content/drive/MyDrive/Brain_Tumor_CNN_Project/dataset/Epic and CSCR hospital Dataset/Train/glioma/G_831_HF_.jpg,glioma,1
/content/drive/MyDrive/Brain_Tumor_CNN_Project/dataset/Epic and CSCR hospital Dataset/Train/glioma/gg (675).jpg,glioma,1
/content/drive/MyDrive/Brain_Tumor_CNN_Project/dataset/Epic and CSCR hospital Dataset/Train/meningioma/Te-me_0186.jpg,meningioma,1
/content/drive/MyDrive/Brain_Tumor_CNN_Project/dataset/Epic and CSCR hospital Dataset/Train/notumor/Tr-no_0572.jpg,notumor,0
/content/drive/MyDrive/Brain_Tumor_CNN_Project/dataset/Epic and CSCR hospital Dataset/Train/pituitary/Tr-pi_0374.jpg,pituitary,1
/content/drive/MyDrive/Brain_Tumor_CNN_Project/dataset/Epic and CSCR hospital Dataset/Train/meningioma/Tr-me_0374.jpg,meningioma,1
/content/drive/MyDrive/Brain_Tumor_CNN_Project/dataset/Epic and CSCR hospital Dataset/Train/notumor/N_41_RO_.jpg,notumor,0
/content/drive/MyDrive/Brain_Tumor_CNN_Project/dataset/Epic and CSCR hospital Dataset/Train/pituitary/Tr-pi_0744.jpg,pituitary,1
/content/drive/MyDrive/Brain_Tumor_CNN_Project/dataset/Epic and CSCR hospital Dataset/Train/notumor/N_397_HF_.jpg,notumor,0
/content/drive/MyDrive/Brain_Tumor_CNN_Project/dataset/Epic and CSCR hospital Dataset/Train/meningioma/Tr-me_0980.jpg,meningioma,1
/content/drive/MyDrive/Brain_Tumor_CNN_Project/dataset/Epic and CSCR hospital Dataset/Train/notumor/N_382_DA_.jpg,notumor,0
/content/drive/MyDrive/Brain_Tumor_CNN_Project/dataset/Epic and CSCR hospital Dataset/Train/notumor/N_408_HF_.jpg,notumor,0
/content/drive/MyDrive/Brain_Tumor_CNN_Project/dataset/Epic and CSCR hospital Dataset/Train/notumor/N_368_SP_.jpg,notumor,0
/content/drive/MyDrive/Brain_Tumor_CNN_Project/dataset/Epic and CSCR hospital Dataset/Train/glioma/G_719_VF_.jpg,glioma,1
/content/drive/MyDrive/Brain_Tumor_CNN_Project/dataset/Epic and CSCR hospital Dataset/Train/meningioma/Tr-me_0595.jpg,meningioma,1
/content/drive/MyDrive/Brain_Tumor_CNN_Project/dataset/Epic and CSCR hospital Dataset/Train/meningioma/Tr-me_0272.jpg,meningioma,1
/content/drive/MyDrive/Brain_Tumor_CNN_Project/dataset/Epic and CSCR hospital Dataset/Train/meningioma/m2 (78).jpg,meningioma,1
/content/drive/MyDrive/Brain_Tumor_CNN_Project/dataset/Epic and CSCR hospital Dataset/Train/meningioma/M_882_SP_.jpg,meningioma,1
/content/drive/MyDrive/Brain_Tumor_CNN_Project/dataset/Epic and CSCR hospital Dataset/Train/pituitary/Tr-pi_0312.jpg,pituitary,1
/content/drive/MyDrive/Brain_Tumor_CNN_Project/dataset/Epic and CSCR hospital Dataset/Train/meningioma/Tr-me_0155.jpg,meningioma,1
/content/drive/MyDrive/Brain_Tumor_CNN_Project/dataset/Epic and CSCR hospital Dataset/Train/meningioma/Tr-me_0968.jpg,meningioma,1
/content/drive/MyDrive/Brain_Tumor_CNN_Project/dataset/Epic and CSCR hospital Dataset/Train/meningioma/Te-me_0301.jpg,meningioma,1
/content/drive/MyDrive/Brain_Tumor_CNN_Project/dataset/Epic and CSCR hospital Dataset/Train/glioma/G_777_HF_.jpg,glioma,1
/content/drive/MyDrive/Brain_Tumor_CNN_Project/dataset/Epic and CSCR hospital Dataset/Train/glioma/G_815.jpg,glioma,1
/content/drive/MyDrive/Brain_Tumor_CNN_Project/dataset/Epic and CSCR hospital Dataset/Train/notumor/Te-no_0150.jpg,notumor,0
/content/drive/MyDrive/Brain_Tumor_CNN_Project/dataset/Epic and CSCR hospital Dataset/Train/pituitary/P_736_VF_.jpg,pituitary,1
/content/drive/MyDrive/Brain_Tumor_CNN_Project/dataset/Epic and CSCR hospital Dataset/Train/pituitary/Tr-pi_0453.jpg,pituitary,1
/content/drive/MyDrive/Brain_Tumor_CNN_Project/dataset/Epic and CSCR hospital Dataset/Train/meningioma/1406.jpg,meningioma,1
/content/drive/MyDrive/Brain_Tumor_CNN_Project/dataset/Epic and CSCR hospital Dataset/Train/notumor/1717.jpg,notumor,0
/content/drive/MyDrive/Brain_Tumor_CNN_Project/dataset/Epic and CSCR hospital Dataset/Train/pituitary/P_79_VF_.jpg,pituitary,1
/content/drive/MyDrive/Brain_Tumor_CNN_Project/dataset/Epic and CSCR hospital Dataset/Train/glioma/Tr-gl_0928.jpg,glioma,1
/content/drive/MyDrive/Brain_Tumor_CNN_Project/dataset/Epic and CSCR hospital Dataset/Train/meningioma/Tr-me_0946.jpg,meningioma,1
/content/drive/MyDrive/Brain_Tumor_CNN_Project/dataset/Epic and CSCR hospital Dataset/Train/glioma/Tr-gl_0996.jpg,glioma,1
/content/drive/MyDrive/Brain_Tumor_CNN_Project/dataset/Epic and CSCR hospital Dataset/Train/meningioma/m2 (107).jpg,meningioma,1
/content/drive/MyDrive/Brain_Tumor_CNN_Project/dataset/Epic and CSCR hospital Dataset/Train/notumor/Tr-no_0097.jpg,notumor,0
/content/drive/MyDrive/Brain_Tumor_CNN_Project/dataset/Epic and CSCR hospital Dataset/Train/glioma/G_844_RO_.jpg,glioma,1
/content/drive/MyDrive/Brain_Tumor_CNN_Project/dataset/Epic and CSCR hospital Dataset/Train/notumor/1862.jpg,notumor,0
/content/drive/MyDrive/Brain_Tumor_CNN_Project/dataset/Epic and CSCR hospital Dataset/Train/glioma/Tr-gl_0920.jpg,glioma,1
/content/drive/MyDrive/Brain_Tumor_CNN_Project/dataset/Epic and CSCR hospital Dataset/Train/glioma/G_882_SP_.jpg,glioma,1
/content/drive/MyDrive/Brain_Tumor_CNN_Project/dataset/Epic and CSCR hospital Dataset/Train/glioma/Tr-gl_0418.jpg,glioma,1
/content/drive/MyDrive/Brain_Tumor_CNN_Project/dataset/Epic and CSCR hospital Dataset/Train/pituitary/P_762_BR_.jpg,pituitary,1
/content/drive/MyDrive/Brain_Tumor_CNN_Project/dataset/Epic and CSCR hospital Dataset/Train/glioma/gg (575).jpg,glioma,1
/content/drive/MyDrive/Brain_Tumor_CNN_Project/dataset/Epic and CSCR hospital Dataset/Train/meningioma/Te-me_0210.jpg,meningioma,1
/content/drive/MyDrive/Brain_Tumor_CNN_Project/dataset/Epic and CSCR hospital Dataset/Train/notumor/N_38_SP_.jpg,notumor,0
/content/drive/MyDrive/Brain_Tumor_CNN_Project/dataset/Epic and CSCR hospital Dataset/Train/pituitary/p (598).jpg,pituitary,1
/content/drive/MyDrive/Brain_Tumor_CNN_Project/dataset/Epic and CSCR hospital Dataset/Train/notumor/1638.jpg,notumor,0
/content/drive/MyDrive/Brain_Tumor_CNN_Project/dataset/Epic and CSCR hospital Dataset/Train/notumor/1764.jpg,notumor,0
/content/drive/MyDrive/Brain_Tumor_CNN_Project/dataset/Epic and CSCR hospital Dataset/Train/notumor/1615.jpg,notumor,0
/content/drive/MyDrive/Brain_Tumor_CNN_Project/dataset/Epic and CSCR hospital Dataset/Train/meningioma/1332.jpg,meningioma,1
/content/drive/MyDrive/Brain_Tumor_CNN_Project/dataset/Epic and CSCR hospital Dataset/Train/notumor/N_420_DA_.jpg,notumor,0
/content/drive/MyDrive/Brain_Tumor_CNN_Project/dataset/Epic and CSCR hospital Dataset/Train/pituitary/P_719_RO_.jpg,pituitary,1
/content/drive/MyDrive/Brain_Tumor_CNN_Project/dataset/Epic and CSCR hospital Dataset/Train/pituitary/Tr-pi_1031.jpg,pituitary,1
/content/drive/MyDrive/Brain_Tumor_CNN_Project/dataset/Epic and CSCR hospital Dataset/Train/pituitary/Te-pi_0182.jpg,pituitary,1
/content/drive/MyDrive/Brain_Tumor_CNN_Project/dataset/Epic and CSCR hospital Dataset/Train/glioma/G_704_DA_.jpg,glioma,1
/content/drive/MyDrive/Brain_Tumor_CNN_Project/dataset/Epic and CSCR hospital Dataset/Train/meningioma/m3 (168).jpg,meningioma,1
/content/drive/MyDrive/Brain_Tumor_CNN_Project/dataset/Epic and CSCR hospital Dataset/Train/pituitary/Tr-pi_0796.jpg,pituitary,1
/content/drive/MyDrive/Brain_Tumor_CNN_Project/dataset/Epic and CSCR hospital Dataset/Train/pituitary/P_723_DA_.jpg,pituitary,1
/content/drive/MyDrive/Brain_Tumor_CNN_Project/dataset/Epic and CSCR hospital Dataset/Train/glioma/Tr-gl_0621.jpg,glioma,1
/content/drive/MyDrive/Brain_Tumor_CNN_Project/dataset/Epic and CSCR hospital Dataset/Train/meningioma/Tr-me_1159.jpg,meningioma,1
/content/drive/MyDrive/Brain_Tumor_CNN_Project/dataset/Epic and CSCR hospital Dataset/Train/notumor/N_399_VF_.jpg,notumor,0
/content/drive/MyDrive/Brain_Tumor_CNN_Project/dataset/Epic and CSCR hospital Dataset/Train/pituitary/p (604).jpg,pituitary,1
/content/drive/MyDrive/Brain_Tumor_CNN_Project/dataset/Epic and CSCR hospital Dataset/Train/notumor/Tr-no_0587.jpg,notumor,0
/content/drive/MyDrive/Brain_Tumor_CNN_Project/dataset/Epic and CSCR hospital Dataset/Train/notumor/1772.jpg,notumor,0
/content/drive/MyDrive/Brain_Tumor_CNN_Project/dataset/Epic and CSCR hospital Dataset/Train/pituitary/P_721_RO_.jpg,pituitary,1
/content/drive/MyDrive/Brain_Tumor_CNN_Project/dataset/Epic and CSCR hospital Dataset/Train/meningioma/M_865_VF_.jpg,meningioma,1
/content/drive/MyDrive/Brain_Tumor_CNN_Project/dataset/Epic and CSCR hospital Dataset/Train/meningioma/Tr-me_0525.jpg,meningioma,1
/content/drive/MyDrive/Brain_Tumor_CNN_Project/dataset/Epic and CSCR hospital Dataset/Train/meningioma/Tr-me_0102.jpg,meningioma,1
/content/drive/MyDrive/Brain_Tumor_CNN_Project/dataset/Epic and CSCR hospital Dataset/Train/glioma/G_759.jpg,glioma,1
/content/drive/MyDrive/Brain_Tumor_CNN_Project/dataset/Epic and CSCR hospital Dataset/Train/glioma/G_849_VF_.jpg,glioma,1
/content/drive/MyDrive/Brain_Tumor_CNN_Project/dataset/Epic and CSCR hospital Dataset/Train/meningioma/Te-me_0146.jpg,meningioma,1
/content/drive/MyDrive/Brain_Tumor_CNN_Project/dataset/Epic and CSCR hospital Dataset/Train/meningioma/Tr-me_0830.jpg,meningioma,1
/content/drive/MyDrive/Brain_Tumor_CNN_Project/dataset/Epic and CSCR hospital Dataset/Train/meningioma/m2 (149).jpg,meningioma,1
/content/drive/MyDrive/Brain_Tumor_CNN_Project/dataset/Epic and CSCR hospital Dataset/Train/notumor/1852.jpg,notumor,0
/content/drive/MyDrive/Brain_Tumor_CNN_Project/dataset/Epic and CSCR hospital Dataset/Train/glioma/G_809_SP_.jpg,glioma,1
/content/drive/MyDrive/Brain_Tumor_CNN_Project/dataset/Epic and CSCR hospital Dataset/Train/pituitary/Tr-pi_1132.jpg,pituitary,1
/content/drive/MyDrive/Brain_Tumor_CNN_Project/dataset/Epic and CSCR hospital Dataset/Train/glioma/Tr-gl_0150.jpg,glioma,1
/content/drive/MyDrive/Brain_Tumor_CNN_Project/dataset/Epic and CSCR hospital Dataset/Train/notumor/N_407_DA_.jpg,notumor,0
/content/drive/MyDrive/Brain_Tumor_CNN_Project/dataset/Epic and CSCR hospital Dataset/Train/pituitary/Te-pi_0082.jpg,pituitary,1
/content/drive/MyDrive/Brain_Tumor_CNN_Project/dataset/Epic and CSCR hospital Dataset/Train/meningioma/M_850_VF_.jpg,meningioma,1
/content/drive/MyDrive/Brain_Tumor_CNN_Project/dataset/Epic and CSCR hospital Dataset/Train/pituitary/Tr-pi_0113.jpg,pituitary,1
/content/drive/MyDrive/Brain_Tumor_CNN_Project/dataset/Epic and CSCR hospital Dataset/Train/glioma/G_733_DA_.jpg,glioma,1
/content/drive/MyDrive/Brain_Tumor_CNN_Project/dataset/Epic and CSCR hospital Dataset/Train/notumor/N_45_VF_.jpg,notumor,0
/content/drive/MyDrive/Brain_Tumor_CNN_Project/dataset/Epic and CSCR hospital Dataset/Train/glioma/G_854_DA_.jpg,glioma,1
/content/drive/MyDrive/Brain_Tumor_CNN_Project/dataset/Epic and CSCR hospital Dataset/Train/glioma/G_884.jpg,glioma,1
/content/drive/MyDrive/Brain_Tumor_CNN_Project/dataset/Epic and CSCR hospital Dataset/Train/notumor/Te-no_0158.jpg,notumor,0
/content/drive/MyDrive/Brain_Tumor_CNN_Project/dataset/Epic and CSCR hospital Dataset/Train/glioma/G_844_SP_.jpg,glioma,1
/content/drive/MyDrive/Brain_Tumor_CNN_Project/dataset/Epic and CSCR hospital Dataset/Train/pituitary/P_822_SP_.jpg,pituitary,1
/content/drive/MyDrive/Brain_Tumor_CNN_Project/dataset/Epic and CSCR hospital Dataset/Train/glioma/G_716_SP_.jpg,glioma,1
/content/drive/MyDrive/Brain_Tumor_CNN_Project/dataset/Epic and CSCR hospital Dataset/Train/pituitary/Tr-pi_1251.jpg,pituitary,1
/content/drive/MyDrive/Brain_Tumor_CNN_Project/dataset/Epic and CSCR hospital Dataset/Train/glioma/G_742_VF_.jpg,glioma,1
/content/drive/MyDrive/Brain_Tumor_CNN_Project/dataset/Epic and CSCR hospital Dataset/Train/glioma/Te-gl_0072.jpg,glioma,1
/content/drive/MyDrive/Brain_Tumor_CNN_Project/dataset/Epic and CSCR hospital Dataset/Train/glioma/Te-gl_0297.jpg,glioma,1
/content/drive/MyDrive/Brain_Tumor_CNN_Project/dataset/Epic and CSCR hospital Dataset/Train/glioma/G_869_SP_.jpg,glioma,1
/content/drive/MyDrive/Brain_Tumor_CNN_Project/dataset/Epic and CSCR hospital Dataset/Train/meningioma/M_851_BR_.jpg,meningioma,1
/content/drive/MyDrive/Brain_Tumor_CNN_Project/dataset/Epic and CSCR hospital Dataset/Train/glioma/Tr-gl_0906.jpg,glioma,1
/content/drive/MyDrive/Brain_Tumor_CNN_Project/dataset/Epic and CSCR hospital Dataset/Train/glioma/Tr-gl_0480.jpg,glioma,1
/content/drive/MyDrive/Brain_Tumor_CNN_Project/dataset/Epic and CSCR hospital Dataset/Train/pituitary/P_779_RO_.jpg,pituitary,1
/content/drive/MyDrive/Brain_Tumor_CNN_Project/dataset/Epic and CSCR hospital Dataset/Train/pituitary/P_828_VF_.jpg,pituitary,1
/content/drive/MyDrive/Brain_Tumor_CNN_Project/dataset/Epic and CSCR hospital Dataset/Train/pituitary/P_76_SP_.jpg,pituitary,1
/content/drive/MyDrive/Brain_Tumor_CNN_Project/dataset/Epic and CSCR hospital Dataset/Train/meningioma/Te-me_0206.jpg,meningioma,1
/content/drive/MyDrive/Brain_Tumor_CNN_Project/dataset/Epic and CSCR hospital Dataset/Train/pituitary/P_787_BR_.jpg,pituitary,1
/content/drive/MyDrive/Brain_Tumor_CNN_Project/dataset/Epic and CSCR hospital Dataset/Train/notumor/Tr-no_0636.jpg,notumor,0
/content/drive/MyDrive/Brain_Tumor_CNN_Project/dataset/Epic and CSCR hospital Dataset/Train/meningioma/Tr-me_0806.jpg,meningioma,1
/content/drive/MyDrive/Brain_Tumor_CNN_Project/dataset/Epic and CSCR hospital Dataset/Train/meningioma/m2 (20).jpg,meningioma,1
/content/drive/MyDrive/Brain_Tumor_CNN_Project/dataset/Epic and CSCR hospital Dataset/Train/glioma/Tr-gl_0168.jpg,glioma,1
/content/drive/MyDrive/Brain_Tumor_CNN_Project/dataset/Epic and CSCR hospital Dataset/Train/notumor/N_389_BR_.jpg,notumor,0
/content/drive/MyDrive/Brain_Tumor_CNN_Project/dataset/Epic and CSCR hospital Dataset/Train/pituitary/P_808_VF_.jpg,pituitary,1
/content/drive/MyDrive/Brain_Tumor_CNN_Project/dataset/Epic and CSCR hospital Dataset/Train/notumor/Tr-no_0539.jpg,notumor,0
/content/drive/MyDrive/Brain_Tumor_CNN_Project/dataset/Epic and CSCR hospital Dataset/Train/glioma/Tr-gl_0100.jpg,glioma,1
/content/drive/MyDrive/Brain_Tumor_CNN_Project/dataset/Epic and CSCR hospital Dataset/Train/meningioma/M_857_SP_.jpg,meningioma,1
/content/drive/MyDrive/Brain_Tumor_CNN_Project/dataset/Epic and CSCR hospital Dataset/Train/meningioma/1379.jpg,meningioma,1
/content/drive/MyDrive/Brain_Tumor_CNN_Project/dataset/Epic and CSCR hospital Dataset/Train/meningioma/Tr-me_0040.jpg,meningioma,1
/content/drive/MyDrive/Brain_Tumor_CNN_Project/dataset/Epic and CSCR hospital Dataset/Train/meningioma/Tr-me_0474.jpg,meningioma,1
/content/drive/MyDrive/Brain_Tumor_CNN_Project/dataset/Epic and CSCR hospital Dataset/Train/notumor/Tr-no_0460.jpg,notumor,0
/content/drive/MyDrive/Brain_Tumor_CNN_Project/dataset/Epic and CSCR hospital Dataset/Train/glioma/G_806_BR_.jpg,glioma,1
/content/drive/MyDrive/Brain_Tumor_CNN_Project/dataset/Epic and CSCR hospital Dataset/Train/glioma/Tr-gl_0971.jpg,glioma,1
/content/drive/MyDrive/Brain_Tumor_CNN_Project/dataset/Epic and CSCR hospital Dataset/Train/pituitary/Te-pi_0098.jpg,pituitary,1
/content/drive/MyDrive/Brain_Tumor_CNN_Project/dataset/Epic and CSCR hospital Dataset/Train/meningioma/Tr-me_0942.jpg,meningioma,1
/content/drive/MyDrive/Brain_Tumor_CNN_Project/dataset/Epic and CSCR hospital Dataset/Train/glioma/G_723_RO_.jpg,glioma,1
/content/drive/MyDrive/Brain_Tumor_CNN_Project/dataset/Epic and CSCR hospital Dataset/Train/glioma/Tr-gl_0513.jpg,glioma,1
/content/drive/MyDrive/Brain_Tumor_CNN_Project/dataset/Epic and CSCR hospital Dataset/Train/meningioma/M_865_SP_.jpg,meningioma,1
/content/drive/MyDrive/Brain_Tumor_CNN_Project/dataset/Epic and CSCR hospital Dataset/Train/glioma/Tr-gl_0376.jpg,glioma,1
/content/drive/MyDrive/Brain_Tumor_CNN_Project/dataset/Epic and CSCR hospital Dataset/Train/pituitary/Tr-pi_1114.jpg,pituitary,1
/content/drive/MyDrive/Brain_Tumor_CNN_Project/dataset/Epic and CSCR hospital Dataset/Train/glioma/G_874_DA_.jpg,glioma,1
/content/drive/MyDrive/Brain_Tumor_CNN_Project/dataset/Epic and CSCR hospital Dataset/Train/pituitary/Te-pi_0103.jpg,pituitary,1
/content/drive/MyDrive/Brain_Tumor_CNN_Project/dataset/Epic and CSCR hospital Dataset/Train/notumor/image(153).jpg,notumor,0
/content/drive/MyDrive/Brain_Tumor_CNN_Project/dataset/Epic and CSCR hospital Dataset/Train/glioma/G_801_SP_.jpg,glioma,1
/content/drive/MyDrive/Brain_Tumor_CNN_Project/dataset/Epic and CSCR hospital Dataset/Train/meningioma/Tr-me_0493.jpg,meningioma,1
/content/drive/MyDrive/Brain_Tumor_CNN_Project/dataset/Epic and CSCR hospital Dataset/Train/pituitary/P_843_DA_.jpg,pituitary,1
/content/drive/MyDrive/Brain_Tumor_CNN_Project/dataset/Epic and CSCR hospital Dataset/Train/meningioma/Te-me_0103.jpg,meningioma,1
/content/drive/MyDrive/Brain_Tumor_CNN_Project/dataset/Epic and CSCR hospital Dataset/Train/notumor/N_389_VF_.jpg,notumor,0
/content/drive/MyDrive/Brain_Tumor_CNN_Project/dataset/Epic and CSCR hospital Dataset/Train/glioma/G_812_HF_.jpg,glioma,1
/content/drive/MyDrive/Brain_Tumor_CNN_Project/dataset/Epic and CSCR hospital Dataset/Train/pituitary/P_781.jpg,pituitary,1
/content/drive/MyDrive/Brain_Tumor_CNN_Project/dataset/Epic and CSCR hospital Dataset/Train/glioma/Tr-gl_0344.jpg,glioma,1
/content/drive/MyDrive/Brain_Tumor_CNN_Project/dataset/Epic and CSCR hospital Dataset/Train/pituitary/P_815_VF_.jpg,pituitary,1
/content/drive/MyDrive/Brain_Tumor_CNN_Project/dataset/Epic and CSCR hospital Dataset/Train/meningioma/Te-me_0133.jpg,meningioma,1
/content/drive/MyDrive/Brain_Tumor_CNN_Project/dataset/Epic and CSCR hospital Dataset/Train/glioma/Tr-gl_1117.jpg,glioma,1
/content/drive/MyDrive/Brain_Tumor_CNN_Project/dataset/Epic and CSCR hospital Dataset/Train/meningioma/1317.jpg,meningioma,1
/content/drive/MyDrive/Brain_Tumor_CNN_Project/dataset/Epic and CSCR hospital Dataset/Train/meningioma/m2 (137).jpg,meningioma,1
/content/drive/MyDrive/Brain_Tumor_CNN_Project/dataset/Epic and CSCR hospital Dataset/Train/pituitary/P_791.jpg,pituitary,1
/content/drive/MyDrive/Brain_Tumor_CNN_Project/dataset/Epic and CSCR hospital Dataset/Train/meningioma/m2 (94).jpg,meningioma,1
/content/drive/MyDrive/Brain_Tumor_CNN_Project/dataset/Epic and CSCR hospital Dataset/Train/meningioma/m2 (132).jpg,meningioma,1
/content/drive/MyDrive/Brain_Tumor_CNN_Project/dataset/Epic and CSCR hospital Dataset/Train/glioma/G_747_VF_.jpg,glioma,1
/content/drive/MyDrive/Brain_Tumor_CNN_Project/dataset/Epic and CSCR hospital Dataset/Train/pituitary/P_770_VF_.jpg,pituitary,1
/content/drive/MyDrive/Brain_Tumor_CNN_Project/dataset/Epic and CSCR hospital Dataset/Train/pituitary/Tr-pi_1357.jpg,pituitary,1
/content/drive/MyDrive/Brain_Tumor_CNN_Project/dataset/Epic and CSCR hospital Dataset/Train/pituitary/Tr-pi_1010.jpg,pituitary,1
/content/drive/MyDrive/Brain_Tumor_CNN_Project/dataset/Epic and CSCR hospital Dataset/Train/pituitary/P_714_BR_.jpg,pituitary,1
/content/drive/MyDrive/Brain_Tumor_CNN_Project/dataset/Epic and CSCR hospital Dataset/Train/glioma/G_712_RO_.jpg,glioma,1
/content/drive/MyDrive/Brain_Tumor_CNN_Project/dataset/Epic and CSCR hospital Dataset/Train/notumor/1726.jpg,notumor,0
/content/drive/MyDrive/Brain_Tumor_CNN_Project/dataset/Epic and CSCR hospital Dataset/Train/pituitary/P_820.jpg,pituitary,1
/content/drive/MyDrive/Brain_Tumor_CNN_Project/dataset/Epic and CSCR hospital Dataset/Train/notumor/Tr-no_0024.jpg,notumor,0
/content/drive/MyDrive/Brain_Tumor_CNN_Project/dataset/Epic and CSCR hospital Dataset/Train/pituitary/Tr-pi_0945.jpg,pituitary,1
/content/drive/MyDrive/Brain_Tumor_CNN_Project/dataset/Epic and CSCR hospital Dataset/Train/glioma/G_723_VF_.jpg,glioma,1
/content/drive/MyDrive/Brain_Tumor_CNN_Project/dataset/Epic and CSCR hospital Dataset/Train/pituitary/Tr-pi_0733.jpg,pituitary,1
/content/drive/MyDrive/Brain_Tumor_CNN_Project/dataset/Epic and CSCR hospital Dataset/Train/meningioma/Tr-me_1120.jpg,meningioma,1
/content/drive/MyDrive/Brain_Tumor_CNN_Project/dataset/Epic and CSCR hospital Dataset/Train/notumor/Tr-no_0088.jpg,notumor,0
/content/drive/MyDrive/Brain_Tumor_CNN_Project/dataset/Epic and CSCR hospital Dataset/Train/notumor/Tr-no_0115.jpg,notumor,0
/content/drive/MyDrive/Brain_Tumor_CNN_Project/dataset/Epic and CSCR hospital Dataset/Train/notumor/N_50_HF_.jpg,notumor,0
/content/drive/MyDrive/Brain_Tumor_CNN_Project/dataset/Epic and CSCR hospital Dataset/Train/glioma/Tr-gl_0278.jpg,glioma,1
/content/drive/MyDrive/Brain_Tumor_CNN_Project/dataset/Epic and CSCR hospital Dataset/Train/glioma/G_829_DA_.jpg,glioma,1
/content/drive/MyDrive/Brain_Tumor_CNN_Project/dataset/Epic and CSCR hospital Dataset/Train/notumor/N_431_RO_.jpg,notumor,0
/content/drive/MyDrive/Brain_Tumor_CNN_Project/dataset/Epic and CSCR hospital Dataset/Train/meningioma/Tr-me_0975.jpg,meningioma,1
/content/drive/MyDrive/Brain_Tumor_CNN_Project/dataset/Epic and CSCR hospital Dataset/Train/meningioma/Tr-me_0944.jpg,meningioma,1
/content/drive/MyDrive/Brain_Tumor_CNN_Project/dataset/Epic and CSCR hospital Dataset/Train/meningioma/M_887_DA_.jpg,meningioma,1
/content/drive/MyDrive/Brain_Tumor_CNN_Project/dataset/Epic and CSCR hospital Dataset/Train/pituitary/Tr-pi_1177.jpg,pituitary,1
/content/drive/MyDrive/Brain_Tumor_CNN_Project/dataset/Epic and CSCR hospital Dataset/Train/meningioma/M_836_DA_.jpg,meningioma,1
/content/drive/MyDrive/Brain_Tumor_CNN_Project/dataset/Epic and CSCR hospital Dataset/Train/pituitary/Tr-pi_1150.jpg,pituitary,1
/content/drive/MyDrive/Brain_Tumor_CNN_Project/dataset/Epic and CSCR hospital Dataset/Train/glioma/gg (389).jpg,glioma,1
/content/drive/MyDrive/Brain_Tumor_CNN_Project/dataset/Epic and CSCR hospital Dataset/Train/pituitary/Tr-pi_0221.jpg,pituitary,1
/content/drive/MyDrive/Brain_Tumor_CNN_Project/dataset/Epic and CSCR hospital Dataset/Train/pituitary/P_727_DA_.jpg,pituitary,1
/content/drive/MyDrive/Brain_Tumor_CNN_Project/dataset/Epic and CSCR hospital Dataset/Train/pituitary/P_804_BR_.jpg,pituitary,1
/content/drive/MyDrive/Brain_Tumor_CNN_Project/dataset/Epic and CSCR hospital Dataset/Train/glioma/G_733_SP_.jpg,glioma,1
/content/drive/MyDrive/Brain_Tumor_CNN_Project/dataset/Epic and CSCR hospital Dataset/Train/glioma/G_835_BR_.jpg,glioma,1
/content/drive/MyDrive/Brain_Tumor_CNN_Project/dataset/Epic and CSCR hospital Dataset/Train/pituitary/Te-pi_0020.jpg,pituitary,1
/content/drive/MyDrive/Brain_Tumor_CNN_Project/dataset/Epic and CSCR hospital Dataset/Train/glioma/G_742_RO_.jpg,glioma,1
/content/drive/MyDrive/Brain_Tumor_CNN_Project/dataset/Epic and CSCR hospital Dataset/Train/notumor/1695.jpg,notumor,0
/content/drive/MyDrive/Brain_Tumor_CNN_Project/dataset/Epic and CSCR hospital Dataset/Train/glioma/G_768_SP_.jpg,glioma,1
/content/drive/MyDrive/Brain_Tumor_CNN_Project/dataset/Epic and CSCR hospital Dataset/Train/notumor/N_38_DA_.jpg,notumor,0
/content/drive/MyDrive/Brain_Tumor_CNN_Project/dataset/Epic and CSCR hospital Dataset/Train/glioma/gg (565).jpg,glioma,1
/content/drive/MyDrive/Brain_Tumor_CNN_Project/dataset/Epic and CSCR hospital Dataset/Train/pituitary/Tr-pi_1056.jpg,pituitary,1
/content/drive/MyDrive/Brain_Tumor_CNN_Project/dataset/Epic and CSCR hospital Dataset/Train/glioma/G_862_SP_.jpg,glioma,1
/content/drive/MyDrive/Brain_Tumor_CNN_Project/dataset/Epic and CSCR hospital Dataset/Train/glioma/gg (343).jpg,glioma,1
/content/drive/MyDrive/Brain_Tumor_CNN_Project/dataset/Epic and CSCR hospital Dataset/Train/glioma/Tr-gl_1082.jpg,glioma,1
/content/drive/MyDrive/Brain_Tumor_CNN_Project/dataset/Epic and CSCR hospital Dataset/Train/notumor/Te-no_0311.jpg,notumor,0
/content/drive/MyDrive/Brain_Tumor_CNN_Project/dataset/Epic and CSCR hospital Dataset/Train/meningioma/Tr-me_1032.jpg,meningioma,1
/content/drive/MyDrive/Brain_Tumor_CNN_Project/dataset/Epic and CSCR hospital Dataset/Train/glioma/gg (518).jpg,glioma,1
/content/drive/MyDrive/Brain_Tumor_CNN_Project/dataset/Epic and CSCR hospital Dataset/Train/glioma/Tr-gl_0164.jpg,glioma,1
/content/drive/MyDrive/Brain_Tumor_CNN_Project/dataset/Epic and CSCR hospital Dataset/Train/pituitary/P_806_RO_.jpg,pituitary,1
/content/drive/MyDrive/Brain_Tumor_CNN_Project/dataset/Epic and CSCR hospital Dataset/Train/notumor/1598.jpg,notumor,0
/content/drive/MyDrive/Brain_Tumor_CNN_Project/dataset/Epic and CSCR hospital Dataset/Train/meningioma/Tr-me_0429.jpg,meningioma,1
/content/drive/MyDrive/Brain_Tumor_CNN_Project/dataset/Epic and CSCR hospital Dataset/Train/pituitary/P_781_VF_.jpg,pituitary,1
/content/drive/MyDrive/Brain_Tumor_CNN_Project/dataset/Epic and CSCR hospital Dataset/Train/meningioma/Tr-me_1020.jpg,meningioma,1
/content/drive/MyDrive/Brain_Tumor_CNN_Project/dataset/Epic and CSCR hospital Dataset/Train/notumor/Tr-no_0336.jpg,notumor,0
/content/drive/MyDrive/Brain_Tumor_CNN_Project/dataset/Epic and CSCR hospital Dataset/Train/pituitary/Tr-pi_1095.jpg,pituitary,1
/content/drive/MyDrive/Brain_Tumor_CNN_Project/dataset/Epic and CSCR hospital Dataset/Train/meningioma/1353.jpg,meningioma,1
/content/drive/MyDrive/Brain_Tumor_CNN_Project/dataset/Epic and CSCR hospital Dataset/Train/meningioma/Te-me_0152.jpg,meningioma,1
/content/drive/MyDrive/Brain_Tumor_CNN_Project/dataset/Epic and CSCR hospital Dataset/Train/glioma/Tr-gl_0440.jpg,glioma,1
/content/drive/MyDrive/Brain_Tumor_CNN_Project/dataset/Epic and CSCR hospital Dataset/Train/glioma/Tr-gl_1080.jpg,glioma,1
/content/drive/MyDrive/Brain_Tumor_CNN_Project/dataset/Epic and CSCR hospital Dataset/Train/meningioma/Tr-me_0240.jpg,meningioma,1
/content/drive/MyDrive/Brain_Tumor_CNN_Project/dataset/Epic and CSCR hospital Dataset/Train/meningioma/Tr-me_0188.jpg,meningioma,1
/content/drive/MyDrive/Brain_Tumor_CNN_Project/dataset/Epic and CSCR hospital Dataset/Train/pituitary/P_722_DA_.jpg,pituitary,1
/content/drive/MyDrive/Brain_Tumor_CNN_Project/dataset/Epic and CSCR hospital Dataset/Train/notumor/N_437_HF_.jpg,notumor,0
/content/drive/MyDrive/Brain_Tumor_CNN_Project/dataset/Epic and CSCR hospital Dataset/Train/glioma/Te-gl_0233.jpg,glioma,1
/content/drive/MyDrive/Brain_Tumor_CNN_Project/dataset/Epic and CSCR hospital Dataset/Train/notumor/Te-no_0066.jpg,notumor,0
/content/drive/MyDrive/Brain_Tumor_CNN_Project/dataset/Epic and CSCR hospital Dataset/Train/pituitary/Te-pi_0205.jpg,pituitary,1
/content/drive/MyDrive/Brain_Tumor_CNN_Project/dataset/Epic and CSCR hospital Dataset/Train/pituitary/Tr-pi_1452.jpg,pituitary,1
/content/drive/MyDrive/Brain_Tumor_CNN_Project/dataset/Epic and CSCR hospital Dataset/Train/notumor/N_4_RO_.jpg,notumor,0
/content/drive/MyDrive/Brain_Tumor_CNN_Project/dataset/Epic and CSCR hospital Dataset/Train/notumor/N_404_VF_.jpg,notumor,0
/content/drive/MyDrive/Brain_Tumor_CNN_Project/dataset/Epic and CSCR hospital Dataset/Train/glioma/Tr-gl_0554.jpg,glioma,1
/content/drive/MyDrive/Brain_Tumor_CNN_Project/dataset/Epic and CSCR hospital Dataset/Train/notumor/N_419_BR_.jpg,notumor,0
/content/drive/MyDrive/Brain_Tumor_CNN_Project/dataset/Epic and CSCR hospital Dataset/Train/notumor/Tr-no_0109.jpg,notumor,0
/content/drive/MyDrive/Brain_Tumor_CNN_Project/dataset/Epic and CSCR hospital Dataset/Train/notumor/Tr-no_0510.jpg,notumor,0
/content/drive/MyDrive/Brain_Tumor_CNN_Project/dataset/Epic and CSCR hospital Dataset/Train/notumor/1661.jpg,notumor,0
/content/drive/MyDrive/Brain_Tumor_CNN_Project/dataset/Epic and CSCR hospital Dataset/Train/pituitary/Tr-pi_0314.jpg,pituitary,1
/content/drive/MyDrive/Brain_Tumor_CNN_Project/dataset/Epic and CSCR hospital Dataset/Train/glioma/Tr-gl_0212.jpg,glioma,1
/content/drive/MyDrive/Brain_Tumor_CNN_Project/dataset/Epic and CSCR hospital Dataset/Train/meningioma/Tr-me_0356.jpg,meningioma,1
/content/drive/MyDrive/Brain_Tumor_CNN_Project/dataset/Epic and CSCR hospital Dataset/Train/pituitary/P_789_VF_.jpg,pituitary,1
/content/drive/MyDrive/Brain_Tumor_CNN_Project/dataset/Epic and CSCR hospital Dataset/Train/glioma/G_744_RO_.jpg,glioma,1
/content/drive/MyDrive/Brain_Tumor_CNN_Project/dataset/Epic and CSCR hospital Dataset/Train/glioma/G_780_VF_.jpg,glioma,1
/content/drive/MyDrive/Brain_Tumor_CNN_Project/dataset/Epic and CSCR hospital Dataset/Train/pituitary/Tr-pi_0540.jpg,pituitary,1
/content/drive/MyDrive/Brain_Tumor_CNN_Project/dataset/Epic and CSCR hospital Dataset/Train/pituitary/Tr-pi_1354.jpg,pituitary,1
/content/drive/MyDrive/Brain_Tumor_CNN_Project/dataset/Epic and CSCR hospital Dataset/Train/pituitary/Tr-pi_1326.jpg,pituitary,1
/content/drive/MyDrive/Brain_Tumor_CNN_Project/dataset/Epic and CSCR hospital Dataset/Train/meningioma/m2 (171).jpg,meningioma,1
/content/drive/MyDrive/Brain_Tumor_CNN_Project/dataset/Epic and CSCR hospital Dataset/Train/pituitary/P_819_DA_.jpg,pituitary,1
/content/drive/MyDrive/Brain_Tumor_CNN_Project/dataset/Epic and CSCR hospital Dataset/Train/pituitary/P_834_SP_.jpg,pituitary,1
/content/drive/MyDrive/Brain_Tumor_CNN_Project/dataset/Epic and CSCR hospital Dataset/Train/glioma/Tr-gl_0683.jpg,glioma,1
/content/drive/MyDrive/Brain_Tumor_CNN_Project/dataset/Epic and CSCR hospital Dataset/Train/glioma/G_828_RO_.jpg,glioma,1
/content/drive/MyDrive/Brain_Tumor_CNN_Project/dataset/Epic and CSCR hospital Dataset/Train/notumor/N_420_RO_.jpg,notumor,0
/content/drive/MyDrive/Brain_Tumor_CNN_Project/dataset/Epic and CSCR hospital Dataset/Train/pituitary/P_722_RO_.jpg,pituitary,1
/content/drive/MyDrive/Brain_Tumor_CNN_Project/dataset/Epic and CSCR hospital Dataset/Train/glioma/gg (567).jpg,glioma,1
/content/drive/MyDrive/Brain_Tumor_CNN_Project/dataset/Epic and CSCR hospital Dataset/Train/notumor/Te-no_0236.jpg,notumor,0
/content/drive/MyDrive/Brain_Tumor_CNN_Project/dataset/Epic and CSCR hospital Dataset/Train/pituitary/Te-pi_0150.jpg,pituitary,1
/content/drive/MyDrive/Brain_Tumor_CNN_Project/dataset/Epic and CSCR hospital Dataset/Train/glioma/G_816.jpg,glioma,1
/content/drive/MyDrive/Brain_Tumor_CNN_Project/dataset/Epic and CSCR hospital Dataset/Train/glioma/G_882.jpg,glioma,1
/content/drive/MyDrive/Brain_Tumor_CNN_Project/dataset/Epic and CSCR hospital Dataset/Train/pituitary/p (495).jpg,pituitary,1
/content/drive/MyDrive/Brain_Tumor_CNN_Project/dataset/Epic and CSCR hospital Dataset/Train/glioma/gg (348).jpg,glioma,1
/content/drive/MyDrive/Brain_Tumor_CNN_Project/dataset/Epic and CSCR hospital Dataset/Train/pituitary/Tr-pi_0051.jpg,pituitary,1
/content/drive/MyDrive/Brain_Tumor_CNN_Project/dataset/Epic and CSCR hospital Dataset/Train/notumor/N_45_SP_.jpg,notumor,0
/content/drive/MyDrive/Brain_Tumor_CNN_Project/dataset/Epic and CSCR hospital Dataset/Train/pituitary/P_714.jpg,pituitary,1
/content/drive/MyDrive/Brain_Tumor_CNN_Project/dataset/Epic and CSCR hospital Dataset/Train/glioma/G_875_RO_.jpg,glioma,1
/content/drive/MyDrive/Brain_Tumor_CNN_Project/dataset/Epic and CSCR hospital Dataset/Train/notumor/N_412_HF_.jpg,notumor,0
/content/drive/MyDrive/Brain_Tumor_CNN_Project/dataset/Epic and CSCR hospital Dataset/Train/glioma/G_848_RO_.jpg,glioma,1
/content/drive/MyDrive/Brain_Tumor_CNN_Project/dataset/Epic and CSCR hospital Dataset/Train/glioma/G_795_RO_.jpg,glioma,1
/content/drive/MyDrive/Brain_Tumor_CNN_Project/dataset/Epic and CSCR hospital Dataset/Train/meningioma/Tr-me_0842.jpg,meningioma,1
/content/drive/MyDrive/Brain_Tumor_CNN_Project/dataset/Epic and CSCR hospital Dataset/Train/notumor/N_388_BR_.jpg,notumor,0
/content/drive/MyDrive/Brain_Tumor_CNN_Project/dataset/Epic and CSCR hospital Dataset/Train/notumor/Te-no_0155.jpg,notumor,0
/content/drive/MyDrive/Brain_Tumor_CNN_Project/dataset/Epic and CSCR hospital Dataset/Train/notumor/N_423_HF_.jpg,notumor,0
/content/drive/MyDrive/Brain_Tumor_CNN_Project/dataset/Epic and CSCR hospital Dataset/Train/pituitary/Tr-pi_0727.jpg,pituitary,1
/content/drive/MyDrive/Brain_Tumor_CNN_Project/dataset/Epic and CSCR hospital Dataset/Train/meningioma/Tr-me_1050.jpg,meningioma,1
/content/drive/MyDrive/Brain_Tumor_CNN_Project/dataset/Epic and CSCR hospital Dataset/Train/glioma/G_836_DA_.jpg,glioma,1
/content/drive/MyDrive/Brain_Tumor_CNN_Project/dataset/Epic and CSCR hospital Dataset/Train/notumor/Te-no_0265.jpg,notumor,0
/content/drive/MyDrive/Brain_Tumor_CNN_Project/dataset/Epic and CSCR hospital Dataset/Train/pituitary/Te-pi_0140.jpg,pituitary,1
/content/drive/MyDrive/Brain_Tumor_CNN_Project/dataset/Epic and CSCR hospital Dataset/Train/glioma/gg (545).jpg,glioma,1
/content/drive/MyDrive/Brain_Tumor_CNN_Project/dataset/Epic and CSCR hospital Dataset/Train/pituitary/Tr-pi_0749.jpg,pituitary,1
/content/drive/MyDrive/Brain_Tumor_CNN_Project/dataset/Epic and CSCR hospital Dataset/Train/pituitary/p (557).jpg,pituitary,1
/content/drive/MyDrive/Brain_Tumor_CNN_Project/dataset/Epic and CSCR hospital Dataset/Train/pituitary/P_824_BR_.jpg,pituitary,1
/content/drive/MyDrive/Brain_Tumor_CNN_Project/dataset/Epic and CSCR hospital Dataset/Train/glioma/G_803_BR_.jpg,glioma,1
/content/drive/MyDrive/Brain_Tumor_CNN_Project/dataset/Epic and CSCR hospital Dataset/Train/meningioma/M_842_BR_.jpg,meningioma,1
/content/drive/MyDrive/Brain_Tumor_CNN_Project/dataset/Epic and CSCR hospital Dataset/Train/pituitary/P_823_DA_.jpg,pituitary,1
/content/drive/MyDrive/Brain_Tumor_CNN_Project/dataset/Epic and CSCR hospital Dataset/Train/meningioma/Tr-me_0566.jpg,meningioma,1
/content/drive/MyDrive/Brain_Tumor_CNN_Project/dataset/Epic and CSCR hospital Dataset/Train/glioma/Tr-gl_1091.jpg,glioma,1
/content/drive/MyDrive/Brain_Tumor_CNN_Project/dataset/Epic and CSCR hospital Dataset/Train/pituitary/P_839.jpg,pituitary,1
/content/drive/MyDrive/Brain_Tumor_CNN_Project/dataset/Epic and CSCR hospital Dataset/Train/glioma/G_85_SP_.jpg,glioma,1
/content/drive/MyDrive/Brain_Tumor_CNN_Project/dataset/Epic and CSCR hospital Dataset/Train/glioma/gg (486).jpg,glioma,1
/content/drive/MyDrive/Brain_Tumor_CNN_Project/dataset/Epic and CSCR hospital Dataset/Train/pituitary/p (503).jpg,pituitary,1
/content/drive/MyDrive/Brain_Tumor_CNN_Project/dataset/Epic and CSCR hospital Dataset/Train/notumor/1801.jpg,notumor,0
/content/drive/MyDrive/Brain_Tumor_CNN_Project/dataset/Epic and CSCR hospital Dataset/Train/pituitary/P_751_BR_.jpg,pituitary,1
/content/drive/MyDrive/Brain_Tumor_CNN_Project/dataset/Epic and CSCR hospital Dataset/Train/meningioma/M_855.jpg,meningioma,1
/content/drive/MyDrive/Brain_Tumor_CNN_Project/dataset/Epic and CSCR hospital Dataset/Train/meningioma/M_844.jpg,meningioma,1
/content/drive/MyDrive/Brain_Tumor_CNN_Project/dataset/Epic and CSCR hospital Dataset/Train/pituitary/Tr-pi_1098.jpg,pituitary,1
/content/drive/MyDrive/Brain_Tumor_CNN_Project/dataset/Epic and CSCR hospital Dataset/Train/pituitary/Tr-pi_0295.jpg,pituitary,1
/content/drive/MyDrive/Brain_Tumor_CNN_Project/dataset/Epic and CSCR hospital Dataset/Train/glioma/gg (536).jpg,glioma,1
/content/drive/MyDrive/Brain_Tumor_CNN_Project/dataset/Epic and CSCR hospital Dataset/Train/notumor/N_380_DA_.jpg,notumor,0
/content/drive/MyDrive/Brain_Tumor_CNN_Project/dataset/Epic and CSCR hospital Dataset/Train/pituitary/P_751_HF_.jpg,pituitary,1
/content/drive/MyDrive/Brain_Tumor_CNN_Project/dataset/Epic and CSCR hospital Dataset/Train/glioma/G_717_HF_.jpg,glioma,1
/content/drive/MyDrive/Brain_Tumor_CNN_Project/dataset/Epic and CSCR hospital Dataset/Train/glioma/G_852_BR_.jpg,glioma,1
/content/drive/MyDrive/Brain_Tumor_CNN_Project/dataset/Epic and CSCR hospital Dataset/Train/pituitary/P_725_VF_.jpg,pituitary,1
/content/drive/MyDrive/Brain_Tumor_CNN_Project/dataset/Epic and CSCR hospital Dataset/Train/pituitary/P_745_HF_.jpg,pituitary,1
/content/drive/MyDrive/Brain_Tumor_CNN_Project/dataset/Epic and CSCR hospital Dataset/Train/meningioma/Te-me_0201.jpg,meningioma,1
/content/drive/MyDrive/Brain_Tumor_CNN_Project/dataset/Epic and CSCR hospital Dataset/Train/notumor/1926.jpg,notumor,0
/content/drive/MyDrive/Brain_Tumor_CNN_Project/dataset/Epic and CSCR hospital Dataset/Train/glioma/image(10).jpg,glioma,1
/content/drive/MyDrive/Brain_Tumor_CNN_Project/dataset/Epic and CSCR hospital Dataset/Train/pituitary/P_742_DA_.jpg,pituitary,1
/content/drive/MyDrive/Brain_Tumor_CNN_Project/dataset/Epic and CSCR hospital Dataset/Train/meningioma/Tr-me_1163.jpg,meningioma,1
/content/drive/MyDrive/Brain_Tumor_CNN_Project/dataset/Epic and CSCR hospital Dataset/Train/meningioma/Tr-me_0352.jpg,meningioma,1
/content/drive/MyDrive/Brain_Tumor_CNN_Project/dataset/Epic and CSCR hospital Dataset/Train/meningioma/Tr-me_0325.jpg,meningioma,1
/content/drive/MyDrive/Brain_Tumor_CNN_Project/dataset/Epic and CSCR hospital Dataset/Train/meningioma/Tr-me_1121.jpg,meningioma,1
/content/drive/MyDrive/Brain_Tumor_CNN_Project/dataset/Epic and CSCR hospital Dataset/Train/glioma/gg (581).jpg,glioma,1
/content/drive/MyDrive/Brain_Tumor_CNN_Project/dataset/Epic and CSCR hospital Dataset/Train/pituitary/Tr-pi_0640.jpg,pituitary,1
/content/drive/MyDrive/Brain_Tumor_CNN_Project/dataset/Epic and CSCR hospital Dataset/Train/glioma/G_817_RO_.jpg,glioma,1
/content/drive/MyDrive/Brain_Tumor_CNN_Project/dataset/Epic and CSCR hospital Dataset/Train/glioma/Te-gl_0244.jpg,glioma,1
/content/drive/MyDrive/Brain_Tumor_CNN_Project/dataset/Epic and CSCR hospital Dataset/Train/glioma/Te-gl_0111.jpg,glioma,1
/content/drive/MyDrive/Brain_Tumor_CNN_Project/dataset/Epic and CSCR hospital Dataset/Train/meningioma/Tr-me_0100.jpg,meningioma,1
/content/drive/MyDrive/Brain_Tumor_CNN_Project/dataset/Epic and CSCR hospital Dataset/Train/glioma/Tr-gl_0301.jpg,glioma,1
/content/drive/MyDrive/Brain_Tumor_CNN_Project/dataset/Epic and CSCR hospital Dataset/Train/meningioma/M_880_RO_.jpg,meningioma,1
/content/drive/MyDrive/Brain_Tumor_CNN_Project/dataset/Epic and CSCR hospital Dataset/Train/glioma/Tr-gl_0811.jpg,glioma,1
/content/drive/MyDrive/Brain_Tumor_CNN_Project/dataset/Epic and CSCR hospital Dataset/Train/pituitary/P_834_HF_.jpg,pituitary,1
/content/drive/MyDrive/Brain_Tumor_CNN_Project/dataset/Epic and CSCR hospital Dataset/Train/meningioma/m1(93).jpg,meningioma,1
/content/drive/MyDrive/Brain_Tumor_CNN_Project/dataset/Epic and CSCR hospital Dataset/Train/pituitary/P_8.jpg,pituitary,1
/content/drive/MyDrive/Brain_Tumor_CNN_Project/dataset/Epic and CSCR hospital Dataset/Train/meningioma/1405.jpg,meningioma,1
/content/drive/MyDrive/Brain_Tumor_CNN_Project/dataset/Epic and CSCR hospital Dataset/Train/meningioma/M_886_SP_.jpg,meningioma,1
/content/drive/MyDrive/Brain_Tumor_CNN_Project/dataset/Epic and CSCR hospital Dataset/Train/notumor/N_380.jpg,notumor,0
/content/drive/MyDrive/Brain_Tumor_CNN_Project/dataset/Epic and CSCR hospital Dataset/Train/glioma/G_791_SP_.jpg,glioma,1
/content/drive/MyDrive/Brain_Tumor_CNN_Project/dataset/Epic and CSCR hospital Dataset/Train/notumor/N_410_SP_.jpg,notumor,0
/content/drive/MyDrive/Brain_Tumor_CNN_Project/dataset/Epic and CSCR hospital Dataset/Train/glioma/Tr-gl_0386.jpg,glioma,1
/content/drive/MyDrive/Brain_Tumor_CNN_Project/dataset/Epic and CSCR hospital Dataset/Train/glioma/Tr-gl_0955.jpg,glioma,1
/content/drive/MyDrive/Brain_Tumor_CNN_Project/dataset/Epic and CSCR hospital Dataset/Train/meningioma/Tr-me_0449.jpg,meningioma,1
/content/drive/MyDrive/Brain_Tumor_CNN_Project/dataset/Epic and CSCR hospital Dataset/Train/notumor/Tr-no_0181.jpg,notumor,0
/content/drive/MyDrive/Brain_Tumor_CNN_Project/dataset/Epic and CSCR hospital Dataset/Train/meningioma/Te-me_0148.jpg,meningioma,1
/content/drive/MyDrive/Brain_Tumor_CNN_Project/dataset/Epic and CSCR hospital Dataset/Train/meningioma/Tr-me_0956.jpg,meningioma,1
/content/drive/MyDrive/Brain_Tumor_CNN_Project/dataset/Epic and CSCR hospital Dataset/Train/meningioma/Tr-me_0216.jpg,meningioma,1
/content/drive/MyDrive/Brain_Tumor_CNN_Project/dataset/Epic and CSCR hospital Dataset/Train/pituitary/Te-pi_0129.jpg,pituitary,1
/content/drive/MyDrive/Brain_Tumor_CNN_Project/dataset/Epic and CSCR hospital Dataset/Train/glioma/G_887_VF_.jpg,glioma,1
/content/drive/MyDrive/Brain_Tumor_CNN_Project/dataset/Epic and CSCR hospital Dataset/Train/glioma/G_783_SP_.jpg,glioma,1
/content/drive/MyDrive/Brain_Tumor_CNN_Project/dataset/Epic and CSCR hospital Dataset/Train/meningioma/Tr-me_0251.jpg,meningioma,1
/content/drive/MyDrive/Brain_Tumor_CNN_Project/dataset/Epic and CSCR hospital Dataset/Train/pituitary/Tr-pi_0439.jpg,pituitary,1
/content/drive/MyDrive/Brain_Tumor_CNN_Project/dataset/Epic and CSCR hospital Dataset/Train/meningioma/Tr-me_0033.jpg,meningioma,1
/content/drive/MyDrive/Brain_Tumor_CNN_Project/dataset/Epic and CSCR hospital Dataset/Train/glioma/gg (593).jpg,glioma,1
/content/drive/MyDrive/Brain_Tumor_CNN_Project/dataset/Epic and CSCR hospital Dataset/Train/glioma/G_86_RO_.jpg,glioma,1
/content/drive/MyDrive/Brain_Tumor_CNN_Project/dataset/Epic and CSCR hospital Dataset/Train/notumor/Tr-no_0506.jpg,notumor,0
/content/drive/MyDrive/Brain_Tumor_CNN_Project/dataset/Epic and CSCR hospital Dataset/Train/glioma/Tr-gl_0594.jpg,glioma,1
/content/drive/MyDrive/Brain_Tumor_CNN_Project/dataset/Epic and CSCR hospital Dataset/Train/glioma/G_776_BR_.jpg,glioma,1
/content/drive/MyDrive/Brain_Tumor_CNN_Project/dataset/Epic and CSCR hospital Dataset/Train/notumor/Tr-no_0108.jpg,notumor,0
/content/drive/MyDrive/Brain_Tumor_CNN_Project/dataset/Epic and CSCR hospital Dataset/Train/notumor/N_47_HF_.jpg,notumor,0
/content/drive/MyDrive/Brain_Tumor_CNN_Project/dataset/Epic and CSCR hospital Dataset/Train/pituitary/P_812.jpg,pituitary,1
/content/drive/MyDrive/Brain_Tumor_CNN_Project/dataset/Epic and CSCR hospital Dataset/Train/meningioma/Tr-me_1062.jpg,meningioma,1
/content/drive/MyDrive/Brain_Tumor_CNN_Project/dataset/Epic and CSCR hospital Dataset/Train/notumor/N_381_HF_.jpg,notumor,0
/content/drive/MyDrive/Brain_Tumor_CNN_Project/dataset/Epic and CSCR hospital Dataset/Train/pituitary/Tr-pi_0253.jpg,pituitary,1
/content/drive/MyDrive/Brain_Tumor_CNN_Project/dataset/Epic and CSCR hospital Dataset/Train/meningioma/Tr-me_0432.jpg,meningioma,1
/content/drive/MyDrive/Brain_Tumor_CNN_Project/dataset/Epic and CSCR hospital Dataset/Train/glioma/gg (499).jpg,glioma,1
/content/drive/MyDrive/Brain_Tumor_CNN_Project/dataset/Epic and CSCR hospital Dataset/Train/pituitary/P_769_VF_.jpg,pituitary,1
/content/drive/MyDrive/Brain_Tumor_CNN_Project/dataset/Epic and CSCR hospital Dataset/Train/pituitary/Te-pi_0197.jpg,pituitary,1
/content/drive/MyDrive/Brain_Tumor_CNN_Project/dataset/Epic and CSCR hospital Dataset/Train/pituitary/Tr-pi_1330.jpg,pituitary,1
/content/drive/MyDrive/Brain_Tumor_CNN_Project/dataset/Epic and CSCR hospital Dataset/Train/notumor/1628.jpg,notumor,0
/content/drive/MyDrive/Brain_Tumor_CNN_Project/dataset/Epic and CSCR hospital Dataset/Train/meningioma/M_851_VF_.jpg,meningioma,1
/content/drive/MyDrive/Brain_Tumor_CNN_Project/dataset/Epic and CSCR hospital Dataset/Train/meningioma/Tr-me_0187.jpg,meningioma,1
/content/drive/MyDrive/Brain_Tumor_CNN_Project/dataset/Epic and CSCR hospital Dataset/Train/pituitary/P_755_RO_.jpg,pituitary,1
/content/drive/MyDrive/Brain_Tumor_CNN_Project/dataset/Epic and CSCR hospital Dataset/Train/notumor/N_51_DA_.jpg,notumor,0
/content/drive/MyDrive/Brain_Tumor_CNN_Project/dataset/Epic and CSCR hospital Dataset/Train/notumor/Tr-no_0355.jpg,notumor,0
/content/drive/MyDrive/Brain_Tumor_CNN_Project/dataset/Epic and CSCR hospital Dataset/Train/meningioma/Tr-me_0905.jpg,meningioma,1
/content/drive/MyDrive/Brain_Tumor_CNN_Project/dataset/Epic and CSCR hospital Dataset/Train/glioma/Te-gl_0183.jpg,glioma,1
/content/drive/MyDrive/Brain_Tumor_CNN_Project/dataset/Epic and CSCR hospital Dataset/Train/glioma/G_802_VF_.jpg,glioma,1
/content/drive/MyDrive/Brain_Tumor_CNN_Project/dataset/Epic and CSCR hospital Dataset/Train/glioma/G_717_DA_.jpg,glioma,1
/content/drive/MyDrive/Brain_Tumor_CNN_Project/dataset/Epic and CSCR hospital Dataset/Train/glioma/G_833_DA_.jpg,glioma,1
/content/drive/MyDrive/Brain_Tumor_CNN_Project/dataset/Epic and CSCR hospital Dataset/Train/notumor/Tr-no_0177.jpg,notumor,0
/content/drive/MyDrive/Brain_Tumor_CNN_Project/dataset/Epic and CSCR hospital Dataset/Train/glioma/G_831_DA_.jpg,glioma,1
/content/drive/MyDrive/Brain_Tumor_CNN_Project/dataset/Epic and CSCR hospital Dataset/Train/meningioma/M_854_HF_.jpg,meningioma,1
/content/drive/MyDrive/Brain_Tumor_CNN_Project/dataset/Epic and CSCR hospital Dataset/Train/meningioma/Tr-me_0916.jpg,meningioma,1
/content/drive/MyDrive/Brain_Tumor_CNN_Project/dataset/Epic and CSCR hospital Dataset/Train/glioma/Tr-gl_1076.jpg,glioma,1
/content/drive/MyDrive/Brain_Tumor_CNN_Project/dataset/Epic and CSCR hospital Dataset/Train/glioma/Tr-gl_0891.jpg,glioma,1
/content/drive/MyDrive/Brain_Tumor_CNN_Project/dataset/Epic and CSCR hospital Dataset/Train/notumor/N_405_DA_.jpg,notumor,0
/content/drive/MyDrive/Brain_Tumor_CNN_Project/dataset/Epic and CSCR hospital Dataset/Train/notumor/Te-no_0241.jpg,notumor,0
/content/drive/MyDrive/Brain_Tumor_CNN_Project/dataset/Epic and CSCR hospital Dataset/Train/pituitary/Tr-pi_0583.jpg,pituitary,1
/content/drive/MyDrive/Brain_Tumor_CNN_Project/dataset/Epic and CSCR hospital Dataset/Train/pituitary/Tr-pi_0743.jpg,pituitary,1
/content/drive/MyDrive/Brain_Tumor_CNN_Project/dataset/Epic and CSCR hospital Dataset/Train/glioma/Tr-gl_0530.jpg,glioma,1
/content/drive/MyDrive/Brain_Tumor_CNN_Project/dataset/Epic and CSCR hospital Dataset/Train/glioma/G_788.jpg,glioma,1
/content/drive/MyDrive/Brain_Tumor_CNN_Project/dataset/Epic and CSCR hospital Dataset/Train/pituitary/p (597).jpg,pituitary,1
/content/drive/MyDrive/Brain_Tumor_CNN_Project/dataset/Epic and CSCR hospital Dataset/Train/glioma/G_753_BR_.jpg,glioma,1
/content/drive/MyDrive/Brain_Tumor_CNN_Project/dataset/Epic and CSCR hospital Dataset/Train/notumor/Tr-no_0384.jpg,notumor,0
/content/drive/MyDrive/Brain_Tumor_CNN_Project/dataset/Epic and CSCR hospital Dataset/Train/notumor/1629.jpg,notumor,0
/content/drive/MyDrive/Brain_Tumor_CNN_Project/dataset/Epic and CSCR hospital Dataset/Train/meningioma/m3 (106).jpg,meningioma,1
/content/drive/MyDrive/Brain_Tumor_CNN_Project/dataset/Epic and CSCR hospital Dataset/Train/glioma/Tr-gl_1105.jpg,glioma,1
/content/drive/MyDrive/Brain_Tumor_CNN_Project/dataset/Epic and CSCR hospital Dataset/Train/glioma/Tr-gl_0065.jpg,glioma,1
/content/drive/MyDrive/Brain_Tumor_CNN_Project/dataset/Epic and CSCR hospital Dataset/Train/notumor/image(178).jpg,notumor,0
/content/drive/MyDrive/Brain_Tumor_CNN_Project/dataset/Epic and CSCR hospital Dataset/Train/notumor/35 no.jpg,notumor,0
/content/drive/MyDrive/Brain_Tumor_CNN_Project/dataset/Epic and CSCR hospital Dataset/Train/glioma/G_734_HF_.jpg,glioma,1
/content/drive/MyDrive/Brain_Tumor_CNN_Project/dataset/Epic and CSCR hospital Dataset/Train/glioma/G_877_DA_.jpg,glioma,1
/content/drive/MyDrive/Brain_Tumor_CNN_Project/dataset/Epic and CSCR hospital Dataset/Train/notumor/N_415_HF_.jpg,notumor,0
/content/drive/MyDrive/Brain_Tumor_CNN_Project/dataset/Epic and CSCR hospital Dataset/Train/meningioma/Tr-me_0461.jpg,meningioma,1
/content/drive/MyDrive/Brain_Tumor_CNN_Project/dataset/Epic and CSCR hospital Dataset/Train/notumor/Tr-no_0668.jpg,notumor,0
/content/drive/MyDrive/Brain_Tumor_CNN_Project/dataset/Epic and CSCR hospital Dataset/Train/glioma/G_832_RO_.jpg,glioma,1
/content/drive/MyDrive/Brain_Tumor_CNN_Project/dataset/Epic and CSCR hospital Dataset/Train/glioma/G_885_BR_.jpg,glioma,1
/content/drive/MyDrive/Brain_Tumor_CNN_Project/dataset/Epic and CSCR hospital Dataset/Train/meningioma/Te-me_0267.jpg,meningioma,1
/content/drive/MyDrive/Brain_Tumor_CNN_Project/dataset/Epic and CSCR hospital Dataset/Train/meningioma/m2 (12).jpg,meningioma,1
/content/drive/MyDrive/Brain_Tumor_CNN_Project/dataset/Epic and CSCR hospital Dataset/Train/notumor/1722.jpg,notumor,0
/content/drive/MyDrive/Brain_Tumor_CNN_Project/dataset/Epic and CSCR hospital Dataset/Train/glioma/Tr-gl_0882.jpg,glioma,1
/content/drive/MyDrive/Brain_Tumor_CNN_Project/dataset/Epic and CSCR hospital Dataset/Train/glioma/G_816_SP_.jpg,glioma,1
/content/drive/MyDrive/Brain_Tumor_CNN_Project/dataset/Epic and CSCR hospital Dataset/Train/notumor/image(147) - Copy.jpg,notumor,0
/content/drive/MyDrive/Brain_Tumor_CNN_Project/dataset/Epic and CSCR hospital Dataset/Train/notumor/Te-no_0368.jpg,notumor,0
/content/drive/MyDrive/Brain_Tumor_CNN_Project/dataset/Epic and CSCR hospital Dataset/Train/notumor/image(162).jpg,notumor,0
/content/drive/MyDrive/Brain_Tumor_CNN_Project/dataset/Epic and CSCR hospital Dataset/Train/meningioma/Tr-me_0819.jpg,meningioma,1
/content/drive/MyDrive/Brain_Tumor_CNN_Project/dataset/Epic and CSCR hospital Dataset/Train/glioma/G_790_BR_.jpg,glioma,1
/content/drive/MyDrive/Brain_Tumor_CNN_Project/dataset/Epic and CSCR hospital Dataset/Train/notumor/Tr-no_0074.jpg,notumor,0
/content/drive/MyDrive/Brain_Tumor_CNN_Project/dataset/Epic and CSCR hospital Dataset/Train/glioma/gg (676).jpg,glioma,1
/content/drive/MyDrive/Brain_Tumor_CNN_Project/dataset/Epic and CSCR hospital Dataset/Train/notumor/N_414_BR_.jpg,notumor,0
/content/drive/MyDrive/Brain_Tumor_CNN_Project/dataset/Epic and CSCR hospital Dataset/Train/pituitary/P_753_HF_.jpg,pituitary,1
/content/drive/MyDrive/Brain_Tumor_CNN_Project/dataset/Epic and CSCR hospital Dataset/Train/pituitary/Tr-pi_1362.jpg,pituitary,1
/content/drive/MyDrive/Brain_Tumor_CNN_Project/dataset/Epic and CSCR hospital Dataset/Train/notumor/Tr-no_0423.jpg,notumor,0
/content/drive/MyDrive/Brain_Tumor_CNN_Project/dataset/Epic and CSCR hospital Dataset/Train/meningioma/Tr-me_0233.jpg,meningioma,1
/content/drive/MyDrive/Brain_Tumor_CNN_Project/dataset/Epic and CSCR hospital Dataset/Train/notumor/Te-no_0298.jpg,notumor,0
/content/drive/MyDrive/Brain_Tumor_CNN_Project/dataset/Epic and CSCR hospital Dataset/Train/glioma/Tr-gl_0341.jpg,glioma,1
/content/drive/MyDrive/Brain_Tumor_CNN_Project/dataset/Epic and CSCR hospital Dataset/Train/glioma/G_849_DA_.jpg,glioma,1
/content/drive/MyDrive/Brain_Tumor_CNN_Project/dataset/Epic and CSCR hospital Dataset/Train/glioma/Tr-gl_0937.jpg,glioma,1
/content/drive/MyDrive/Brain_Tumor_CNN_Project/dataset/Epic and CSCR hospital Dataset/Train/pituitary/Tr-pi_1322.jpg,pituitary,1
/content/drive/MyDrive/Brain_Tumor_CNN_Project/dataset/Epic and CSCR hospital Dataset/Train/notumor/1922.jpg,notumor,0
/content/drive/MyDrive/Brain_Tumor_CNN_Project/dataset/Epic and CSCR hospital Dataset/Train/meningioma/1305.jpg,meningioma,1
/content/drive/MyDrive/Brain_Tumor_CNN_Project/dataset/Epic and CSCR hospital Dataset/Train/glioma/G_731.jpg,glioma,1
/content/drive/MyDrive/Brain_Tumor_CNN_Project/dataset/Epic and CSCR hospital Dataset/Train/pituitary/P_705_HF_.jpg,pituitary,1
/content/drive/MyDrive/Brain_Tumor_CNN_Project/dataset/Epic and CSCR hospital Dataset/Train/meningioma/Te-me_0120.jpg,meningioma,1
/content/drive/MyDrive/Brain_Tumor_CNN_Project/dataset/Epic and CSCR hospital Dataset/Train/notumor/1859.jpg,notumor,0
/content/drive/MyDrive/Brain_Tumor_CNN_Project/dataset/Epic and CSCR hospital Dataset/Train/pituitary/P_78_SP_.jpg,pituitary,1
/content/drive/MyDrive/Brain_Tumor_CNN_Project/dataset/Epic and CSCR hospital Dataset/Train/pituitary/Tr-pi_1158.jpg,pituitary,1
/content/drive/MyDrive/Brain_Tumor_CNN_Project/dataset/Epic and CSCR hospital Dataset/Train/glioma/G_856_HF_.jpg,glioma,1
/content/drive/MyDrive/Brain_Tumor_CNN_Project/dataset/Epic and CSCR hospital Dataset/Train/glioma/Tr-gl_1050.jpg,glioma,1
/content/drive/MyDrive/Brain_Tumor_CNN_Project/dataset/Epic and CSCR hospital Dataset/Train/meningioma/m3 (124).jpg,meningioma,1
/content/drive/MyDrive/Brain_Tumor_CNN_Project/dataset/Epic and CSCR hospital Dataset/Train/notumor/Te-no_0304.jpg,notumor,0
/content/drive/MyDrive/Brain_Tumor_CNN_Project/dataset/Epic and CSCR hospital Dataset/Train/pituitary/P_734.jpg,pituitary,1
/content/drive/MyDrive/Brain_Tumor_CNN_Project/dataset/Epic and CSCR hospital Dataset/Train/glioma/G_867.jpg,glioma,1
/content/drive/MyDrive/Brain_Tumor_CNN_Project/dataset/Epic and CSCR hospital Dataset/Train/glioma/Tr-gl_1148.jpg,glioma,1
/content/drive/MyDrive/Brain_Tumor_CNN_Project/dataset/Epic and CSCR hospital Dataset/Train/glioma/gg (50).jpg,glioma,1
/content/drive/MyDrive/Brain_Tumor_CNN_Project/dataset/Epic and CSCR hospital Dataset/Train/glioma/G_891_VF_.jpg,glioma,1
/content/drive/MyDrive/Brain_Tumor_CNN_Project/dataset/Epic and CSCR hospital Dataset/Train/meningioma/Tr-me_0950.jpg,meningioma,1
/content/drive/MyDrive/Brain_Tumor_CNN_Project/dataset/Epic and CSCR hospital Dataset/Train/meningioma/Te-me_0171.jpg,meningioma,1
/content/drive/MyDrive/Brain_Tumor_CNN_Project/dataset/Epic and CSCR hospital Dataset/Train/notumor/Tr-no_0557.jpg,notumor,0
/content/drive/MyDrive/Brain_Tumor_CNN_Project/dataset/Epic and CSCR hospital Dataset/Train/pituitary/P_842_RO_.jpg,pituitary,1
/content/drive/MyDrive/Brain_Tumor_CNN_Project/dataset/Epic and CSCR hospital Dataset/Train/pituitary/P_770_DA_.jpg,pituitary,1
/content/drive/MyDrive/Brain_Tumor_CNN_Project/dataset/Epic and CSCR hospital Dataset/Train/pituitary/P_831_SP_.jpg,pituitary,1
/content/drive/MyDrive/Brain_Tumor_CNN_Project/dataset/Epic and CSCR hospital Dataset/Train/meningioma/m2 (129).jpg,meningioma,1
/content/drive/MyDrive/Brain_Tumor_CNN_Project/dataset/Epic and CSCR hospital Dataset/Train/meningioma/Te-me_0215.jpg,meningioma,1
/content/drive/MyDrive/Brain_Tumor_CNN_Project/dataset/Epic and CSCR hospital Dataset/Train/pituitary/Tr-pi_0091.jpg,pituitary,1
/content/drive/MyDrive/Brain_Tumor_CNN_Project/dataset/Epic and CSCR hospital Dataset/Train/glioma/G_853_SP_.jpg,glioma,1
/content/drive/MyDrive/Brain_Tumor_CNN_Project/dataset/Epic and CSCR hospital Dataset/Train/pituitary/P_719_DA_.jpg,pituitary,1
/content/drive/MyDrive/Brain_Tumor_CNN_Project/dataset/Epic and CSCR hospital Dataset/Train/notumor/N_46_RO_.jpg,notumor,0
/content/drive/MyDrive/Brain_Tumor_CNN_Project/dataset/Epic and CSCR hospital Dataset/Train/pituitary/Tr-pi_1004.jpg,pituitary,1
/content/drive/MyDrive/Brain_Tumor_CNN_Project/dataset/Epic and CSCR hospital Dataset/Train/meningioma/Tr-me_0435.jpg,meningioma,1
/content/drive/MyDrive/Brain_Tumor_CNN_Project/dataset/Epic and CSCR hospital Dataset/Train/pituitary/P_808_HF_.jpg,pituitary,1
/content/drive/MyDrive/Brain_Tumor_CNN_Project/dataset/Epic and CSCR hospital Dataset/Train/meningioma/M_849.jpg,meningioma,1
/content/drive/MyDrive/Brain_Tumor_CNN_Project/dataset/Epic and CSCR hospital Dataset/Train/meningioma/Tr-me_0596.jpg,meningioma,1
/content/drive/MyDrive/Brain_Tumor_CNN_Project/dataset/Epic and CSCR hospital Dataset/Train/pituitary/P_712_DA_.jpg,pituitary,1
/content/drive/MyDrive/Brain_Tumor_CNN_Project/dataset/Epic and CSCR hospital Dataset/Train/glioma/Tr-gl_1004.jpg,glioma,1
/content/drive/MyDrive/Brain_Tumor_CNN_Project/dataset/Epic and CSCR hospital Dataset/Train/notumor/1867.jpg,notumor,0
/content/drive/MyDrive/Brain_Tumor_CNN_Project/dataset/Epic and CSCR hospital Dataset/Train/pituitary/P_736_HF_.jpg,pituitary,1
/content/drive/MyDrive/Brain_Tumor_CNN_Project/dataset/Epic and CSCR hospital Dataset/Train/glioma/Tr-gl_0305.jpg,glioma,1
/content/drive/MyDrive/Brain_Tumor_CNN_Project/dataset/Epic and CSCR hospital Dataset/Train/pituitary/Tr-pi_0323.jpg,pituitary,1
/content/drive/MyDrive/Brain_Tumor_CNN_Project/dataset/Epic and CSCR hospital Dataset/Train/meningioma/Tr-me_0934.jpg,meningioma,1
/content/drive/MyDrive/Brain_Tumor_CNN_Project/dataset/Epic and CSCR hospital Dataset/Train/meningioma/Te-me_0123.jpg,meningioma,1
/content/drive/MyDrive/Brain_Tumor_CNN_Project/dataset/Epic and CSCR hospital Dataset/Train/meningioma/M_871_DA_.jpg,meningioma,1
/content/drive/MyDrive/Brain_Tumor_CNN_Project/dataset/Epic and CSCR hospital Dataset/Train/notumor/1643.jpg,notumor,0
/content/drive/MyDrive/Brain_Tumor_CNN_Project/dataset/Epic and CSCR hospital Dataset/Train/pituitary/P_768_SP_.jpg,pituitary,1
/content/drive/MyDrive/Brain_Tumor_CNN_Project/dataset/Epic and CSCR hospital Dataset/Train/notumor/50 no.jpg,notumor,0
/content/drive/MyDrive/Brain_Tumor_CNN_Project/dataset/Epic and CSCR hospital Dataset/Train/notumor/Te-no_0297.jpg,notumor,0
/content/drive/MyDrive/Brain_Tumor_CNN_Project/dataset/Epic and CSCR hospital Dataset/Train/meningioma/m2 (122).jpg,meningioma,1
/content/drive/MyDrive/Brain_Tumor_CNN_Project/dataset/Epic and CSCR hospital Dataset/Train/pituitary/P_785_HF_.jpg,pituitary,1
/content/drive/MyDrive/Brain_Tumor_CNN_Project/dataset/Epic and CSCR hospital Dataset/Train/meningioma/Tr-me_0984.jpg,meningioma,1
/content/drive/MyDrive/Brain_Tumor_CNN_Project/dataset/Epic and CSCR hospital Dataset/Train/meningioma/M_841_RO_.jpg,meningioma,1
/content/drive/MyDrive/Brain_Tumor_CNN_Project/dataset/Epic and CSCR hospital Dataset/Train/meningioma/Tr-me_0142.jpg,meningioma,1
/content/drive/MyDrive/Brain_Tumor_CNN_Project/dataset/Epic and CSCR hospital Dataset/Train/glioma/Tr-gl_0864.jpg,glioma,1
/content/drive/MyDrive/Brain_Tumor_CNN_Project/dataset/Epic and CSCR hospital Dataset/Train/glioma/Tr-gl_0130.jpg,glioma,1
/content/drive/MyDrive/Brain_Tumor_CNN_Project/dataset/Epic and CSCR hospital Dataset/Train/glioma/Tr-gl_0032.jpg,glioma,1
/content/drive/MyDrive/Brain_Tumor_CNN_Project/dataset/Epic and CSCR hospital Dataset/Train/meningioma/Tr-me_0998.jpg,meningioma,1
/content/drive/MyDrive/Brain_Tumor_CNN_Project/dataset/Epic and CSCR hospital Dataset/Train/pituitary/Tr-pi_0392.jpg,pituitary,1
/content/drive/MyDrive/Brain_Tumor_CNN_Project/dataset/Epic and CSCR hospital Dataset/Train/meningioma/M_831_SP_.jpg,meningioma,1
/content/drive/MyDrive/Brain_Tumor_CNN_Project/dataset/Epic and CSCR hospital Dataset/Train/glioma/G_795.jpg,glioma,1
/content/drive/MyDrive/Brain_Tumor_CNN_Project/dataset/Epic and CSCR hospital Dataset/Train/meningioma/Tr-me_0160.jpg,meningioma,1
/content/drive/MyDrive/Brain_Tumor_CNN_Project/dataset/Epic and CSCR hospital Dataset/Train/notumor/image(13).jpg,notumor,0
/content/drive/MyDrive/Brain_Tumor_CNN_Project/dataset/Epic and CSCR hospital Dataset/Train/notumor/N_385_RO_.jpg,notumor,0
/content/drive/MyDrive/Brain_Tumor_CNN_Project/dataset/Epic and CSCR hospital Dataset/Train/meningioma/M_877_HF_.jpg,meningioma,1
/content/drive/MyDrive/Brain_Tumor_CNN_Project/dataset/Epic and CSCR hospital Dataset/Train/glioma/Tr-gl_0425.jpg,glioma,1
/content/drive/MyDrive/Brain_Tumor_CNN_Project/dataset/Epic and CSCR hospital Dataset/Train/meningioma/Tr-me_0327.jpg,meningioma,1
/content/drive/MyDrive/Brain_Tumor_CNN_Project/dataset/Epic and CSCR hospital Dataset/Train/notumor/1653.jpg,notumor,0
/content/drive/MyDrive/Brain_Tumor_CNN_Project/dataset/Epic and CSCR hospital Dataset/Train/meningioma/Tr-me_0274.jpg,meningioma,1
/content/drive/MyDrive/Brain_Tumor_CNN_Project/dataset/Epic and CSCR hospital Dataset/Train/notumor/N_402_DA_.jpg,notumor,0
/content/drive/MyDrive/Brain_Tumor_CNN_Project/dataset/Epic and CSCR hospital Dataset/Train/glioma/Tr-gl_1189.jpg,glioma,1
/content/drive/MyDrive/Brain_Tumor_CNN_Project/dataset/Epic and CSCR hospital Dataset/Train/pituitary/P_824_VF_.jpg,pituitary,1
/content/drive/MyDrive/Brain_Tumor_CNN_Project/dataset/Epic and CSCR hospital Dataset/Train/pituitary/P_72_HF_.jpg,pituitary,1
/content/drive/MyDrive/Brain_Tumor_CNN_Project/dataset/Epic and CSCR hospital Dataset/Train/pituitary/Tr-pi_0943.jpg,pituitary,1
/content/drive/MyDrive/Brain_Tumor_CNN_Project/dataset/Epic and CSCR hospital Dataset/Train/notumor/Tr-no_0027.jpg,notumor,0
/content/drive/MyDrive/Brain_Tumor_CNN_Project/dataset/Epic and CSCR hospital Dataset/Train/glioma/Tr-gl_1018.jpg,glioma,1
/content/drive/MyDrive/Brain_Tumor_CNN_Project/dataset/Epic and CSCR hospital Dataset/Train/meningioma/Tr-me_0816.jpg,meningioma,1
/content/drive/MyDrive/Brain_Tumor_CNN_Project/dataset/Epic and CSCR hospital Dataset/Train/meningioma/Tr-me_0524.jpg,meningioma,1
/content/drive/MyDrive/Brain_Tumor_CNN_Project/dataset/Epic and CSCR hospital Dataset/Train/meningioma/Te-me_0156.jpg,meningioma,1
/content/drive/MyDrive/Brain_Tumor_CNN_Project/dataset/Epic and CSCR hospital Dataset/Train/pituitary/P_781_SP_.jpg,pituitary,1
/content/drive/MyDrive/Brain_Tumor_CNN_Project/dataset/Epic and CSCR hospital Dataset/Train/meningioma/m3 (105).jpg,meningioma,1
/content/drive/MyDrive/Brain_Tumor_CNN_Project/dataset/Epic and CSCR hospital Dataset/Train/glioma/G_869_HF_.jpg,glioma,1
/content/drive/MyDrive/Brain_Tumor_CNN_Project/dataset/Epic and CSCR hospital Dataset/Train/notumor/N_371.jpg,notumor,0
/content/drive/MyDrive/Brain_Tumor_CNN_Project/dataset/Epic and CSCR hospital Dataset/Train/notumor/1753.jpg,notumor,0
/content/drive/MyDrive/Brain_Tumor_CNN_Project/dataset/Epic and CSCR hospital Dataset/Train/meningioma/Tr-me_0865.jpg,meningioma,1
/content/drive/MyDrive/Brain_Tumor_CNN_Project/dataset/Epic and CSCR hospital Dataset/Train/meningioma/1321.jpg,meningioma,1
/content/drive/MyDrive/Brain_Tumor_CNN_Project/dataset/Epic and CSCR hospital Dataset/Train/pituitary/P_79_DA_.jpg,pituitary,1
/content/drive/MyDrive/Brain_Tumor_CNN_Project/dataset/Epic and CSCR hospital Dataset/Train/glioma/Te-gl_0113.jpg,glioma,1
/content/drive/MyDrive/Brain_Tumor_CNN_Project/dataset/Epic and CSCR hospital Dataset/Train/glioma/Tr-gl_0496.jpg,glioma,1
/content/drive/MyDrive/Brain_Tumor_CNN_Project/dataset/Epic and CSCR hospital Dataset/Train/meningioma/Tr-me_0168.jpg,meningioma,1
/content/drive/MyDrive/Brain_Tumor_CNN_Project/dataset/Epic and CSCR hospital Dataset/Train/notumor/Te-no_0119.jpg,notumor,0
/content/drive/MyDrive/Brain_Tumor_CNN_Project/dataset/Epic and CSCR hospital Dataset/Train/glioma/Tr-gl_0824.jpg,glioma,1
/content/drive/MyDrive/Brain_Tumor_CNN_Project/dataset/Epic and CSCR hospital Dataset/Train/glioma/G_874_HF_.jpg,glioma,1
/content/drive/MyDrive/Brain_Tumor_CNN_Project/dataset/Epic and CSCR hospital Dataset/Train/glioma/Te-gl_0173.jpg,glioma,1
/content/drive/MyDrive/Brain_Tumor_CNN_Project/dataset/Epic and CSCR hospital Dataset/Train/pituitary/P_712_BR_.jpg,pituitary,1
/content/drive/MyDrive/Brain_Tumor_CNN_Project/dataset/Epic and CSCR hospital Dataset/Train/pituitary/Tr-pi_0710.jpg,pituitary,1
/content/drive/MyDrive/Brain_Tumor_CNN_Project/dataset/Epic and CSCR hospital Dataset/Train/pituitary/Tr-pi_1032.jpg,pituitary,1
/content/drive/MyDrive/Brain_Tumor_CNN_Project/dataset/Epic and CSCR hospital Dataset/Train/pituitary/P_835_DA_.jpg,pituitary,1
/content/drive/MyDrive/Brain_Tumor_CNN_Project/dataset/Epic and CSCR hospital Dataset/Train/meningioma/M_833_RO_.jpg,meningioma,1
/content/drive/MyDrive/Brain_Tumor_CNN_Project/dataset/Epic and CSCR hospital Dataset/Train/notumor/1869.jpg,notumor,0
/content/drive/MyDrive/Brain_Tumor_CNN_Project/dataset/Epic and CSCR hospital Dataset/Train/meningioma/1329.jpg,meningioma,1
/content/drive/MyDrive/Brain_Tumor_CNN_Project/dataset/Epic and CSCR hospital Dataset/Train/meningioma/Te-me_0205.jpg,meningioma,1
/content/drive/MyDrive/Brain_Tumor_CNN_Project/dataset/Epic and CSCR hospital Dataset/Train/notumor/Tr-no_0424.jpg,notumor,0
/content/drive/MyDrive/Brain_Tumor_CNN_Project/dataset/Epic and CSCR hospital Dataset/Train/notumor/Te-no_0211.jpg,notumor,0
/content/drive/MyDrive/Brain_Tumor_CNN_Project/dataset/Epic and CSCR hospital Dataset/Train/glioma/G_736_VF_.jpg,glioma,1
/content/drive/MyDrive/Brain_Tumor_CNN_Project/dataset/Epic and CSCR hospital Dataset/Train/notumor/N_37_RO_.jpg,notumor,0
/content/drive/MyDrive/Brain_Tumor_CNN_Project/dataset/Epic and CSCR hospital Dataset/Train/pituitary/Tr-pi_1089.jpg,pituitary,1
/content/drive/MyDrive/Brain_Tumor_CNN_Project/dataset/Epic and CSCR hospital Dataset/Train/notumor/N_431_BR_.jpg,notumor,0
/content/drive/MyDrive/Brain_Tumor_CNN_Project/dataset/Epic and CSCR hospital Dataset/Train/glioma/G_747_DA_.jpg,glioma,1
/content/drive/MyDrive/Brain_Tumor_CNN_Project/dataset/Epic and CSCR hospital Dataset/Train/meningioma/Tr-me_0255.jpg,meningioma,1
/content/drive/MyDrive/Brain_Tumor_CNN_Project/dataset/Epic and CSCR hospital Dataset/Train/meningioma/Tr-me_0151.jpg,meningioma,1
/content/drive/MyDrive/Brain_Tumor_CNN_Project/dataset/Epic and CSCR hospital Dataset/Train/glioma/image(69).jpg,glioma,1
/content/drive/MyDrive/Brain_Tumor_CNN_Project/dataset/Epic and CSCR hospital Dataset/Train/notumor/Tr-no_0480.jpg,notumor,0
/content/drive/MyDrive/Brain_Tumor_CNN_Project/dataset/Epic and CSCR hospital Dataset/Train/notumor/Te-no_0361.jpg,notumor,0
/content/drive/MyDrive/Brain_Tumor_CNN_Project/dataset/Epic and CSCR hospital Dataset/Train/notumor/Tr-no_0141.jpg,notumor,0
/content/drive/MyDrive/Brain_Tumor_CNN_Project/dataset/Epic and CSCR hospital Dataset/Train/pituitary/P_83_VF_.jpg,pituitary,1
/content/drive/MyDrive/Brain_Tumor_CNN_Project/dataset/Epic and CSCR hospital Dataset/Train/notumor/N_43_SP_.jpg,notumor,0
/content/drive/MyDrive/Brain_Tumor_CNN_Project/dataset/Epic and CSCR hospital Dataset/Train/notumor/Tr-no_0674.jpg,notumor,0
/content/drive/MyDrive/Brain_Tumor_CNN_Project/dataset/Epic and CSCR hospital Dataset/Train/glioma/Tr-gl_1211.jpg,glioma,1
/content/drive/MyDrive/Brain_Tumor_CNN_Project/dataset/Epic and CSCR hospital Dataset/Train/meningioma/Tr-me_0482.jpg,meningioma,1
/content/drive/MyDrive/Brain_Tumor_CNN_Project/dataset/Epic and CSCR hospital Dataset/Train/glioma/Te-gl_0194.jpg,glioma,1
/content/drive/MyDrive/Brain_Tumor_CNN_Project/dataset/Epic and CSCR hospital Dataset/Train/meningioma/Tr-me_0306.jpg,meningioma,1
/content/drive/MyDrive/Brain_Tumor_CNN_Project/dataset/Epic and CSCR hospital Dataset/Train/pituitary/P_827_HF_.jpg,pituitary,1
/content/drive/MyDrive/Brain_Tumor_CNN_Project/dataset/Epic and CSCR hospital Dataset/Train/meningioma/Tr-me_0336.jpg,meningioma,1
/content/drive/MyDrive/Brain_Tumor_CNN_Project/dataset/Epic and CSCR hospital Dataset/Train/glioma/Tr-gl_0308.jpg,glioma,1
/content/drive/MyDrive/Brain_Tumor_CNN_Project/dataset/Epic and CSCR hospital Dataset/Train/notumor/Tr-no_0326.jpg,notumor,0
/content/drive/MyDrive/Brain_Tumor_CNN_Project/dataset/Epic and CSCR hospital Dataset/Train/notumor/N_45_HF_.jpg,notumor,0
/content/drive/MyDrive/Brain_Tumor_CNN_Project/dataset/Epic and CSCR hospital Dataset/Train/meningioma/Te-me_0072.jpg,meningioma,1
/content/drive/MyDrive/Brain_Tumor_CNN_Project/dataset/Epic and CSCR hospital Dataset/Train/pituitary/Te-pi_0110.jpg,pituitary,1
/content/drive/MyDrive/Brain_Tumor_CNN_Project/dataset/Epic and CSCR hospital Dataset/Train/glioma/G_777_DA_.jpg,glioma,1
/content/drive/MyDrive/Brain_Tumor_CNN_Project/dataset/Epic and CSCR hospital Dataset/Train/pituitary/P_809.jpg,pituitary,1
/content/drive/MyDrive/Brain_Tumor_CNN_Project/dataset/Epic and CSCR hospital Dataset/Train/pituitary/P_734_BR_.jpg,pituitary,1
/content/drive/MyDrive/Brain_Tumor_CNN_Project/dataset/Epic and CSCR hospital Dataset/Train/meningioma/Tr-me_0606.jpg,meningioma,1
/content/drive/MyDrive/Brain_Tumor_CNN_Project/dataset/Epic and CSCR hospital Dataset/Train/glioma/Tr-gl_0469.jpg,glioma,1
/content/drive/MyDrive/Brain_Tumor_CNN_Project/dataset/Epic and CSCR hospital Dataset/Train/notumor/Te-no_0259.jpg,notumor,0
/content/drive/MyDrive/Brain_Tumor_CNN_Project/dataset/Epic and CSCR hospital Dataset/Train/glioma/Tr-gl_0374.jpg,glioma,1
/content/drive/MyDrive/Brain_Tumor_CNN_Project/dataset/Epic and CSCR hospital Dataset/Train/pituitary/Tr-pi_1390.jpg,pituitary,1
/content/drive/MyDrive/Brain_Tumor_CNN_Project/dataset/Epic and CSCR hospital Dataset/Train/notumor/Tr-no_0162.jpg,notumor,0
/content/drive/MyDrive/Brain_Tumor_CNN_Project/dataset/Epic and CSCR hospital Dataset/Train/meningioma/Tr-me_1194.jpg,meningioma,1
/content/drive/MyDrive/Brain_Tumor_CNN_Project/dataset/Epic and CSCR hospital Dataset/Train/pituitary/Tr-pi_1123.jpg,pituitary,1
/content/drive/MyDrive/Brain_Tumor_CNN_Project/dataset/Epic and CSCR hospital Dataset/Train/meningioma/Tr-me_0412.jpg,meningioma,1
/content/drive/MyDrive/Brain_Tumor_CNN_Project/dataset/Epic and CSCR hospital Dataset/Train/pituitary/p (499).jpg,pituitary,1
/content/drive/MyDrive/Brain_Tumor_CNN_Project/dataset/Epic and CSCR hospital Dataset/Train/notumor/N_394_DA_.jpg,notumor,0
/content/drive/MyDrive/Brain_Tumor_CNN_Project/dataset/Epic and CSCR hospital Dataset/Train/glioma/G_837_HF_.jpg,glioma,1
/content/drive/MyDrive/Brain_Tumor_CNN_Project/dataset/Epic and CSCR hospital Dataset/Train/notumor/Tr-no_0608.jpg,notumor,0
/content/drive/MyDrive/Brain_Tumor_CNN_Project/dataset/Epic and CSCR hospital Dataset/Train/meningioma/m1(45).jpg,meningioma,1
/content/drive/MyDrive/Brain_Tumor_CNN_Project/dataset/Epic and CSCR hospital Dataset/Train/notumor/N_432.jpg,notumor,0
/content/drive/MyDrive/Brain_Tumor_CNN_Project/dataset/Epic and CSCR hospital Dataset/Train/glioma/Tr-gl_1190.jpg,glioma,1
/content/drive/MyDrive/Brain_Tumor_CNN_Project/dataset/Epic and CSCR hospital Dataset/Train/notumor/Tr-no_0330.jpg,notumor,0
/content/drive/MyDrive/Brain_Tumor_CNN_Project/dataset/Epic and CSCR hospital Dataset/Train/pituitary/Tr-pi_0229.jpg,pituitary,1
/content/drive/MyDrive/Brain_Tumor_CNN_Project/dataset/Epic and CSCR hospital Dataset/Train/pituitary/P_726_HF_.jpg,pituitary,1
/content/drive/MyDrive/Brain_Tumor_CNN_Project/dataset/Epic and CSCR hospital Dataset/Train/glioma/Tr-gl_0875.jpg,glioma,1
/content/drive/MyDrive/Brain_Tumor_CNN_Project/dataset/Epic and CSCR hospital Dataset/Train/meningioma/M_823_DA_.jpg,meningioma,1
/content/drive/MyDrive/Brain_Tumor_CNN_Project/dataset/Epic and CSCR hospital Dataset/Train/glioma/G_726_RO_.jpg,glioma,1
/content/drive/MyDrive/Brain_Tumor_CNN_Project/dataset/Epic and CSCR hospital Dataset/Train/glioma/gg (503).jpg,glioma,1
/content/drive/MyDrive/Brain_Tumor_CNN_Project/dataset/Epic and CSCR hospital Dataset/Train/notumor/Tr-no_0383.jpg,notumor,0
/content/drive/MyDrive/Brain_Tumor_CNN_Project/dataset/Epic and CSCR hospital Dataset/Train/pituitary/Tr-pi_0250.jpg,pituitary,1
/content/drive/MyDrive/Brain_Tumor_CNN_Project/dataset/Epic and CSCR hospital Dataset/Train/glioma/G_865_RO_.jpg,glioma,1
/content/drive/MyDrive/Brain_Tumor_CNN_Project/dataset/Epic and CSCR hospital Dataset/Train/glioma/G_758_DA_.jpg,glioma,1
/content/drive/MyDrive/Brain_Tumor_CNN_Project/dataset/Epic and CSCR hospital Dataset/Train/pituitary/Tr-pi_1167.jpg,pituitary,1
/content/drive/MyDrive/Brain_Tumor_CNN_Project/dataset/Epic and CSCR hospital Dataset/Train/pituitary/P_735_VF_.jpg,pituitary,1
/content/drive/MyDrive/Brain_Tumor_CNN_Project/dataset/Epic and CSCR hospital Dataset/Train/glioma/image(73).jpg,glioma,1
/content/drive/MyDrive/Brain_Tumor_CNN_Project/dataset/Epic and CSCR hospital Dataset/Train/pituitary/Te-pi_0202.jpg,pituitary,1
/content/drive/MyDrive/Brain_Tumor_CNN_Project/dataset/Epic and CSCR hospital Dataset/Train/notumor/N_429_HF_.jpg,notumor,0
/content/drive/MyDrive/Brain_Tumor_CNN_Project/dataset/Epic and CSCR hospital Dataset/Train/notumor/1651.jpg,notumor,0
/content/drive/MyDrive/Brain_Tumor_CNN_Project/dataset/Epic and CSCR hospital Dataset/Train/pituitary/P_754_HF_.jpg,pituitary,1
/content/drive/MyDrive/Brain_Tumor_CNN_Project/dataset/Epic and CSCR hospital Dataset/Train/meningioma/Tr-me_0401.jpg,meningioma,1
/content/drive/MyDrive/Brain_Tumor_CNN_Project/dataset/Epic and CSCR hospital Dataset/Train/pituitary/Te-pi_0176.jpg,pituitary,1
/content/drive/MyDrive/Brain_Tumor_CNN_Project/dataset/Epic and CSCR hospital Dataset/Train/pituitary/P_806_HF_.jpg,pituitary,1
/content/drive/MyDrive/Brain_Tumor_CNN_Project/dataset/Epic and CSCR hospital Dataset/Train/glioma/gg (610).jpg,glioma,1
/content/drive/MyDrive/Brain_Tumor_CNN_Project/dataset/Epic and CSCR hospital Dataset/Train/notumor/image(140).jpg,notumor,0
/content/drive/MyDrive/Brain_Tumor_CNN_Project/dataset/Epic and CSCR hospital Dataset/Train/meningioma/Tr-me_1084.jpg,meningioma,1
/content/drive/MyDrive/Brain_Tumor_CNN_Project/dataset/Epic and CSCR hospital Dataset/Train/glioma/Te-gl_0093.jpg,glioma,1
/content/drive/MyDrive/Brain_Tumor_CNN_Project/dataset/Epic and CSCR hospital Dataset/Train/meningioma/M_887.jpg,meningioma,1
/content/drive/MyDrive/Brain_Tumor_CNN_Project/dataset/Epic and CSCR hospital Dataset/Train/pituitary/Tr-pi_0547.jpg,pituitary,1
/content/drive/MyDrive/Brain_Tumor_CNN_Project/dataset/Epic and CSCR hospital Dataset/Train/glioma/image(84).jpg,glioma,1
/content/drive/MyDrive/Brain_Tumor_CNN_Project/dataset/Epic and CSCR hospital Dataset/Train/glioma/G_798_SP_.jpg,glioma,1
/content/drive/MyDrive/Brain_Tumor_CNN_Project/dataset/Epic and CSCR hospital Dataset/Train/glioma/G_775_VF_.jpg,glioma,1
/content/drive/MyDrive/Brain_Tumor_CNN_Project/dataset/Epic and CSCR hospital Dataset/Train/meningioma/Tr-me_1145.jpg,meningioma,1
/content/drive/MyDrive/Brain_Tumor_CNN_Project/dataset/Epic and CSCR hospital Dataset/Train/glioma/G_788_VF_.jpg,glioma,1
/content/drive/MyDrive/Brain_Tumor_CNN_Project/dataset/Epic and CSCR hospital Dataset/Train/meningioma/M_845_BR_.jpg,meningioma,1
/content/drive/MyDrive/Brain_Tumor_CNN_Project/dataset/Epic and CSCR hospital Dataset/Train/meningioma/Tr-me_1035.jpg,meningioma,1
/content/drive/MyDrive/Brain_Tumor_CNN_Project/dataset/Epic and CSCR hospital Dataset/Train/glioma/Tr-gl_0459.jpg,glioma,1
/content/drive/MyDrive/Brain_Tumor_CNN_Project/dataset/Epic and CSCR hospital Dataset/Train/notumor/Tr-no_0405.jpg,notumor,0
/content/drive/MyDrive/Brain_Tumor_CNN_Project/dataset/Epic and CSCR hospital Dataset/Train/notumor/Tr-no_0566.jpg,notumor,0
/content/drive/MyDrive/Brain_Tumor_CNN_Project/dataset/Epic and CSCR hospital Dataset/Train/meningioma/M_820_SP_.jpg,meningioma,1
/content/drive/MyDrive/Brain_Tumor_CNN_Project/dataset/Epic and CSCR hospital Dataset/Train/notumor/N_409.jpg,notumor,0
/content/drive/MyDrive/Brain_Tumor_CNN_Project/dataset/Epic and CSCR hospital Dataset/Train/pituitary/P_710_DA_.jpg,pituitary,1
/content/drive/MyDrive/Brain_Tumor_CNN_Project/dataset/Epic and CSCR hospital Dataset/Train/notumor/N_48_RO_.jpg,notumor,0
/content/drive/MyDrive/Brain_Tumor_CNN_Project/dataset/Epic and CSCR hospital Dataset/Train/glioma/gg (604).jpg,glioma,1
/content/drive/MyDrive/Brain_Tumor_CNN_Project/dataset/Epic and CSCR hospital Dataset/Train/glioma/Te-gl_0191.jpg,glioma,1
/content/drive/MyDrive/Brain_Tumor_CNN_Project/dataset/Epic and CSCR hospital Dataset/Train/pituitary/Tr-pi_0519.jpg,pituitary,1
/content/drive/MyDrive/Brain_Tumor_CNN_Project/dataset/Epic and CSCR hospital Dataset/Train/pituitary/Tr-pi_0381.jpg,pituitary,1
/content/drive/MyDrive/Brain_Tumor_CNN_Project/dataset/Epic and CSCR hospital Dataset/Train/meningioma/M_884_DA_.jpg,meningioma,1
/content/drive/MyDrive/Brain_Tumor_CNN_Project/dataset/Epic and CSCR hospital Dataset/Train/notumor/Te-no_0200.jpg,notumor,0
/content/drive/MyDrive/Brain_Tumor_CNN_Project/dataset/Epic and CSCR hospital Dataset/Train/glioma/G_826_SP_.jpg,glioma,1
/content/drive/MyDrive/Brain_Tumor_CNN_Project/dataset/Epic and CSCR hospital Dataset/Train/meningioma/1431.jpg,meningioma,1
/content/drive/MyDrive/Brain_Tumor_CNN_Project/dataset/Epic and CSCR hospital Dataset/Train/meningioma/Tr-me_0183.jpg,meningioma,1
/content/drive/MyDrive/Brain_Tumor_CNN_Project/dataset/Epic and CSCR hospital Dataset/Train/glioma/Tr-gl_0495.jpg,glioma,1
/content/drive/MyDrive/Brain_Tumor_CNN_Project/dataset/Epic and CSCR hospital Dataset/Train/meningioma/Tr-me_0379.jpg,meningioma,1
/content/drive/MyDrive/Brain_Tumor_CNN_Project/dataset/Epic and CSCR hospital Dataset/Train/notumor/N_426.jpg,notumor,0
/content/drive/MyDrive/Brain_Tumor_CNN_Project/dataset/Epic and CSCR hospital Dataset/Train/glioma/Te-gl_0192.jpg,glioma,1
/content/drive/MyDrive/Brain_Tumor_CNN_Project/dataset/Epic and CSCR hospital Dataset/Train/meningioma/Te-me_0192.jpg,meningioma,1
/content/drive/MyDrive/Brain_Tumor_CNN_Project/dataset/Epic and CSCR hospital Dataset/Train/glioma/Tr-gl_0938.jpg,glioma,1
/content/drive/MyDrive/Brain_Tumor_CNN_Project/dataset/Epic and CSCR hospital Dataset/Train/pituitary/Tr-pi_0195.jpg,pituitary,1
/content/drive/MyDrive/Brain_Tumor_CNN_Project/dataset/Epic and CSCR hospital Dataset/Train/glioma/gg (515).jpg,glioma,1
/content/drive/MyDrive/Brain_Tumor_CNN_Project/dataset/Epic and CSCR hospital Dataset/Train/glioma/G_777_SP_.jpg,glioma,1
/content/drive/MyDrive/Brain_Tumor_CNN_Project/dataset/Epic and CSCR hospital Dataset/Train/meningioma/M_825_DA_.jpg,meningioma,1
/content/drive/MyDrive/Brain_Tumor_CNN_Project/dataset/Epic and CSCR hospital Dataset/Train/pituitary/Tr-pi_0207.jpg,pituitary,1
/content/drive/MyDrive/Brain_Tumor_CNN_Project/dataset/Epic and CSCR hospital Dataset/Train/pituitary/P_735_BR_.jpg,pituitary,1
/content/drive/MyDrive/Brain_Tumor_CNN_Project/dataset/Epic and CSCR hospital Dataset/Train/pituitary/p (493).jpg,pituitary,1
/content/drive/MyDrive/Brain_Tumor_CNN_Project/dataset/Epic and CSCR hospital Dataset/Train/glioma/Te-gl_0205.jpg,glioma,1
/content/drive/MyDrive/Brain_Tumor_CNN_Project/dataset/Epic and CSCR hospital Dataset/Train/notumor/N_373.jpg,notumor,0
/content/drive/MyDrive/Brain_Tumor_CNN_Project/dataset/Epic and CSCR hospital Dataset/Train/glioma/G_782_BR_.jpg,glioma,1
/content/drive/MyDrive/Brain_Tumor_CNN_Project/dataset/Epic and CSCR hospital Dataset/Train/glioma/Tr-gl_0987.jpg,glioma,1
/content/drive/MyDrive/Brain_Tumor_CNN_Project/dataset/Epic and CSCR hospital Dataset/Train/meningioma/Te-me_0084.jpg,meningioma,1
/content/drive/MyDrive/Brain_Tumor_CNN_Project/dataset/Epic and CSCR hospital Dataset/Train/pituitary/Tr-pi_1094.jpg,pituitary,1
/content/drive/MyDrive/Brain_Tumor_CNN_Project/dataset/Epic and CSCR hospital Dataset/Train/pituitary/P_729_VF_.jpg,pituitary,1
/content/drive/MyDrive/Brain_Tumor_CNN_Project/dataset/Epic and CSCR hospital Dataset/Train/meningioma/m3 (169).jpg,meningioma,1
/content/drive/MyDrive/Brain_Tumor_CNN_Project/dataset/Epic and CSCR hospital Dataset/Train/glioma/Tr-gl_0028.jpg,glioma,1
/content/drive/MyDrive/Brain_Tumor_CNN_Project/dataset/Epic and CSCR hospital Dataset/Train/glioma/Tr-gl_0149.jpg,glioma,1
/content/drive/MyDrive/Brain_Tumor_CNN_Project/dataset/Epic and CSCR hospital Dataset/Train/glioma/Te-gl_0160.jpg,glioma,1
/content/drive/MyDrive/Brain_Tumor_CNN_Project/dataset/Epic and CSCR hospital Dataset/Train/notumor/Tr-no_0322.jpg,notumor,0
/content/drive/MyDrive/Brain_Tumor_CNN_Project/dataset/Epic and CSCR hospital Dataset/Train/glioma/G_783_DA_.jpg,glioma,1
/content/drive/MyDrive/Brain_Tumor_CNN_Project/dataset/Epic and CSCR hospital Dataset/Train/meningioma/Te-me_0238.jpg,meningioma,1
/content/drive/MyDrive/Brain_Tumor_CNN_Project/dataset/Epic and CSCR hospital Dataset/Train/pituitary/P_706_SP_.jpg,pituitary,1
/content/drive/MyDrive/Brain_Tumor_CNN_Project/dataset/Epic and CSCR hospital Dataset/Train/notumor/Tr-no_0324.jpg,notumor,0
/content/drive/MyDrive/Brain_Tumor_CNN_Project/dataset/Epic and CSCR hospital Dataset/Train/glioma/gg (406).jpg,glioma,1
/content/drive/MyDrive/Brain_Tumor_CNN_Project/dataset/Epic and CSCR hospital Dataset/Train/notumor/N_378_DA_.jpg,notumor,0
/content/drive/MyDrive/Brain_Tumor_CNN_Project/dataset/Epic and CSCR hospital Dataset/Train/notumor/N_369_DA_.jpg,notumor,0
/content/drive/MyDrive/Brain_Tumor_CNN_Project/dataset/Epic and CSCR hospital Dataset/Train/pituitary/p (496).jpg,pituitary,1
/content/drive/MyDrive/Brain_Tumor_CNN_Project/dataset/Epic and CSCR hospital Dataset/Train/pituitary/Te-pi_0067.jpg,pituitary,1
/content/drive/MyDrive/Brain_Tumor_CNN_Project/dataset/Epic and CSCR hospital Dataset/Train/pituitary/Te-pi_0118.jpg,pituitary,1
/content/drive/MyDrive/Brain_Tumor_CNN_Project/dataset/Epic and CSCR hospital Dataset/Train/pituitary/P_818_VF_.jpg,pituitary,1
/content/drive/MyDrive/Brain_Tumor_CNN_Project/dataset/Epic and CSCR hospital Dataset/Train/meningioma/Tr-me_0481.jpg,meningioma,1
/content/drive/MyDrive/Brain_Tumor_CNN_Project/dataset/Epic and CSCR hospital Dataset/Train/glioma/Tr-gl_0221.jpg,glioma,1
/content/drive/MyDrive/Brain_Tumor_CNN_Project/dataset/Epic and CSCR hospital Dataset/Train/meningioma/Tr-me_0143.jpg,meningioma,1
/content/drive/MyDrive/Brain_Tumor_CNN_Project/dataset/Epic and CSCR hospital Dataset/Train/notumor/N_431.jpg,notumor,0
/content/drive/MyDrive/Brain_Tumor_CNN_Project/dataset/Epic and CSCR hospital Dataset/Train/notumor/Tr-no_0620.jpg,notumor,0
/content/drive/MyDrive/Brain_Tumor_CNN_Project/dataset/Epic and CSCR hospital Dataset/Train/meningioma/Te-me_0119.jpg,meningioma,1
/content/drive/MyDrive/Brain_Tumor_CNN_Project/dataset/Epic and CSCR hospital Dataset/Train/pituitary/Tr-pi_0328.jpg,pituitary,1
/content/drive/MyDrive/Brain_Tumor_CNN_Project/dataset/Epic and CSCR hospital Dataset/Train/meningioma/1446.jpg,meningioma,1
/content/drive/MyDrive/Brain_Tumor_CNN_Project/dataset/Epic and CSCR hospital Dataset/Train/pituitary/P_840.jpg,pituitary,1
/content/drive/MyDrive/Brain_Tumor_CNN_Project/dataset/Epic and CSCR hospital Dataset/Train/glioma/Tr-gl_0860.jpg,glioma,1
/content/drive/MyDrive/Brain_Tumor_CNN_Project/dataset/Epic and CSCR hospital Dataset/Train/glioma/G_771_VF_.jpg,glioma,1
/content/drive/MyDrive/Brain_Tumor_CNN_Project/dataset/Epic and CSCR hospital Dataset/Train/notumor/Tr-no_0432.jpg,notumor,0
/content/drive/MyDrive/Brain_Tumor_CNN_Project/dataset/Epic and CSCR hospital Dataset/Train/meningioma/Tr-me_0568.jpg,meningioma,1
/content/drive/MyDrive/Brain_Tumor_CNN_Project/dataset/Epic and CSCR hospital Dataset/Train/notumor/N_57_BR_.jpg,notumor,0
/content/drive/MyDrive/Brain_Tumor_CNN_Project/dataset/Epic and CSCR hospital Dataset/Train/pituitary/Tr-pi_0555.jpg,pituitary,1
/content/drive/MyDrive/Brain_Tumor_CNN_Project/dataset/Epic and CSCR hospital Dataset/Train/glioma/Tr-gl_0438.jpg,glioma,1
/content/drive/MyDrive/Brain_Tumor_CNN_Project/dataset/Epic and CSCR hospital Dataset/Train/glioma/G_865_VF_.jpg,glioma,1
/content/drive/MyDrive/Brain_Tumor_CNN_Project/dataset/Epic and CSCR hospital Dataset/Train/meningioma/M_849_SP_.jpg,meningioma,1
/content/drive/MyDrive/Brain_Tumor_CNN_Project/dataset/Epic and CSCR hospital Dataset/Train/glioma/G_748_HF_.jpg,glioma,1
/content/drive/MyDrive/Brain_Tumor_CNN_Project/dataset/Epic and CSCR hospital Dataset/Train/meningioma/m1(94).jpg,meningioma,1
/content/drive/MyDrive/Brain_Tumor_CNN_Project/dataset/Epic and CSCR hospital Dataset/Train/glioma/Tr-gl_0207.jpg,glioma,1
/content/drive/MyDrive/Brain_Tumor_CNN_Project/dataset/Epic and CSCR hospital Dataset/Train/notumor/1692.jpg,notumor,0
/content/drive/MyDrive/Brain_Tumor_CNN_Project/dataset/Epic and CSCR hospital Dataset/Train/notumor/N_372_VF_.jpg,notumor,0
/content/drive/MyDrive/Brain_Tumor_CNN_Project/dataset/Epic and CSCR hospital Dataset/Train/glioma/Te-gl_0223.jpg,glioma,1
/content/drive/MyDrive/Brain_Tumor_CNN_Project/dataset/Epic and CSCR hospital Dataset/Train/glioma/G_732.jpg,glioma,1
/content/drive/MyDrive/Brain_Tumor_CNN_Project/dataset/Epic and CSCR hospital Dataset/Train/glioma/gg (430).jpg,glioma,1
/content/drive/MyDrive/Brain_Tumor_CNN_Project/dataset/Epic and CSCR hospital Dataset/Train/glioma/G_754_RO_.jpg,glioma,1
/content/drive/MyDrive/Brain_Tumor_CNN_Project/dataset/Epic and CSCR hospital Dataset/Train/meningioma/Te-me_0295.jpg,meningioma,1
/content/drive/MyDrive/Brain_Tumor_CNN_Project/dataset/Epic and CSCR hospital Dataset/Train/pituitary/Tr-pi_1355.jpg,pituitary,1
/content/drive/MyDrive/Brain_Tumor_CNN_Project/dataset/Epic and CSCR hospital Dataset/Train/pituitary/P_757_BR_.jpg,pituitary,1
/content/drive/MyDrive/Brain_Tumor_CNN_Project/dataset/Epic and CSCR hospital Dataset/Train/pituitary/Tr-pi_0304.jpg,pituitary,1
/content/drive/MyDrive/Brain_Tumor_CNN_Project/dataset/Epic and CSCR hospital Dataset/Train/notumor/N_396_BR_.jpg,notumor,0
/content/drive/MyDrive/Brain_Tumor_CNN_Project/dataset/Epic and CSCR hospital Dataset/Train/meningioma/Tr-me_0976.jpg,meningioma,1
/content/drive/MyDrive/Brain_Tumor_CNN_Project/dataset/Epic and CSCR hospital Dataset/Train/glioma/image(13).jpg,glioma,1
/content/drive/MyDrive/Brain_Tumor_CNN_Project/dataset/Epic and CSCR hospital Dataset/Train/glioma/gg (667).jpg,glioma,1
/content/drive/MyDrive/Brain_Tumor_CNN_Project/dataset/Epic and CSCR hospital Dataset/Train/glioma/Tr-gl_0620.jpg,glioma,1
/content/drive/MyDrive/Brain_Tumor_CNN_Project/dataset/Epic and CSCR hospital Dataset/Train/glioma/gg (534).jpg,glioma,1
/content/drive/MyDrive/Brain_Tumor_CNN_Project/dataset/Epic and CSCR hospital Dataset/Train/meningioma/Tr-me_1064.jpg,meningioma,1
/content/drive/MyDrive/Brain_Tumor_CNN_Project/dataset/Epic and CSCR hospital Dataset/Train/glioma/G_772_VF_.jpg,glioma,1
/content/drive/MyDrive/Brain_Tumor_CNN_Project/dataset/Epic and CSCR hospital Dataset/Train/meningioma/Tr-me_0265.jpg,meningioma,1
/content/drive/MyDrive/Brain_Tumor_CNN_Project/dataset/Epic and CSCR hospital Dataset/Train/meningioma/Tr-me_0178.jpg,meningioma,1
/content/drive/MyDrive/Brain_Tumor_CNN_Project/dataset/Epic and CSCR hospital Dataset/Train/glioma/Tr-gl_0823.jpg,glioma,1
/content/drive/MyDrive/Brain_Tumor_CNN_Project/dataset/Epic and CSCR hospital Dataset/Train/notumor/Te-no_0235.jpg,notumor,0
/content/drive/MyDrive/Brain_Tumor_CNN_Project/dataset/Epic and CSCR hospital Dataset/Train/notumor/N_436.jpg,notumor,0
/content/drive/MyDrive/Brain_Tumor_CNN_Project/dataset/Epic and CSCR hospital Dataset/Train/pituitary/1185.jpg,pituitary,1
/content/drive/MyDrive/Brain_Tumor_CNN_Project/dataset/Epic and CSCR hospital Dataset/Train/glioma/Te-gl_0175.jpg,glioma,1
/content/drive/MyDrive/Brain_Tumor_CNN_Project/dataset/Epic and CSCR hospital Dataset/Train/pituitary/P_754_RO_.jpg,pituitary,1
/content/drive/MyDrive/Brain_Tumor_CNN_Project/dataset/Epic and CSCR hospital Dataset/Train/meningioma/Tr-me_1177.jpg,meningioma,1
/content/drive/MyDrive/Brain_Tumor_CNN_Project/dataset/Epic and CSCR hospital Dataset/Train/glioma/Tr-gl_0411.jpg,glioma,1
/content/drive/MyDrive/Brain_Tumor_CNN_Project/dataset/Epic and CSCR hospital Dataset/Train/notumor/No11.jpg,notumor,0
/content/drive/MyDrive/Brain_Tumor_CNN_Project/dataset/Epic and CSCR hospital Dataset/Train/notumor/image(144).jpg,notumor,0
/content/drive/MyDrive/Brain_Tumor_CNN_Project/dataset/Epic and CSCR hospital Dataset/Train/glioma/G_806_SP_.jpg,glioma,1
/content/drive/MyDrive/Brain_Tumor_CNN_Project/dataset/Epic and CSCR hospital Dataset/Train/pituitary/Te-pi_0172.jpg,pituitary,1
/content/drive/MyDrive/Brain_Tumor_CNN_Project/dataset/Epic and CSCR hospital Dataset/Train/glioma/Tr-gl_0094.jpg,glioma,1
/content/drive/MyDrive/Brain_Tumor_CNN_Project/dataset/Epic and CSCR hospital Dataset/Train/pituitary/Tr-pi_0754.jpg,pituitary,1
/content/drive/MyDrive/Brain_Tumor_CNN_Project/dataset/Epic and CSCR hospital Dataset/Train/pituitary/Tr-pi_0585.jpg,pituitary,1
/content/drive/MyDrive/Brain_Tumor_CNN_Project/dataset/Epic and CSCR hospital Dataset/Train/meningioma/m2 (97).jpg,meningioma,1
/content/drive/MyDrive/Brain_Tumor_CNN_Project/dataset/Epic and CSCR hospital Dataset/Train/meningioma/Te-me_0292.jpg,meningioma,1
/content/drive/MyDrive/Brain_Tumor_CNN_Project/dataset/Epic and CSCR hospital Dataset/Train/pituitary/P_797_VF_.jpg,pituitary,1
/content/drive/MyDrive/Brain_Tumor_CNN_Project/dataset/Epic and CSCR hospital Dataset/Train/glioma/Tr-gl_0861.jpg,glioma,1
/content/drive/MyDrive/Brain_Tumor_CNN_Project/dataset/Epic and CSCR hospital Dataset/Train/meningioma/Tr-me_1140.jpg,meningioma,1
/content/drive/MyDrive/Brain_Tumor_CNN_Project/dataset/Epic and CSCR hospital Dataset/Train/meningioma/Te-me_0283.jpg,meningioma,1
/content/drive/MyDrive/Brain_Tumor_CNN_Project/dataset/Epic and CSCR hospital Dataset/Train/meningioma/Tr-me_1114.jpg,meningioma,1
/content/drive/MyDrive/Brain_Tumor_CNN_Project/dataset/Epic and CSCR hospital Dataset/Train/glioma/Te-gl_0206.jpg,glioma,1
/content/drive/MyDrive/Brain_Tumor_CNN_Project/dataset/Epic and CSCR hospital Dataset/Train/notumor/1663.jpg,notumor,0
/content/drive/MyDrive/Brain_Tumor_CNN_Project/dataset/Epic and CSCR hospital Dataset/Train/pituitary/Tr-pi_0248.jpg,pituitary,1
/content/drive/MyDrive/Brain_Tumor_CNN_Project/dataset/Epic and CSCR hospital Dataset/Train/pituitary/Tr-pi_1211.jpg,pituitary,1
/content/drive/MyDrive/Brain_Tumor_CNN_Project/dataset/Epic and CSCR hospital Dataset/Train/meningioma/Tr-me_0528.jpg,meningioma,1
/content/drive/MyDrive/Brain_Tumor_CNN_Project/dataset/Epic and CSCR hospital Dataset/Train/pituitary/P_735_RO_.jpg,pituitary,1
/content/drive/MyDrive/Brain_Tumor_CNN_Project/dataset/Epic and CSCR hospital Dataset/Train/pituitary/P_725_HF_.jpg,pituitary,1
/content/drive/MyDrive/Brain_Tumor_CNN_Project/dataset/Epic and CSCR hospital Dataset/Train/meningioma/m3 (112).jpg,meningioma,1
/content/drive/MyDrive/Brain_Tumor_CNN_Project/dataset/Epic and CSCR hospital Dataset/Train/meningioma/Te-me_0085.jpg,meningioma,1
/content/drive/MyDrive/Brain_Tumor_CNN_Project/dataset/Epic and CSCR hospital Dataset/Train/glioma/Tr-gl_0439.jpg,glioma,1
/content/drive/MyDrive/Brain_Tumor_CNN_Project/dataset/Epic and CSCR hospital Dataset/Train/glioma/G_866_SP_.jpg,glioma,1
/content/drive/MyDrive/Brain_Tumor_CNN_Project/dataset/Epic and CSCR hospital Dataset/Train/pituitary/P_794_RO_.jpg,pituitary,1
/content/drive/MyDrive/Brain_Tumor_CNN_Project/dataset/Epic and CSCR hospital Dataset/Train/pituitary/P_776_HF_.jpg,pituitary,1
/content/drive/MyDrive/Brain_Tumor_CNN_Project/dataset/Epic and CSCR hospital Dataset/Train/pituitary/Tr-pi_0677.jpg,pituitary,1
/content/drive/MyDrive/Brain_Tumor_CNN_Project/dataset/Epic and CSCR hospital Dataset/Train/pituitary/P_730.jpg,pituitary,1
/content/drive/MyDrive/Brain_Tumor_CNN_Project/dataset/Epic and CSCR hospital Dataset/Train/pituitary/P_717_VF_.jpg,pituitary,1
/content/drive/MyDrive/Brain_Tumor_CNN_Project/dataset/Epic and CSCR hospital Dataset/Train/pituitary/P_746_HF_.jpg,pituitary,1
/content/drive/MyDrive/Brain_Tumor_CNN_Project/dataset/Epic and CSCR hospital Dataset/Train/notumor/Te-no_0145.jpg,notumor,0
/content/drive/MyDrive/Brain_Tumor_CNN_Project/dataset/Epic and CSCR hospital Dataset/Train/pituitary/P_739_SP_.jpg,pituitary,1
/content/drive/MyDrive/Brain_Tumor_CNN_Project/dataset/Epic and CSCR hospital Dataset/Train/pituitary/Tr-pi_1015.jpg,pituitary,1
/content/drive/MyDrive/Brain_Tumor_CNN_Project/dataset/Epic and CSCR hospital Dataset/Train/notumor/N_415_DA_.jpg,notumor,0
/content/drive/MyDrive/Brain_Tumor_CNN_Project/dataset/Epic and CSCR hospital Dataset/Train/glioma/gg (493).jpg,glioma,1
/content/drive/MyDrive/Brain_Tumor_CNN_Project/dataset/Epic and CSCR hospital Dataset/Train/notumor/Tr-no_0152.jpg,notumor,0
/content/drive/MyDrive/Brain_Tumor_CNN_Project/dataset/Epic and CSCR hospital Dataset/Train/pituitary/Tr-pi_1072.jpg,pituitary,1
/content/drive/MyDrive/Brain_Tumor_CNN_Project/dataset/Epic and CSCR hospital Dataset/Train/meningioma/M_870_DA_.jpg,meningioma,1
/content/drive/MyDrive/Brain_Tumor_CNN_Project/dataset/Epic and CSCR hospital Dataset/Train/pituitary/Te-pi_0142.jpg,pituitary,1
/content/drive/MyDrive/Brain_Tumor_CNN_Project/dataset/Epic and CSCR hospital Dataset/Train/meningioma/Tr-me_0517.jpg,meningioma,1
/content/drive/MyDrive/Brain_Tumor_CNN_Project/dataset/Epic and CSCR hospital Dataset/Train/pituitary/Tr-pi_1305.jpg,pituitary,1
/content/drive/MyDrive/Brain_Tumor_CNN_Project/dataset/Epic and CSCR hospital Dataset/Train/notumor/Te-no_0305.jpg,notumor,0
/content/drive/MyDrive/Brain_Tumor_CNN_Project/dataset/Epic and CSCR hospital Dataset/Train/glioma/G_774_BR_.jpg,glioma,1
/content/drive/MyDrive/Brain_Tumor_CNN_Project/dataset/Epic and CSCR hospital Dataset/Train/meningioma/Tr-me_0760.jpg,meningioma,1
/content/drive/MyDrive/Brain_Tumor_CNN_Project/dataset/Epic and CSCR hospital Dataset/Train/pituitary/P_747.jpg,pituitary,1
/content/drive/MyDrive/Brain_Tumor_CNN_Project/dataset/Epic and CSCR hospital Dataset/Train/pituitary/P_723_RO_.jpg,pituitary,1
/content/drive/MyDrive/Brain_Tumor_CNN_Project/dataset/Epic and CSCR hospital Dataset/Train/meningioma/Tr-me_1061.jpg,meningioma,1
/content/drive/MyDrive/Brain_Tumor_CNN_Project/dataset/Epic and CSCR hospital Dataset/Train/notumor/Te-no_0084.jpg,notumor,0
/content/drive/MyDrive/Brain_Tumor_CNN_Project/dataset/Epic and CSCR hospital Dataset/Train/glioma/G_752_BR_.jpg,glioma,1
/content/drive/MyDrive/Brain_Tumor_CNN_Project/dataset/Epic and CSCR hospital Dataset/Train/notumor/N_40_BR_.jpg,notumor,0
/content/drive/MyDrive/Brain_Tumor_CNN_Project/dataset/Epic and CSCR hospital Dataset/Train/glioma/G_739_RO_.jpg,glioma,1
/content/drive/MyDrive/Brain_Tumor_CNN_Project/dataset/Epic and CSCR hospital Dataset/Train/pituitary/P_750_BR_.jpg,pituitary,1
/content/drive/MyDrive/Brain_Tumor_CNN_Project/dataset/Epic and CSCR hospital Dataset/Train/pituitary/Tr-pi_0133.jpg,pituitary,1
/content/drive/MyDrive/Brain_Tumor_CNN_Project/dataset/Epic and CSCR hospital Dataset/Train/pituitary/Tr-pi_0347.jpg,pituitary,1
/content/drive/MyDrive/Brain_Tumor_CNN_Project/dataset/Epic and CSCR hospital Dataset/Train/glioma/G_839_VF_.jpg,glioma,1
/content/drive/MyDrive/Brain_Tumor_CNN_Project/dataset/Epic and CSCR hospital Dataset/Train/notumor/N_434_VF_.jpg,notumor,0
/content/drive/MyDrive/Brain_Tumor_CNN_Project/dataset/Epic and CSCR hospital Dataset/Train/pituitary/Tr-pi_0791.jpg,pituitary,1
/content/drive/MyDrive/Brain_Tumor_CNN_Project/dataset/Epic and CSCR hospital Dataset/Train/pituitary/P_745_VF_.jpg,pituitary,1
/content/drive/MyDrive/Brain_Tumor_CNN_Project/dataset/Epic and CSCR hospital Dataset/Train/meningioma/M_827_DA_.jpg,meningioma,1
/content/drive/MyDrive/Brain_Tumor_CNN_Project/dataset/Epic and CSCR hospital Dataset/Train/meningioma/M_868_DA_.jpg,meningioma,1
/content/drive/MyDrive/Brain_Tumor_CNN_Project/dataset/Epic and CSCR hospital Dataset/Train/pituitary/P_733_HF_.jpg,pituitary,1
/content/drive/MyDrive/Brain_Tumor_CNN_Project/dataset/Epic and CSCR hospital Dataset/Train/pituitary/P_824_SP_.jpg,pituitary,1
/content/drive/MyDrive/Brain_Tumor_CNN_Project/dataset/Epic and CSCR hospital Dataset/Train/notumor/N_375_VF_.jpg,notumor,0
/content/drive/MyDrive/Brain_Tumor_CNN_Project/dataset/Epic and CSCR hospital Dataset/Train/pituitary/Te-pi_0190.jpg,pituitary,1
/content/drive/MyDrive/Brain_Tumor_CNN_Project/dataset/Epic and CSCR hospital Dataset/Train/pituitary/Tr-pi_0750.jpg,pituitary,1
/content/drive/MyDrive/Brain_Tumor_CNN_Project/dataset/Epic and CSCR hospital Dataset/Train/meningioma/Tr-me_0509.jpg,meningioma,1
/content/drive/MyDrive/Brain_Tumor_CNN_Project/dataset/Epic and CSCR hospital Dataset/Train/glioma/gg (628).jpg,glioma,1
/content/drive/MyDrive/Brain_Tumor_CNN_Project/dataset/Epic and CSCR hospital Dataset/Train/notumor/1807.jpg,notumor,0
/content/drive/MyDrive/Brain_Tumor_CNN_Project/dataset/Epic and CSCR hospital Dataset/Train/glioma/Tr-gl_0413.jpg,glioma,1
/content/drive/MyDrive/Brain_Tumor_CNN_Project/dataset/Epic and CSCR hospital Dataset/Train/notumor/Tr-no_0571.jpg,notumor,0
/content/drive/MyDrive/Brain_Tumor_CNN_Project/dataset/Epic and CSCR hospital Dataset/Train/glioma/gg (387).jpg,glioma,1
/content/drive/MyDrive/Brain_Tumor_CNN_Project/dataset/Epic and CSCR hospital Dataset/Train/meningioma/Tr-me_0427.jpg,meningioma,1
/content/drive/MyDrive/Brain_Tumor_CNN_Project/dataset/Epic and CSCR hospital Dataset/Train/meningioma/M_856_DA_.jpg,meningioma,1
/content/drive/MyDrive/Brain_Tumor_CNN_Project/dataset/Epic and CSCR hospital Dataset/Train/meningioma/Tr-me_0122.jpg,meningioma,1
/content/drive/MyDrive/Brain_Tumor_CNN_Project/dataset/Epic and CSCR hospital Dataset/Train/glioma/G_862_DA_.jpg,glioma,1
/content/drive/MyDrive/Brain_Tumor_CNN_Project/dataset/Epic and CSCR hospital Dataset/Train/glioma/G_817_HF_.jpg,glioma,1
/content/drive/MyDrive/Brain_Tumor_CNN_Project/dataset/Epic and CSCR hospital Dataset/Train/pituitary/p (488).jpg,pituitary,1
/content/drive/MyDrive/Brain_Tumor_CNN_Project/dataset/Epic and CSCR hospital Dataset/Train/notumor/N_52.jpg,notumor,0
/content/drive/MyDrive/Brain_Tumor_CNN_Project/dataset/Epic and CSCR hospital Dataset/Train/notumor/Tr-no_0588.jpg,notumor,0
/content/drive/MyDrive/Brain_Tumor_CNN_Project/dataset/Epic and CSCR hospital Dataset/Train/notumor/N_44_HF_.jpg,notumor,0
/content/drive/MyDrive/Brain_Tumor_CNN_Project/dataset/Epic and CSCR hospital Dataset/Train/glioma/Tr-gl_1056.jpg,glioma,1
/content/drive/MyDrive/Brain_Tumor_CNN_Project/dataset/Epic and CSCR hospital Dataset/Train/pituitary/P_743_HF_.jpg,pituitary,1
/content/drive/MyDrive/Brain_Tumor_CNN_Project/dataset/Epic and CSCR hospital Dataset/Train/glioma/gg (574).jpg,glioma,1
/content/drive/MyDrive/Brain_Tumor_CNN_Project/dataset/Epic and CSCR hospital Dataset/Train/pituitary/Tr-pi_0621.jpg,pituitary,1
/content/drive/MyDrive/Brain_Tumor_CNN_Project/dataset/Epic and CSCR hospital Dataset/Train/glioma/Tr-gl_1203.jpg,glioma,1
/content/drive/MyDrive/Brain_Tumor_CNN_Project/dataset/Epic and CSCR hospital Dataset/Train/pituitary/P_765_HF_.jpg,pituitary,1
/content/drive/MyDrive/Brain_Tumor_CNN_Project/dataset/Epic and CSCR hospital Dataset/Train/meningioma/Tr-me_1011.jpg,meningioma,1
/content/drive/MyDrive/Brain_Tumor_CNN_Project/dataset/Epic and CSCR hospital Dataset/Train/glioma/G_868_HF_.jpg,glioma,1
/content/drive/MyDrive/Brain_Tumor_CNN_Project/dataset/Epic and CSCR hospital Dataset/Train/pituitary/Tr-pi_1007.jpg,pituitary,1
/content/drive/MyDrive/Brain_Tumor_CNN_Project/dataset/Epic and CSCR hospital Dataset/Train/notumor/Tr-no_0265.jpg,notumor,0
/content/drive/MyDrive/Brain_Tumor_CNN_Project/dataset/Epic and CSCR hospital Dataset/Train/glioma/Tr-gl_0627.jpg,glioma,1
/content/drive/MyDrive/Brain_Tumor_CNN_Project/dataset/Epic and CSCR hospital Dataset/Train/glioma/gg (572).jpg,glioma,1
/content/drive/MyDrive/Brain_Tumor_CNN_Project/dataset/Epic and CSCR hospital Dataset/Train/glioma/Tr-gl_0921.jpg,glioma,1
/content/drive/MyDrive/Brain_Tumor_CNN_Project/dataset/Epic and CSCR hospital Dataset/Train/notumor/Te-no_0292.jpg,notumor,0
/content/drive/MyDrive/Brain_Tumor_CNN_Project/dataset/Epic and CSCR hospital Dataset/Train/meningioma/Te-me_0261.jpg,meningioma,1
/content/drive/MyDrive/Brain_Tumor_CNN_Project/dataset/Epic and CSCR hospital Dataset/Train/glioma/G_811_VF_.jpg,glioma,1
/content/drive/MyDrive/Brain_Tumor_CNN_Project/dataset/Epic and CSCR hospital Dataset/Train/meningioma/M_861_DA_.jpg,meningioma,1
/content/drive/MyDrive/Brain_Tumor_CNN_Project/dataset/Epic and CSCR hospital Dataset/Train/glioma/G_874_BR_.jpg,glioma,1
/content/drive/MyDrive/Brain_Tumor_CNN_Project/dataset/Epic and CSCR hospital Dataset/Train/meningioma/m2 (40).jpg,meningioma,1
/content/drive/MyDrive/Brain_Tumor_CNN_Project/dataset/Epic and CSCR hospital Dataset/Train/glioma/G_801_HF_.jpg,glioma,1
/content/drive/MyDrive/Brain_Tumor_CNN_Project/dataset/Epic and CSCR hospital Dataset/Train/glioma/G_757_SP_.jpg,glioma,1
/content/drive/MyDrive/Brain_Tumor_CNN_Project/dataset/Epic and CSCR hospital Dataset/Train/meningioma/M_851.jpg,meningioma,1
/content/drive/MyDrive/Brain_Tumor_CNN_Project/dataset/Epic and CSCR hospital Dataset/Train/glioma/G_710_BR_.jpg,glioma,1
/content/drive/MyDrive/Brain_Tumor_CNN_Project/dataset/Epic and CSCR hospital Dataset/Train/meningioma/Te-me_0280.jpg,meningioma,1
/content/drive/MyDrive/Brain_Tumor_CNN_Project/dataset/Epic and CSCR hospital Dataset/Train/pituitary/Tr-pi_1009.jpg,pituitary,1
/content/drive/MyDrive/Brain_Tumor_CNN_Project/dataset/Epic and CSCR hospital Dataset/Train/glioma/Tr-gl_0361.jpg,glioma,1
/content/drive/MyDrive/Brain_Tumor_CNN_Project/dataset/Epic and CSCR hospital Dataset/Train/meningioma/Tr-me_0384.jpg,meningioma,1
/content/drive/MyDrive/Brain_Tumor_CNN_Project/dataset/Epic and CSCR hospital Dataset/Train/meningioma/Tr-me_0347.jpg,meningioma,1
/content/drive/MyDrive/Brain_Tumor_CNN_Project/dataset/Epic and CSCR hospital Dataset/Train/pituitary/Tr-pi_0802.jpg,pituitary,1
/content/drive/MyDrive/Brain_Tumor_CNN_Project/dataset/Epic and CSCR hospital Dataset/Train/meningioma/M_892_HF_.jpg,meningioma,1
/content/drive/MyDrive/Brain_Tumor_CNN_Project/dataset/Epic and CSCR hospital Dataset/Train/pituitary/P_804_RO_.jpg,pituitary,1
/content/drive/MyDrive/Brain_Tumor_CNN_Project/dataset/Epic and CSCR hospital Dataset/Train/pituitary/Tr-pi_1299.jpg,pituitary,1
/content/drive/MyDrive/Brain_Tumor_CNN_Project/dataset/Epic and CSCR hospital Dataset/Train/notumor/N_390_HF_.jpg,notumor,0
/content/drive/MyDrive/Brain_Tumor_CNN_Project/dataset/Epic and CSCR hospital Dataset/Train/notumor/Tr-no_0106.jpg,notumor,0
/content/drive/MyDrive/Brain_Tumor_CNN_Project/dataset/Epic and CSCR hospital Dataset/Train/pituitary/P_76.jpg,pituitary,1
/content/drive/MyDrive/Brain_Tumor_CNN_Project/dataset/Epic and CSCR hospital Dataset/Train/pituitary/P_756_BR_.jpg,pituitary,1
/content/drive/MyDrive/Brain_Tumor_CNN_Project/dataset/Epic and CSCR hospital Dataset/Train/pituitary/P_753_VF_.jpg,pituitary,1
/content/drive/MyDrive/Brain_Tumor_CNN_Project/dataset/Epic and CSCR hospital Dataset/Train/notumor/N_41_SP_.jpg,notumor,0
/content/drive/MyDrive/Brain_Tumor_CNN_Project/dataset/Epic and CSCR hospital Dataset/Train/notumor/Tr-no_0473.jpg,notumor,0
/content/drive/MyDrive/Brain_Tumor_CNN_Project/dataset/Epic and CSCR hospital Dataset/Train/notumor/1813.jpg,notumor,0
/content/drive/MyDrive/Brain_Tumor_CNN_Project/dataset/Epic and CSCR hospital Dataset/Train/meningioma/Tr-me_1041.jpg,meningioma,1
/content/drive/MyDrive/Brain_Tumor_CNN_Project/dataset/Epic and CSCR hospital Dataset/Train/glioma/Tr-gl_0593.jpg,glioma,1
/content/drive/MyDrive/Brain_Tumor_CNN_Project/dataset/Epic and CSCR hospital Dataset/Train/meningioma/Tr-me_0565.jpg,meningioma,1
/content/drive/MyDrive/Brain_Tumor_CNN_Project/dataset/Epic and CSCR hospital Dataset/Train/pituitary/Te-pi_0139.jpg,pituitary,1
/content/drive/MyDrive/Brain_Tumor_CNN_Project/dataset/Epic and CSCR hospital Dataset/Train/meningioma/m2 (7).jpg,meningioma,1
/content/drive/MyDrive/Brain_Tumor_CNN_Project/dataset/Epic and CSCR hospital Dataset/Train/glioma/G_852.jpg,glioma,1
/content/drive/MyDrive/Brain_Tumor_CNN_Project/dataset/Epic and CSCR hospital Dataset/Train/pituitary/P_713.jpg,pituitary,1
/content/drive/MyDrive/Brain_Tumor_CNN_Project/dataset/Epic and CSCR hospital Dataset/Train/glioma/gg (483).jpg,glioma,1
/content/drive/MyDrive/Brain_Tumor_CNN_Project/dataset/Epic and CSCR hospital Dataset/Train/glioma/Tr-gl_0071.jpg,glioma,1
/content/drive/MyDrive/Brain_Tumor_CNN_Project/dataset/Epic and CSCR hospital Dataset/Train/meningioma/M_842_VF_.jpg,meningioma,1
/content/drive/MyDrive/Brain_Tumor_CNN_Project/dataset/Epic and CSCR hospital Dataset/Train/pituitary/Tr-pi_0179.jpg,pituitary,1
/content/drive/MyDrive/Brain_Tumor_CNN_Project/dataset/Epic and CSCR hospital Dataset/Train/notumor/image(116).jpg,notumor,0
/content/drive/MyDrive/Brain_Tumor_CNN_Project/dataset/Epic and CSCR hospital Dataset/Train/meningioma/Tr-me_0490.jpg,meningioma,1
/content/drive/MyDrive/Brain_Tumor_CNN_Project/dataset/Epic and CSCR hospital Dataset/Train/glioma/Te-gl_0215.jpg,glioma,1
/content/drive/MyDrive/Brain_Tumor_CNN_Project/dataset/Epic and CSCR hospital Dataset/Train/glioma/gg (336).jpg,glioma,1
/content/drive/MyDrive/Brain_Tumor_CNN_Project/dataset/Epic and CSCR hospital Dataset/Train/notumor/N_430_VF_.jpg,notumor,0
/content/drive/MyDrive/Brain_Tumor_CNN_Project/dataset/Epic and CSCR hospital Dataset/Train/glioma/G_863_BR_.jpg,glioma,1
/content/drive/MyDrive/Brain_Tumor_CNN_Project/dataset/Epic and CSCR hospital Dataset/Train/pituitary/Tr-pi_0264.jpg,pituitary,1
/content/drive/MyDrive/Brain_Tumor_CNN_Project/dataset/Epic and CSCR hospital Dataset/Train/glioma/G_730_SP_.jpg,glioma,1
/content/drive/MyDrive/Brain_Tumor_CNN_Project/dataset/Epic and CSCR hospital Dataset/Train/pituitary/P_844_VF_.jpg,pituitary,1
/content/drive/MyDrive/Brain_Tumor_CNN_Project/dataset/Epic and CSCR hospital Dataset/Train/notumor/N_435_RO_.jpg,notumor,0
/content/drive/MyDrive/Brain_Tumor_CNN_Project/dataset/Epic and CSCR hospital Dataset/Train/pituitary/P_829_HF_.jpg,pituitary,1
/content/drive/MyDrive/Brain_Tumor_CNN_Project/dataset/Epic and CSCR hospital Dataset/Train/glioma/Tr-gl_1065.jpg,glioma,1
/content/drive/MyDrive/Brain_Tumor_CNN_Project/dataset/Epic and CSCR hospital Dataset/Train/pituitary/P_750_DA_.jpg,pituitary,1
/content/drive/MyDrive/Brain_Tumor_CNN_Project/dataset/Epic and CSCR hospital Dataset/Train/glioma/G_87_HF_.jpg,glioma,1
/content/drive/MyDrive/Brain_Tumor_CNN_Project/dataset/Epic and CSCR hospital Dataset/Train/pituitary/Tr-pi_0489.jpg,pituitary,1
/content/drive/MyDrive/Brain_Tumor_CNN_Project/dataset/Epic and CSCR hospital Dataset/Train/meningioma/Tr-me_0966.jpg,meningioma,1
/content/drive/MyDrive/Brain_Tumor_CNN_Project/dataset/Epic and CSCR hospital Dataset/Train/meningioma/Tr-me_0512.jpg,meningioma,1
/content/drive/MyDrive/Brain_Tumor_CNN_Project/dataset/Epic and CSCR hospital Dataset/Train/pituitary/Tr-pi_0226.jpg,pituitary,1
/content/drive/MyDrive/Brain_Tumor_CNN_Project/dataset/Epic and CSCR hospital Dataset/Train/glioma/G_775.jpg,glioma,1
/content/drive/MyDrive/Brain_Tumor_CNN_Project/dataset/Epic and CSCR hospital Dataset/Train/pituitary/Tr-pi_1302.jpg,pituitary,1
/content/drive/MyDrive/Brain_Tumor_CNN_Project/dataset/Epic and CSCR hospital Dataset/Train/pituitary/Te-pi_0065.jpg,pituitary,1
/content/drive/MyDrive/Brain_Tumor_CNN_Project/dataset/Epic and CSCR hospital Dataset/Train/glioma/G_858_BR_.jpg,glioma,1
/content/drive/MyDrive/Brain_Tumor_CNN_Project/dataset/Epic and CSCR hospital Dataset/Train/pituitary/Tr-pi_1107.jpg,pituitary,1
/content/drive/MyDrive/Brain_Tumor_CNN_Project/dataset/Epic and CSCR hospital Dataset/Train/glioma/Tr-gl_0277.jpg,glioma,1
/content/drive/MyDrive/Brain_Tumor_CNN_Project/dataset/Epic and CSCR hospital Dataset/Train/notumor/1818.jpg,notumor,0
/content/drive/MyDrive/Brain_Tumor_CNN_Project/dataset/Epic and CSCR hospital Dataset/Train/glioma/Tr-gl_0580.jpg,glioma,1
/content/drive/MyDrive/Brain_Tumor_CNN_Project/dataset/Epic and CSCR hospital Dataset/Train/glioma/gg (380).jpg,glioma,1
/content/drive/MyDrive/Brain_Tumor_CNN_Project/dataset/Epic and CSCR hospital Dataset/Train/meningioma/Tr-me_0523.jpg,meningioma,1
/content/drive/MyDrive/Brain_Tumor_CNN_Project/dataset/Epic and CSCR hospital Dataset/Train/pituitary/P_719_SP_.jpg,pituitary,1
/content/drive/MyDrive/Brain_Tumor_CNN_Project/dataset/Epic and CSCR hospital Dataset/Train/meningioma/M_859_DA_.jpg,meningioma,1
/content/drive/MyDrive/Brain_Tumor_CNN_Project/dataset/Epic and CSCR hospital Dataset/Train/notumor/Tr-no_0670.jpg,notumor,0
/content/drive/MyDrive/Brain_Tumor_CNN_Project/dataset/Epic and CSCR hospital Dataset/Train/notumor/Tr-no_0492.jpg,notumor,0
/content/drive/MyDrive/Brain_Tumor_CNN_Project/dataset/Epic and CSCR hospital Dataset/Train/meningioma/1338.jpg,meningioma,1
/content/drive/MyDrive/Brain_Tumor_CNN_Project/dataset/Epic and CSCR hospital Dataset/Train/meningioma/Tr-me_0465.jpg,meningioma,1
/content/drive/MyDrive/Brain_Tumor_CNN_Project/dataset/Epic and CSCR hospital Dataset/Train/meningioma/Tr-me_0837.jpg,meningioma,1
/content/drive/MyDrive/Brain_Tumor_CNN_Project/dataset/Epic and CSCR hospital Dataset/Train/notumor/N_372_DA_.jpg,notumor,0
/content/drive/MyDrive/Brain_Tumor_CNN_Project/dataset/Epic and CSCR hospital Dataset/Train/pituitary/Tr-pi_0349.jpg,pituitary,1
/content/drive/MyDrive/Brain_Tumor_CNN_Project/dataset/Epic and CSCR hospital Dataset/Train/notumor/Tr-no_0205.jpg,notumor,0
/content/drive/MyDrive/Brain_Tumor_CNN_Project/dataset/Epic and CSCR hospital Dataset/Train/pituitary/Tr-pi_1002.jpg,pituitary,1
/content/drive/MyDrive/Brain_Tumor_CNN_Project/dataset/Epic and CSCR hospital Dataset/Train/notumor/Tr-no_0070.jpg,notumor,0
/content/drive/MyDrive/Brain_Tumor_CNN_Project/dataset/Epic and CSCR hospital Dataset/Train/pituitary/Tr-pi_1178.jpg,pituitary,1
/content/drive/MyDrive/Brain_Tumor_CNN_Project/dataset/Epic and CSCR hospital Dataset/Train/glioma/G_793_SP_.jpg,glioma,1
/content/drive/MyDrive/Brain_Tumor_CNN_Project/dataset/Epic and CSCR hospital Dataset/Train/meningioma/Tr-me_0263.jpg,meningioma,1
/content/drive/MyDrive/Brain_Tumor_CNN_Project/dataset/Epic and CSCR hospital Dataset/Train/notumor/1670.jpg,notumor,0
/content/drive/MyDrive/Brain_Tumor_CNN_Project/dataset/Epic and CSCR hospital Dataset/Train/notumor/N_42_SP_.jpg,notumor,0
/content/drive/MyDrive/Brain_Tumor_CNN_Project/dataset/Epic and CSCR hospital Dataset/Train/notumor/Tr-no_0190.jpg,notumor,0
/content/drive/MyDrive/Brain_Tumor_CNN_Project/dataset/Epic and CSCR hospital Dataset/Train/glioma/Tr-gl_0818.jpg,glioma,1
/content/drive/MyDrive/Brain_Tumor_CNN_Project/dataset/Epic and CSCR hospital Dataset/Train/glioma/Te-gl_0079.jpg,glioma,1
/content/drive/MyDrive/Brain_Tumor_CNN_Project/dataset/Epic and CSCR hospital Dataset/Train/pituitary/Te-pi_0028.jpg,pituitary,1
/content/drive/MyDrive/Brain_Tumor_CNN_Project/dataset/Epic and CSCR hospital Dataset/Train/meningioma/M_850_HF_.jpg,meningioma,1
/content/drive/MyDrive/Brain_Tumor_CNN_Project/dataset/Epic and CSCR hospital Dataset/Train/notumor/N_402_SP_.jpg,notumor,0
/content/drive/MyDrive/Brain_Tumor_CNN_Project/dataset/Epic and CSCR hospital Dataset/Train/pituitary/P_723_BR_.jpg,pituitary,1
/content/drive/MyDrive/Brain_Tumor_CNN_Project/dataset/Epic and CSCR hospital Dataset/Train/pituitary/Tr-pi_0284.jpg,pituitary,1
/content/drive/MyDrive/Brain_Tumor_CNN_Project/dataset/Epic and CSCR hospital Dataset/Train/glioma/G_794_SP_.jpg,glioma,1
/content/drive/MyDrive/Brain_Tumor_CNN_Project/dataset/Epic and CSCR hospital Dataset/Train/meningioma/Tr-me_1206.jpg,meningioma,1
/content/drive/MyDrive/Brain_Tumor_CNN_Project/dataset/Epic and CSCR hospital Dataset/Train/pituitary/P_81_SP_.jpg,pituitary,1
/content/drive/MyDrive/Brain_Tumor_CNN_Project/dataset/Epic and CSCR hospital Dataset/Train/pituitary/P_732.jpg,pituitary,1
/content/drive/MyDrive/Brain_Tumor_CNN_Project/dataset/Epic and CSCR hospital Dataset/Train/glioma/Tr-gl_0410.jpg,glioma,1
/content/drive/MyDrive/Brain_Tumor_CNN_Project/dataset/Epic and CSCR hospital Dataset/Train/meningioma/1352.jpg,meningioma,1
/content/drive/MyDrive/Brain_Tumor_CNN_Project/dataset/Epic and CSCR hospital Dataset/Train/meningioma/1368.jpg,meningioma,1
/content/drive/MyDrive/Brain_Tumor_CNN_Project/dataset/Epic and CSCR hospital Dataset/Train/meningioma/M_846_RO_.jpg,meningioma,1
/content/drive/MyDrive/Brain_Tumor_CNN_Project/dataset/Epic and CSCR hospital Dataset/Train/glioma/Te-gl_0076.jpg,glioma,1
/content/drive/MyDrive/Brain_Tumor_CNN_Project/dataset/Epic and CSCR hospital Dataset/Train/meningioma/m2 (163).jpg,meningioma,1
/content/drive/MyDrive/Brain_Tumor_CNN_Project/dataset/Epic and CSCR hospital Dataset/Train/glioma/G_781.jpg,glioma,1
/content/drive/MyDrive/Brain_Tumor_CNN_Project/dataset/Epic and CSCR hospital Dataset/Train/pituitary/Te-pi_0075.jpg,pituitary,1
/content/drive/MyDrive/Brain_Tumor_CNN_Project/dataset/Epic and CSCR hospital Dataset/Train/notumor/1679.jpg,notumor,0
/content/drive/MyDrive/Brain_Tumor_CNN_Project/dataset/Epic and CSCR hospital Dataset/Train/glioma/Tr-gl_0878.jpg,glioma,1
/content/drive/MyDrive/Brain_Tumor_CNN_Project/dataset/Epic and CSCR hospital Dataset/Train/glioma/Tr-gl_1232.jpg,glioma,1
/content/drive/MyDrive/Brain_Tumor_CNN_Project/dataset/Epic and CSCR hospital Dataset/Train/pituitary/P_837_DA_.jpg,pituitary,1
/content/drive/MyDrive/Brain_Tumor_CNN_Project/dataset/Epic and CSCR hospital Dataset/Train/meningioma/Tr-me_0896.jpg,meningioma,1
/content/drive/MyDrive/Brain_Tumor_CNN_Project/dataset/Epic and CSCR hospital Dataset/Train/pituitary/Tr-pi_0712.jpg,pituitary,1
/content/drive/MyDrive/Brain_Tumor_CNN_Project/dataset/Epic and CSCR hospital Dataset/Train/meningioma/Tr-me_1149.jpg,meningioma,1
/content/drive/MyDrive/Brain_Tumor_CNN_Project/dataset/Epic and CSCR hospital Dataset/Train/pituitary/Tr-pi_1075.jpg,pituitary,1
/content/drive/MyDrive/Brain_Tumor_CNN_Project/dataset/Epic and CSCR hospital Dataset/Train/meningioma/Tr-me_0476.jpg,meningioma,1
/content/drive/MyDrive/Brain_Tumor_CNN_Project/dataset/Epic and CSCR hospital Dataset/Train/pituitary/Tr-pi_0728.jpg,pituitary,1
/content/drive/MyDrive/Brain_Tumor_CNN_Project/dataset/Epic and CSCR hospital Dataset/Train/meningioma/Tr-me_0569.jpg,meningioma,1
/content/drive/MyDrive/Brain_Tumor_CNN_Project/dataset/Epic and CSCR hospital Dataset/Train/meningioma/M_887_BR_.jpg,meningioma,1
/content/drive/MyDrive/Brain_Tumor_CNN_Project/dataset/Epic and CSCR hospital Dataset/Train/glioma/Te-gl_0161.jpg,glioma,1
/content/drive/MyDrive/Brain_Tumor_CNN_Project/dataset/Epic and CSCR hospital Dataset/Train/meningioma/Tr-me_0560.jpg,meningioma,1
/content/drive/MyDrive/Brain_Tumor_CNN_Project/dataset/Epic and CSCR hospital Dataset/Train/notumor/1749.jpg,notumor,0
/content/drive/MyDrive/Brain_Tumor_CNN_Project/dataset/Epic and CSCR hospital Dataset/Train/meningioma/Te-me_0204.jpg,meningioma,1
/content/drive/MyDrive/Brain_Tumor_CNN_Project/dataset/Epic and CSCR hospital Dataset/Train/notumor/Tr-no_0695.jpg,notumor,0
/content/drive/MyDrive/Brain_Tumor_CNN_Project/dataset/Epic and CSCR hospital Dataset/Train/notumor/Te-no_0193.jpg,notumor,0
/content/drive/MyDrive/Brain_Tumor_CNN_Project/dataset/Epic and CSCR hospital Dataset/Train/glioma/Tr-gl_1006.jpg,glioma,1
/content/drive/MyDrive/Brain_Tumor_CNN_Project/dataset/Epic and CSCR hospital Dataset/Train/meningioma/Te-me_0294.jpg,meningioma,1
/content/drive/MyDrive/Brain_Tumor_CNN_Project/dataset/Epic and CSCR hospital Dataset/Train/meningioma/Tr-me_1300.jpg,meningioma,1
/content/drive/MyDrive/Brain_Tumor_CNN_Project/dataset/Epic and CSCR hospital Dataset/Train/glioma/G_781_BR_.jpg,glioma,1
/content/drive/MyDrive/Brain_Tumor_CNN_Project/dataset/Epic and CSCR hospital Dataset/Train/pituitary/P_705_VF_.jpg,pituitary,1
/content/drive/MyDrive/Brain_Tumor_CNN_Project/dataset/Epic and CSCR hospital Dataset/Train/meningioma/Tr-me_1289.jpg,meningioma,1
/content/drive/MyDrive/Brain_Tumor_CNN_Project/dataset/Epic and CSCR hospital Dataset/Train/glioma/Tr-gl_1267.jpg,glioma,1
/content/drive/MyDrive/Brain_Tumor_CNN_Project/dataset/Epic and CSCR hospital Dataset/Train/pituitary/P_721_VF_.jpg,pituitary,1
/content/drive/MyDrive/Brain_Tumor_CNN_Project/dataset/Epic and CSCR hospital Dataset/Train/notumor/1850.jpg,notumor,0
/content/drive/MyDrive/Brain_Tumor_CNN_Project/dataset/Epic and CSCR hospital Dataset/Train/pituitary/Tr-pi_0949.jpg,pituitary,1
/content/drive/MyDrive/Brain_Tumor_CNN_Project/dataset/Epic and CSCR hospital Dataset/Train/pituitary/P_792.jpg,pituitary,1
/content/drive/MyDrive/Brain_Tumor_CNN_Project/dataset/Epic and CSCR hospital Dataset/Train/meningioma/Tr-me_1044.jpg,meningioma,1
/content/drive/MyDrive/Brain_Tumor_CNN_Project/dataset/Epic and CSCR hospital Dataset/Train/notumor/image(156) - Copy.jpg,notumor,0
/content/drive/MyDrive/Brain_Tumor_CNN_Project/dataset/Epic and CSCR hospital Dataset/Train/meningioma/Tr-me_1215.jpg,meningioma,1
/content/drive/MyDrive/Brain_Tumor_CNN_Project/dataset/Epic and CSCR hospital Dataset/Train/pituitary/Tr-pi_0311.jpg,pituitary,1
/content/drive/MyDrive/Brain_Tumor_CNN_Project/dataset/Epic and CSCR hospital Dataset/Train/pituitary/Tr-pi_0715.jpg,pituitary,1
/content/drive/MyDrive/Brain_Tumor_CNN_Project/dataset/Epic and CSCR hospital Dataset/Train/notumor/Tr-no_0513.jpg,notumor,0
/content/drive/MyDrive/Brain_Tumor_CNN_Project/dataset/Epic and CSCR hospital Dataset/Train/glioma/Tr-gl_1085.jpg,glioma,1
/content/drive/MyDrive/Brain_Tumor_CNN_Project/dataset/Epic and CSCR hospital Dataset/Train/pituitary/Tr-pi_0081.jpg,pituitary,1
/content/drive/MyDrive/Brain_Tumor_CNN_Project/dataset/Epic and CSCR hospital Dataset/Train/meningioma/Tr-me_0610.jpg,meningioma,1
/content/drive/MyDrive/Brain_Tumor_CNN_Project/dataset/Epic and CSCR hospital Dataset/Train/pituitary/P_734_SP_.jpg,pituitary,1
/content/drive/MyDrive/Brain_Tumor_CNN_Project/dataset/Epic and CSCR hospital Dataset/Train/glioma/gg (394).jpg,glioma,1
/content/drive/MyDrive/Brain_Tumor_CNN_Project/dataset/Epic and CSCR hospital Dataset/Train/pituitary/P_807_BR_.jpg,pituitary,1
/content/drive/MyDrive/Brain_Tumor_CNN_Project/dataset/Epic and CSCR hospital Dataset/Train/pituitary/Tr-pi_0412.jpg,pituitary,1
/content/drive/MyDrive/Brain_Tumor_CNN_Project/dataset/Epic and CSCR hospital Dataset/Train/notumor/Te-no_0223.jpg,notumor,0
/content/drive/MyDrive/Brain_Tumor_CNN_Project/dataset/Epic and CSCR hospital Dataset/Train/glioma/gg (6).jpg,glioma,1
/content/drive/MyDrive/Brain_Tumor_CNN_Project/dataset/Epic and CSCR hospital Dataset/Train/pituitary/P_772_HF_.jpg,pituitary,1
/content/drive/MyDrive/Brain_Tumor_CNN_Project/dataset/Epic and CSCR hospital Dataset/Train/glioma/Tr-gl_0407.jpg,glioma,1
/content/drive/MyDrive/Brain_Tumor_CNN_Project/dataset/Epic and CSCR hospital Dataset/Train/pituitary/Te-pi_0105.jpg,pituitary,1
/content/drive/MyDrive/Brain_Tumor_CNN_Project/dataset/Epic and CSCR hospital Dataset/Train/pituitary/P_747_SP_.jpg,pituitary,1
/content/drive/MyDrive/Brain_Tumor_CNN_Project/dataset/Epic and CSCR hospital Dataset/Train/notumor/Tr-no_0316.jpg,notumor,0
/content/drive/MyDrive/Brain_Tumor_CNN_Project/dataset/Epic and CSCR hospital Dataset/Train/glioma/Te-gl_0133.jpg,glioma,1
/content/drive/MyDrive/Brain_Tumor_CNN_Project/dataset/Epic and CSCR hospital Dataset/Train/pituitary/Tr-pi_0354.jpg,pituitary,1
/content/drive/MyDrive/Brain_Tumor_CNN_Project/dataset/Epic and CSCR hospital Dataset/Train/pituitary/P_806.jpg,pituitary,1
/content/drive/MyDrive/Brain_Tumor_CNN_Project/dataset/Epic and CSCR hospital Dataset/Train/notumor/Te-no_0272.jpg,notumor,0
/content/drive/MyDrive/Brain_Tumor_CNN_Project/dataset/Epic and CSCR hospital Dataset/Train/notumor/1880.jpg,notumor,0
/content/drive/MyDrive/Brain_Tumor_CNN_Project/dataset/Epic and CSCR hospital Dataset/Train/meningioma/M_820_VF_.jpg,meningioma,1
/content/drive/MyDrive/Brain_Tumor_CNN_Project/dataset/Epic and CSCR hospital Dataset/Train/glioma/Te-gl_0070.jpg,glioma,1
/content/drive/MyDrive/Brain_Tumor_CNN_Project/dataset/Epic and CSCR hospital Dataset/Train/notumor/Tr-no_0351.jpg,notumor,0
/content/drive/MyDrive/Brain_Tumor_CNN_Project/dataset/Epic and CSCR hospital Dataset/Train/meningioma/Te-me_0096.jpg,meningioma,1
/content/drive/MyDrive/Brain_Tumor_CNN_Project/dataset/Epic and CSCR hospital Dataset/Train/notumor/N_376_BR_.jpg,notumor,0
/content/drive/MyDrive/Brain_Tumor_CNN_Project/dataset/Epic and CSCR hospital Dataset/Train/pituitary/P_841_SP_.jpg,pituitary,1
/content/drive/MyDrive/Brain_Tumor_CNN_Project/dataset/Epic and CSCR hospital Dataset/Train/glioma/image(61).jpg,glioma,1
/content/drive/MyDrive/Brain_Tumor_CNN_Project/dataset/Epic and CSCR hospital Dataset/Train/pituitary/Te-pi_0126.jpg,pituitary,1
/content/drive/MyDrive/Brain_Tumor_CNN_Project/dataset/Epic and CSCR hospital Dataset/Train/notumor/1923.jpg,notumor,0
/content/drive/MyDrive/Brain_Tumor_CNN_Project/dataset/Epic and CSCR hospital Dataset/Train/notumor/Tr-no_0080.jpg,notumor,0
/content/drive/MyDrive/Brain_Tumor_CNN_Project/dataset/Epic and CSCR hospital Dataset/Train/pituitary/P_815_RO_.jpg,pituitary,1
/content/drive/MyDrive/Brain_Tumor_CNN_Project/dataset/Epic and CSCR hospital Dataset/Train/glioma/Tr-gl_1209.jpg,glioma,1
/content/drive/MyDrive/Brain_Tumor_CNN_Project/dataset/Epic and CSCR hospital Dataset/Train/glioma/Tr-gl_0605.jpg,glioma,1
/content/drive/MyDrive/Brain_Tumor_CNN_Project/dataset/Epic and CSCR hospital Dataset/Train/glioma/Tr-gl_0512.jpg,glioma,1
/content/drive/MyDrive/Brain_Tumor_CNN_Project/dataset/Epic and CSCR hospital Dataset/Train/glioma/G_835.jpg,glioma,1
/content/drive/MyDrive/Brain_Tumor_CNN_Project/dataset/Epic and CSCR hospital Dataset/Train/notumor/1700.jpg,notumor,0
/content/drive/MyDrive/Brain_Tumor_CNN_Project/dataset/Epic and CSCR hospital Dataset/Train/pituitary/P_741.jpg,pituitary,1
/content/drive/MyDrive/Brain_Tumor_CNN_Project/dataset/Epic and CSCR hospital Dataset/Train/glioma/G_763_HF_.jpg,glioma,1
/content/drive/MyDrive/Brain_Tumor_CNN_Project/dataset/Epic and CSCR hospital Dataset/Train/glioma/G_737.jpg,glioma,1
/content/drive/MyDrive/Brain_Tumor_CNN_Project/dataset/Epic and CSCR hospital Dataset/Train/pituitary/P_810_VF_.jpg,pituitary,1
/content/drive/MyDrive/Brain_Tumor_CNN_Project/dataset/Epic and CSCR hospital Dataset/Train/meningioma/Tr-me_1261.jpg,meningioma,1
/content/drive/MyDrive/Brain_Tumor_CNN_Project/dataset/Epic and CSCR hospital Dataset/Train/glioma/gg (332).jpg,glioma,1
/content/drive/MyDrive/Brain_Tumor_CNN_Project/dataset/Epic and CSCR hospital Dataset/Train/notumor/N_433.jpg,notumor,0
/content/drive/MyDrive/Brain_Tumor_CNN_Project/dataset/Epic and CSCR hospital Dataset/Train/pituitary/Te-pi_0051.jpg,pituitary,1
/content/drive/MyDrive/Brain_Tumor_CNN_Project/dataset/Epic and CSCR hospital Dataset/Train/glioma/Tr-gl_0165.jpg,glioma,1
/content/drive/MyDrive/Brain_Tumor_CNN_Project/dataset/Epic and CSCR hospital Dataset/Train/meningioma/M_842_SP_.jpg,meningioma,1
/content/drive/MyDrive/Brain_Tumor_CNN_Project/dataset/Epic and CSCR hospital Dataset/Train/meningioma/Tr-me_0281.jpg,meningioma,1
/content/drive/MyDrive/Brain_Tumor_CNN_Project/dataset/Epic and CSCR hospital Dataset/Train/glioma/G_762_HF_.jpg,glioma,1
/content/drive/MyDrive/Brain_Tumor_CNN_Project/dataset/Epic and CSCR hospital Dataset/Train/meningioma/1377.jpg,meningioma,1
/content/drive/MyDrive/Brain_Tumor_CNN_Project/dataset/Epic and CSCR hospital Dataset/Train/meningioma/Te-me_0259.jpg,meningioma,1
/content/drive/MyDrive/Brain_Tumor_CNN_Project/dataset/Epic and CSCR hospital Dataset/Train/glioma/gg (543).jpg,glioma,1
/content/drive/MyDrive/Brain_Tumor_CNN_Project/dataset/Epic and CSCR hospital Dataset/Train/glioma/Tr-gl_1094.jpg,glioma,1
/content/drive/MyDrive/Brain_Tumor_CNN_Project/dataset/Epic and CSCR hospital Dataset/Train/glioma/G_778_BR_.jpg,glioma,1
/content/drive/MyDrive/Brain_Tumor_CNN_Project/dataset/Epic and CSCR hospital Dataset/Train/meningioma/M_873_RO_.jpg,meningioma,1
/content/drive/MyDrive/Brain_Tumor_CNN_Project/dataset/Epic and CSCR hospital Dataset/Train/meningioma/Tr-me_0955.jpg,meningioma,1
/content/drive/MyDrive/Brain_Tumor_CNN_Project/dataset/Epic and CSCR hospital Dataset/Train/glioma/G_858_SP_.jpg,glioma,1
/content/drive/MyDrive/Brain_Tumor_CNN_Project/dataset/Epic and CSCR hospital Dataset/Train/notumor/Te-no_0214.jpg,notumor,0
/content/drive/MyDrive/Brain_Tumor_CNN_Project/dataset/Epic and CSCR hospital Dataset/Train/pituitary/Tr-pi_0617.jpg,pituitary,1
/content/drive/MyDrive/Brain_Tumor_CNN_Project/dataset/Epic and CSCR hospital Dataset/Train/meningioma/Tr-me_0208.jpg,meningioma,1
/content/drive/MyDrive/Brain_Tumor_CNN_Project/dataset/Epic and CSCR hospital Dataset/Train/glioma/Tr-gl_0262.jpg,glioma,1
/content/drive/MyDrive/Brain_Tumor_CNN_Project/dataset/Epic and CSCR hospital Dataset/Train/pituitary/P_785_BR_.jpg,pituitary,1
/content/drive/MyDrive/Brain_Tumor_CNN_Project/dataset/Epic and CSCR hospital Dataset/Train/pituitary/P_813_VF_.jpg,pituitary,1
/content/drive/MyDrive/Brain_Tumor_CNN_Project/dataset/Epic and CSCR hospital Dataset/Train/pituitary/Tr-pi_0048.jpg,pituitary,1
/content/drive/MyDrive/Brain_Tumor_CNN_Project/dataset/Epic and CSCR hospital Dataset/Train/glioma/G_764_VF_.jpg,glioma,1
/content/drive/MyDrive/Brain_Tumor_CNN_Project/dataset/Epic and CSCR hospital Dataset/Train/meningioma/M_855_HF_.jpg,meningioma,1
/content/drive/MyDrive/Brain_Tumor_CNN_Project/dataset/Epic and CSCR hospital Dataset/Train/pituitary/Tr-pi_1392.jpg,pituitary,1
/content/drive/MyDrive/Brain_Tumor_CNN_Project/dataset/Epic and CSCR hospital Dataset/Train/pituitary/Tr-pi_1196.jpg,pituitary,1
/content/drive/MyDrive/Brain_Tumor_CNN_Project/dataset/Epic and CSCR hospital Dataset/Train/glioma/G_737_HF_.jpg,glioma,1
/content/drive/MyDrive/Brain_Tumor_CNN_Project/dataset/Epic and CSCR hospital Dataset/Train/glioma/Te-gl_0102.jpg,glioma,1
/content/drive/MyDrive/Brain_Tumor_CNN_Project/dataset/Epic and CSCR hospital Dataset/Train/pituitary/Tr-pi_1172.jpg,pituitary,1
/content/drive/MyDrive/Brain_Tumor_CNN_Project/dataset/Epic and CSCR hospital Dataset/Train/glioma/Tr-gl_1053.jpg,glioma,1
/content/drive/MyDrive/Brain_Tumor_CNN_Project/dataset/Epic and CSCR hospital Dataset/Train/meningioma/Tr-me_0434.jpg,meningioma,1
/content/drive/MyDrive/Brain_Tumor_CNN_Project/dataset/Epic and CSCR hospital Dataset/Train/notumor/N_42.jpg,notumor,0
/content/drive/MyDrive/Brain_Tumor_CNN_Project/dataset/Epic and CSCR hospital Dataset/Train/meningioma/Te-me_0064.jpg,meningioma,1
/content/drive/MyDrive/Brain_Tumor_CNN_Project/dataset/Epic and CSCR hospital Dataset/Train/pituitary/Tr-pi_0123.jpg,pituitary,1
/content/drive/MyDrive/Brain_Tumor_CNN_Project/dataset/Epic and CSCR hospital Dataset/Train/meningioma/M_827_RO_.jpg,meningioma,1
/content/drive/MyDrive/Brain_Tumor_CNN_Project/dataset/Epic and CSCR hospital Dataset/Train/meningioma/Tr-me_1301.jpg,meningioma,1
/content/drive/MyDrive/Brain_Tumor_CNN_Project/dataset/Epic and CSCR hospital Dataset/Train/meningioma/1340.jpg,meningioma,1
/content/drive/MyDrive/Brain_Tumor_CNN_Project/dataset/Epic and CSCR hospital Dataset/Train/meningioma/Te-me_0303.jpg,meningioma,1
/content/drive/MyDrive/Brain_Tumor_CNN_Project/dataset/Epic and CSCR hospital Dataset/Train/glioma/G_757_RO_.jpg,glioma,1
/content/drive/MyDrive/Brain_Tumor_CNN_Project/dataset/Epic and CSCR hospital Dataset/Train/pituitary/P_706_HF_.jpg,pituitary,1
/content/drive/MyDrive/Brain_Tumor_CNN_Project/dataset/Epic and CSCR hospital Dataset/Train/pituitary/P_788_DA_.jpg,pituitary,1
/content/drive/MyDrive/Brain_Tumor_CNN_Project/dataset/Epic and CSCR hospital Dataset/Train/notumor/1761.jpg,notumor,0
/content/drive/MyDrive/Brain_Tumor_CNN_Project/dataset/Epic and CSCR hospital Dataset/Train/pituitary/P_813_DA_.jpg,pituitary,1
/content/drive/MyDrive/Brain_Tumor_CNN_Project/dataset/Epic and CSCR hospital Dataset/Train/meningioma/Te-me_0230.jpg,meningioma,1
/content/drive/MyDrive/Brain_Tumor_CNN_Project/dataset/Epic and CSCR hospital Dataset/Train/glioma/G_88.jpg,glioma,1
/content/drive/MyDrive/Brain_Tumor_CNN_Project/dataset/Epic and CSCR hospital Dataset/Train/pituitary/Tr-pi_0337.jpg,pituitary,1
/content/drive/MyDrive/Brain_Tumor_CNN_Project/dataset/Epic and CSCR hospital Dataset/Train/glioma/G_796.jpg,glioma,1
/content/drive/MyDrive/Brain_Tumor_CNN_Project/dataset/Epic and CSCR hospital Dataset/Train/pituitary/Tr-pi_0444.jpg,pituitary,1
/content/drive/MyDrive/Brain_Tumor_CNN_Project/dataset/Epic and CSCR hospital Dataset/Train/meningioma/Tr-me_1224.jpg,meningioma,1
/content/drive/MyDrive/Brain_Tumor_CNN_Project/dataset/Epic and CSCR hospital Dataset/Train/notumor/N_46_HF_.jpg,notumor,0
/content/drive/MyDrive/Brain_Tumor_CNN_Project/dataset/Epic and CSCR hospital Dataset/Train/pituitary/P_7_BR_.jpg,pituitary,1
/content/drive/MyDrive/Brain_Tumor_CNN_Project/dataset/Epic and CSCR hospital Dataset/Train/pituitary/Tr-pi_0391.jpg,pituitary,1
/content/drive/MyDrive/Brain_Tumor_CNN_Project/dataset/Epic and CSCR hospital Dataset/Train/pituitary/Tr-pi_1119.jpg,pituitary,1
/content/drive/MyDrive/Brain_Tumor_CNN_Project/dataset/Epic and CSCR hospital Dataset/Train/notumor/1680.jpg,notumor,0
/content/drive/MyDrive/Brain_Tumor_CNN_Project/dataset/Epic and CSCR hospital Dataset/Train/notumor/Tr-no_0246.jpg,notumor,0
/content/drive/MyDrive/Brain_Tumor_CNN_Project/dataset/Epic and CSCR hospital Dataset/Train/pituitary/Tr-pi_0438.jpg,pituitary,1
/content/drive/MyDrive/Brain_Tumor_CNN_Project/dataset/Epic and CSCR hospital Dataset/Train/glioma/Tr-gl_0626.jpg,glioma,1
/content/drive/MyDrive/Brain_Tumor_CNN_Project/dataset/Epic and CSCR hospital Dataset/Train/notumor/1731.jpg,notumor,0
/content/drive/MyDrive/Brain_Tumor_CNN_Project/dataset/Epic and CSCR hospital Dataset/Train/glioma/gg (599).jpg,glioma,1
/content/drive/MyDrive/Brain_Tumor_CNN_Project/dataset/Epic and CSCR hospital Dataset/Train/glioma/G_723.jpg,glioma,1
/content/drive/MyDrive/Brain_Tumor_CNN_Project/dataset/Epic and CSCR hospital Dataset/Train/meningioma/m3 (171).jpg,meningioma,1
/content/drive/MyDrive/Brain_Tumor_CNN_Project/dataset/Epic and CSCR hospital Dataset/Train/meningioma/Tr-me_0510.jpg,meningioma,1
/content/drive/MyDrive/Brain_Tumor_CNN_Project/dataset/Epic and CSCR hospital Dataset/Train/glioma/G_716.jpg,glioma,1
/content/drive/MyDrive/Brain_Tumor_CNN_Project/dataset/Epic and CSCR hospital Dataset/Train/pituitary/P_805_HF_.jpg,pituitary,1
/content/drive/MyDrive/Brain_Tumor_CNN_Project/dataset/Epic and CSCR hospital Dataset/Train/pituitary/Tr-pi_0776.jpg,pituitary,1
/content/drive/MyDrive/Brain_Tumor_CNN_Project/dataset/Epic and CSCR hospital Dataset/Train/meningioma/M_830_SP_.jpg,meningioma,1
/content/drive/MyDrive/Brain_Tumor_CNN_Project/dataset/Epic and CSCR hospital Dataset/Train/meningioma/Tr-me_0497.jpg,meningioma,1
/content/drive/MyDrive/Brain_Tumor_CNN_Project/dataset/Epic and CSCR hospital Dataset/Train/glioma/Tr-gl_0602.jpg,glioma,1
/content/drive/MyDrive/Brain_Tumor_CNN_Project/dataset/Epic and CSCR hospital Dataset/Train/pituitary/P_721_HF_.jpg,pituitary,1
/content/drive/MyDrive/Brain_Tumor_CNN_Project/dataset/Epic and CSCR hospital Dataset/Train/meningioma/m2 (63).jpg,meningioma,1
/content/drive/MyDrive/Brain_Tumor_CNN_Project/dataset/Epic and CSCR hospital Dataset/Train/pituitary/P_838_HF_.jpg,pituitary,1
/content/drive/MyDrive/Brain_Tumor_CNN_Project/dataset/Epic and CSCR hospital Dataset/Train/glioma/Tr-gl_0978.jpg,glioma,1
/content/drive/MyDrive/Brain_Tumor_CNN_Project/dataset/Epic and CSCR hospital Dataset/Train/pituitary/Tr-pi_1180.jpg,pituitary,1
/content/drive/MyDrive/Brain_Tumor_CNN_Project/dataset/Epic and CSCR hospital Dataset/Train/glioma/G_765_DA_.jpg,glioma,1
/content/drive/MyDrive/Brain_Tumor_CNN_Project/dataset/Epic and CSCR hospital Dataset/Train/notumor/Tr-no_0504.jpg,notumor,0
/content/drive/MyDrive/Brain_Tumor_CNN_Project/dataset/Epic and CSCR hospital Dataset/Train/meningioma/Tr-me_0932.jpg,meningioma,1
/content/drive/MyDrive/Brain_Tumor_CNN_Project/dataset/Epic and CSCR hospital Dataset/Train/glioma/Tr-gl_0093.jpg,glioma,1
/content/drive/MyDrive/Brain_Tumor_CNN_Project/dataset/Epic and CSCR hospital Dataset/Train/glioma/G_749_DA_.jpg,glioma,1
/content/drive/MyDrive/Brain_Tumor_CNN_Project/dataset/Epic and CSCR hospital Dataset/Train/notumor/21 no.jpg,notumor,0
/content/drive/MyDrive/Brain_Tumor_CNN_Project/dataset/Epic and CSCR hospital Dataset/Train/meningioma/1323.jpg,meningioma,1
/content/drive/MyDrive/Brain_Tumor_CNN_Project/dataset/Epic and CSCR hospital Dataset/Train/pituitary/P_735_HF_.jpg,pituitary,1
/content/drive/MyDrive/Brain_Tumor_CNN_Project/dataset/Epic and CSCR hospital Dataset/Train/meningioma/Tr-me_0304.jpg,meningioma,1
/content/drive/MyDrive/Brain_Tumor_CNN_Project/dataset/Epic and CSCR hospital Dataset/Train/meningioma/Tr-me_0597.jpg,meningioma,1
/content/drive/MyDrive/Brain_Tumor_CNN_Project/dataset/Epic and CSCR hospital Dataset/Train/glioma/Te-gl_0103.jpg,glioma,1
/content/drive/MyDrive/Brain_Tumor_CNN_Project/dataset/Epic and CSCR hospital Dataset/Train/pituitary/Tr-pi_0326.jpg,pituitary,1
/content/drive/MyDrive/Brain_Tumor_CNN_Project/dataset/Epic and CSCR hospital Dataset/Train/glioma/Te-gl_0243.jpg,glioma,1
/content/drive/MyDrive/Brain_Tumor_CNN_Project/dataset/Epic and CSCR hospital Dataset/Train/glioma/Te-gl_0057.jpg,glioma,1
/content/drive/MyDrive/Brain_Tumor_CNN_Project/dataset/Epic and CSCR hospital Dataset/Train/glioma/G_832_SP_.jpg,glioma,1
/content/drive/MyDrive/Brain_Tumor_CNN_Project/dataset/Epic and CSCR hospital Dataset/Train/pituitary/P_76_RO_.jpg,pituitary,1
/content/drive/MyDrive/Brain_Tumor_CNN_Project/dataset/Epic and CSCR hospital Dataset/Train/meningioma/1413.jpg,meningioma,1
/content/drive/MyDrive/Brain_Tumor_CNN_Project/dataset/Epic and CSCR hospital Dataset/Train/pituitary/Te-pi_0161.jpg,pituitary,1
/content/drive/MyDrive/Brain_Tumor_CNN_Project/dataset/Epic and CSCR hospital Dataset/Train/pituitary/Tr-pi_0662.jpg,pituitary,1
/content/drive/MyDrive/Brain_Tumor_CNN_Project/dataset/Epic and CSCR hospital Dataset/Train/pituitary/P_776.jpg,pituitary,1
/content/drive/MyDrive/Brain_Tumor_CNN_Project/dataset/Epic and CSCR hospital Dataset/Train/notumor/N_48_BR_.jpg,notumor,0
/content/drive/MyDrive/Brain_Tumor_CNN_Project/dataset/Epic and CSCR hospital Dataset/Train/glioma/Te-gl_0088.jpg,glioma,1
/content/drive/MyDrive/Brain_Tumor_CNN_Project/dataset/Epic and CSCR hospital Dataset/Train/glioma/G_729_RO_.jpg,glioma,1
/content/drive/MyDrive/Brain_Tumor_CNN_Project/dataset/Epic and CSCR hospital Dataset/Train/pituitary/P_763_RO_.jpg,pituitary,1
/content/drive/MyDrive/Brain_Tumor_CNN_Project/dataset/Epic and CSCR hospital Dataset/Train/meningioma/m3 (180).jpg,meningioma,1
/content/drive/MyDrive/Brain_Tumor_CNN_Project/dataset/Epic and CSCR hospital Dataset/Train/glioma/Tr-gl_0435.jpg,glioma,1
/content/drive/MyDrive/Brain_Tumor_CNN_Project/dataset/Epic and CSCR hospital Dataset/Train/meningioma/1344.jpg,meningioma,1
/content/drive/MyDrive/Brain_Tumor_CNN_Project/dataset/Epic and CSCR hospital Dataset/Train/glioma/G_828.jpg,glioma,1
/content/drive/MyDrive/Brain_Tumor_CNN_Project/dataset/Epic and CSCR hospital Dataset/Train/glioma/Tr-gl_1035.jpg,glioma,1
/content/drive/MyDrive/Brain_Tumor_CNN_Project/dataset/Epic and CSCR hospital Dataset/Train/glioma/Tr-gl_1061.jpg,glioma,1
/content/drive/MyDrive/Brain_Tumor_CNN_Project/dataset/Epic and CSCR hospital Dataset/Train/glioma/image(23).jpg,glioma,1
/content/drive/MyDrive/Brain_Tumor_CNN_Project/dataset/Epic and CSCR hospital Dataset/Train/notumor/3 no.jpg,notumor,0
/content/drive/MyDrive/Brain_Tumor_CNN_Project/dataset/Epic and CSCR hospital Dataset/Train/meningioma/Tr-me_0447.jpg,meningioma,1
/content/drive/MyDrive/Brain_Tumor_CNN_Project/dataset/Epic and CSCR hospital Dataset/Train/meningioma/Tr-me_0921.jpg,meningioma,1
/content/drive/MyDrive/Brain_Tumor_CNN_Project/dataset/Epic and CSCR hospital Dataset/Train/pituitary/Tr-pi_0721.jpg,pituitary,1
/content/drive/MyDrive/Brain_Tumor_CNN_Project/dataset/Epic and CSCR hospital Dataset/Train/meningioma/Tr-me_1189.jpg,meningioma,1
/content/drive/MyDrive/Brain_Tumor_CNN_Project/dataset/Epic and CSCR hospital Dataset/Train/glioma/Tr-gl_1170.jpg,glioma,1
/content/drive/MyDrive/Brain_Tumor_CNN_Project/dataset/Epic and CSCR hospital Dataset/Train/notumor/N_37_VF_.jpg,notumor,0
/content/drive/MyDrive/Brain_Tumor_CNN_Project/dataset/Epic and CSCR hospital Dataset/Train/glioma/G_826_DA_.jpg,glioma,1
/content/drive/MyDrive/Brain_Tumor_CNN_Project/dataset/Epic and CSCR hospital Dataset/Train/pituitary/Tr-pi_0470.jpg,pituitary,1
/content/drive/MyDrive/Brain_Tumor_CNN_Project/dataset/Epic and CSCR hospital Dataset/Train/pituitary/P_778_DA_.jpg,pituitary,1
/content/drive/MyDrive/Brain_Tumor_CNN_Project/dataset/Epic and CSCR hospital Dataset/Train/glioma/G_814.jpg,glioma,1
/content/drive/MyDrive/Brain_Tumor_CNN_Project/dataset/Epic and CSCR hospital Dataset/Train/notumor/N_424_HF_.jpg,notumor,0
/content/drive/MyDrive/Brain_Tumor_CNN_Project/dataset/Epic and CSCR hospital Dataset/Train/meningioma/Tr-me_0609.jpg,meningioma,1
/content/drive/MyDrive/Brain_Tumor_CNN_Project/dataset/Epic and CSCR hospital Dataset/Train/meningioma/M_873_VF_.jpg,meningioma,1
/content/drive/MyDrive/Brain_Tumor_CNN_Project/dataset/Epic and CSCR hospital Dataset/Train/meningioma/m3 (102).jpg,meningioma,1
/content/drive/MyDrive/Brain_Tumor_CNN_Project/dataset/Epic and CSCR hospital Dataset/Train/pituitary/Tr-pi_0263.jpg,pituitary,1
/content/drive/MyDrive/Brain_Tumor_CNN_Project/dataset/Epic and CSCR hospital Dataset/Train/glioma/Tr-gl_0688.jpg,glioma,1
/content/drive/MyDrive/Brain_Tumor_CNN_Project/dataset/Epic and CSCR hospital Dataset/Train/notumor/N_429.jpg,notumor,0
/content/drive/MyDrive/Brain_Tumor_CNN_Project/dataset/Epic and CSCR hospital Dataset/Train/glioma/G_876_RO_.jpg,glioma,1
/content/drive/MyDrive/Brain_Tumor_CNN_Project/dataset/Epic and CSCR hospital Dataset/Train/glioma/G_751_VF_.jpg,glioma,1
/content/drive/MyDrive/Brain_Tumor_CNN_Project/dataset/Epic and CSCR hospital Dataset/Train/notumor/image(154).jpg,notumor,0
/content/drive/MyDrive/Brain_Tumor_CNN_Project/dataset/Epic and CSCR hospital Dataset/Train/meningioma/Tr-me_0148.jpg,meningioma,1
/content/drive/MyDrive/Brain_Tumor_CNN_Project/dataset/Epic and CSCR hospital Dataset/Train/meningioma/m2 (120).jpg,meningioma,1
/content/drive/MyDrive/Brain_Tumor_CNN_Project/dataset/Epic and CSCR hospital Dataset/Train/notumor/Tr-no_0160.jpg,notumor,0
/content/drive/MyDrive/Brain_Tumor_CNN_Project/dataset/Epic and CSCR hospital Dataset/Train/notumor/N_398_HF_.jpg,notumor,0
/content/drive/MyDrive/Brain_Tumor_CNN_Project/dataset/Epic and CSCR hospital Dataset/Train/notumor/Tr-no_0204.jpg,notumor,0
/content/drive/MyDrive/Brain_Tumor_CNN_Project/dataset/Epic and CSCR hospital Dataset/Train/notumor/N_43_HF_.jpg,notumor,0
/content/drive/MyDrive/Brain_Tumor_CNN_Project/dataset/Epic and CSCR hospital Dataset/Train/pituitary/P_826_RO_.jpg,pituitary,1
/content/drive/MyDrive/Brain_Tumor_CNN_Project/dataset/Epic and CSCR hospital Dataset/Train/meningioma/M_881_DA_.jpg,meningioma,1
/content/drive/MyDrive/Brain_Tumor_CNN_Project/dataset/Epic and CSCR hospital Dataset/Train/glioma/G_773_HF_.jpg,glioma,1
/content/drive/MyDrive/Brain_Tumor_CNN_Project/dataset/Epic and CSCR hospital Dataset/Train/glioma/Te-gl_0226.jpg,glioma,1
/content/drive/MyDrive/Brain_Tumor_CNN_Project/dataset/Epic and CSCR hospital Dataset/Train/notumor/N_41_VF_.jpg,notumor,0
/content/drive/MyDrive/Brain_Tumor_CNN_Project/dataset/Epic and CSCR hospital Dataset/Train/meningioma/Tr-me_0965.jpg,meningioma,1
/content/drive/MyDrive/Brain_Tumor_CNN_Project/dataset/Epic and CSCR hospital Dataset/Train/notumor/1866.jpg,notumor,0
/content/drive/MyDrive/Brain_Tumor_CNN_Project/dataset/Epic and CSCR hospital Dataset/Train/glioma/G_757_VF_.jpg,glioma,1
/content/drive/MyDrive/Brain_Tumor_CNN_Project/dataset/Epic and CSCR hospital Dataset/Train/pituitary/P_731_RO_.jpg,pituitary,1
/content/drive/MyDrive/Brain_Tumor_CNN_Project/dataset/Epic and CSCR hospital Dataset/Train/glioma/Te-gl_0227.jpg,glioma,1
/content/drive/MyDrive/Brain_Tumor_CNN_Project/dataset/Epic and CSCR hospital Dataset/Train/meningioma/Tr-me_0949.jpg,meningioma,1
/content/drive/MyDrive/Brain_Tumor_CNN_Project/dataset/Epic and CSCR hospital Dataset/Train/notumor/Tr-no_0675.jpg,notumor,0
/content/drive/MyDrive/Brain_Tumor_CNN_Project/dataset/Epic and CSCR hospital Dataset/Train/meningioma/Tr-me_1105.jpg,meningioma,1
/content/drive/MyDrive/Brain_Tumor_CNN_Project/dataset/Epic and CSCR hospital Dataset/Train/glioma/Tr-gl_0991.jpg,glioma,1
/content/drive/MyDrive/Brain_Tumor_CNN_Project/dataset/Epic and CSCR hospital Dataset/Train/pituitary/P_843.jpg,pituitary,1
/content/drive/MyDrive/Brain_Tumor_CNN_Project/dataset/Epic and CSCR hospital Dataset/Train/notumor/Tr-no_0444.jpg,notumor,0
/content/drive/MyDrive/Brain_Tumor_CNN_Project/dataset/Epic and CSCR hospital Dataset/Train/glioma/gg (437).jpg,glioma,1
/content/drive/MyDrive/Brain_Tumor_CNN_Project/dataset/Epic and CSCR hospital Dataset/Train/meningioma/m2 (105).jpg,meningioma,1
/content/drive/MyDrive/Brain_Tumor_CNN_Project/dataset/Epic and CSCR hospital Dataset/Train/pituitary/Tr-pi_0725.jpg,pituitary,1
/content/drive/MyDrive/Brain_Tumor_CNN_Project/dataset/Epic and CSCR hospital Dataset/Train/meningioma/Tr-me_0496.jpg,meningioma,1
/content/drive/MyDrive/Brain_Tumor_CNN_Project/dataset/Epic and CSCR hospital Dataset/Train/notumor/N_429_VF_.jpg,notumor,0
/content/drive/MyDrive/Brain_Tumor_CNN_Project/dataset/Epic and CSCR hospital Dataset/Train/pituitary/Tr-pi_0692.jpg,pituitary,1
/content/drive/MyDrive/Brain_Tumor_CNN_Project/dataset/Epic and CSCR hospital Dataset/Train/meningioma/Tr-me_1113.jpg,meningioma,1
/content/drive/MyDrive/Brain_Tumor_CNN_Project/dataset/Epic and CSCR hospital Dataset/Train/meningioma/Tr-me_0826.jpg,meningioma,1
/content/drive/MyDrive/Brain_Tumor_CNN_Project/dataset/Epic and CSCR hospital Dataset/Train/glioma/gg (422).jpg,glioma,1
/content/drive/MyDrive/Brain_Tumor_CNN_Project/dataset/Epic and CSCR hospital Dataset/Train/pituitary/P_824_DA_.jpg,pituitary,1
/content/drive/MyDrive/Brain_Tumor_CNN_Project/dataset/Epic and CSCR hospital Dataset/Train/meningioma/Tr-me_1203.jpg,meningioma,1
/content/drive/MyDrive/Brain_Tumor_CNN_Project/dataset/Epic and CSCR hospital Dataset/Train/notumor/Tr-no_0305.jpg,notumor,0
/content/drive/MyDrive/Brain_Tumor_CNN_Project/dataset/Epic and CSCR hospital Dataset/Train/pituitary/p (501).jpg,pituitary,1
/content/drive/MyDrive/Brain_Tumor_CNN_Project/dataset/Epic and CSCR hospital Dataset/Train/glioma/Te-gl_0144.jpg,glioma,1
/content/drive/MyDrive/Brain_Tumor_CNN_Project/dataset/Epic and CSCR hospital Dataset/Train/glioma/G_827_SP_.jpg,glioma,1
/content/drive/MyDrive/Brain_Tumor_CNN_Project/dataset/Epic and CSCR hospital Dataset/Train/glioma/Tr-gl_0556.jpg,glioma,1
/content/drive/MyDrive/Brain_Tumor_CNN_Project/dataset/Epic and CSCR hospital Dataset/Train/meningioma/m3 (158).jpg,meningioma,1
/content/drive/MyDrive/Brain_Tumor_CNN_Project/dataset/Epic and CSCR hospital Dataset/Train/glioma/G_835_RO_.jpg,glioma,1
/content/drive/MyDrive/Brain_Tumor_CNN_Project/dataset/Epic and CSCR hospital Dataset/Train/pituitary/P_790_HF_.jpg,pituitary,1
/content/drive/MyDrive/Brain_Tumor_CNN_Project/dataset/Epic and CSCR hospital Dataset/Train/pituitary/p (603).jpg,pituitary,1
/content/drive/MyDrive/Brain_Tumor_CNN_Project/dataset/Epic and CSCR hospital Dataset/Train/pituitary/Tr-pi_1294.jpg,pituitary,1
/content/drive/MyDrive/Brain_Tumor_CNN_Project/dataset/Epic and CSCR hospital Dataset/Train/notumor/1863.jpg,notumor,0
/content/drive/MyDrive/Brain_Tumor_CNN_Project/dataset/Epic and CSCR hospital Dataset/Train/glioma/G_803.jpg,glioma,1
/content/drive/MyDrive/Brain_Tumor_CNN_Project/dataset/Epic and CSCR hospital Dataset/Train/glioma/G_709_BR_.jpg,glioma,1
/content/drive/MyDrive/Brain_Tumor_CNN_Project/dataset/Epic and CSCR hospital Dataset/Train/meningioma/M_826_RO_.jpg,meningioma,1
/content/drive/MyDrive/Brain_Tumor_CNN_Project/dataset/Epic and CSCR hospital Dataset/Train/meningioma/Te-me_0212.jpg,meningioma,1
/content/drive/MyDrive/Brain_Tumor_CNN_Project/dataset/Epic and CSCR hospital Dataset/Train/pituitary/P_713_VF_.jpg,pituitary,1
/content/drive/MyDrive/Brain_Tumor_CNN_Project/dataset/Epic and CSCR hospital Dataset/Train/glioma/Tr-gl_0500.jpg,glioma,1
/content/drive/MyDrive/Brain_Tumor_CNN_Project/dataset/Epic and CSCR hospital Dataset/Train/notumor/1588.jpg,notumor,0
/content/drive/MyDrive/Brain_Tumor_CNN_Project/dataset/Epic and CSCR hospital Dataset/Train/glioma/Te-gl_0151.jpg,glioma,1
/content/drive/MyDrive/Brain_Tumor_CNN_Project/dataset/Epic and CSCR hospital Dataset/Train/meningioma/M_825_RO_.jpg,meningioma,1
/content/drive/MyDrive/Brain_Tumor_CNN_Project/dataset/Epic and CSCR hospital Dataset/Train/pituitary/P_825_RO_.jpg,pituitary,1
/content/drive/MyDrive/Brain_Tumor_CNN_Project/dataset/Epic and CSCR hospital Dataset/Train/meningioma/M_822_RO_.jpg,meningioma,1
/content/drive/MyDrive/Brain_Tumor_CNN_Project/dataset/Epic and CSCR hospital Dataset/Train/notumor/Tr-no_0548.jpg,notumor,0
/content/drive/MyDrive/Brain_Tumor_CNN_Project/dataset/Epic and CSCR hospital Dataset/Train/notumor/Tr-no_0021.jpg,notumor,0
/content/drive/MyDrive/Brain_Tumor_CNN_Project/dataset/Epic and CSCR hospital Dataset/Train/pituitary/Tr-pi_0472.jpg,pituitary,1
/content/drive/MyDrive/Brain_Tumor_CNN_Project/dataset/Epic and CSCR hospital Dataset/Train/pituitary/P_744_RO_.jpg,pituitary,1
/content/drive/MyDrive/Brain_Tumor_CNN_Project/dataset/Epic and CSCR hospital Dataset/Train/meningioma/m2 (114).jpg,meningioma,1
/content/drive/MyDrive/Brain_Tumor_CNN_Project/dataset/Epic and CSCR hospital Dataset/Train/glioma/G_716_BR_.jpg,glioma,1
/content/drive/MyDrive/Brain_Tumor_CNN_Project/dataset/Epic and CSCR hospital Dataset/Train/pituitary/P_804.jpg,pituitary,1
/content/drive/MyDrive/Brain_Tumor_CNN_Project/dataset/Epic and CSCR hospital Dataset/Train/glioma/G_891_HF_.jpg,glioma,1
/content/drive/MyDrive/Brain_Tumor_CNN_Project/dataset/Epic and CSCR hospital Dataset/Train/pituitary/Tr-pi_1349.jpg,pituitary,1
/content/drive/MyDrive/Brain_Tumor_CNN_Project/dataset/Epic and CSCR hospital Dataset/Train/notumor/Tr-no_0218.jpg,notumor,0
/content/drive/MyDrive/Brain_Tumor_CNN_Project/dataset/Epic and CSCR hospital Dataset/Train/notumor/N_438_HF_.jpg,notumor,0
/content/drive/MyDrive/Brain_Tumor_CNN_Project/dataset/Epic and CSCR hospital Dataset/Train/pituitary/P_764_VF_.jpg,pituitary,1
/content/drive/MyDrive/Brain_Tumor_CNN_Project/dataset/Epic and CSCR hospital Dataset/Train/notumor/Te-no_0157.jpg,notumor,0
/content/drive/MyDrive/Brain_Tumor_CNN_Project/dataset/Epic and CSCR hospital Dataset/Train/pituitary/Tr-pi_0770.jpg,pituitary,1
/content/drive/MyDrive/Brain_Tumor_CNN_Project/dataset/Epic and CSCR hospital Dataset/Train/pituitary/P_762_VF_.jpg,pituitary,1
/content/drive/MyDrive/Brain_Tumor_CNN_Project/dataset/Epic and CSCR hospital Dataset/Train/glioma/Te-gl_0230.jpg,glioma,1
/content/drive/MyDrive/Brain_Tumor_CNN_Project/dataset/Epic and CSCR hospital Dataset/Train/notumor/1847.jpg,notumor,0
/content/drive/MyDrive/Brain_Tumor_CNN_Project/dataset/Epic and CSCR hospital Dataset/Train/pituitary/Te-pi_0043.jpg,pituitary,1
/content/drive/MyDrive/Brain_Tumor_CNN_Project/dataset/Epic and CSCR hospital Dataset/Train/notumor/Te-no_0263.jpg,notumor,0
/content/drive/MyDrive/Brain_Tumor_CNN_Project/dataset/Epic and CSCR hospital Dataset/Train/meningioma/Tr-me_1133.jpg,meningioma,1
/content/drive/MyDrive/Brain_Tumor_CNN_Project/dataset/Epic and CSCR hospital Dataset/Train/glioma/G_809.jpg,glioma,1
/content/drive/MyDrive/Brain_Tumor_CNN_Project/dataset/Epic and CSCR hospital Dataset/Train/glioma/G_880_VF_.jpg,glioma,1
/content/drive/MyDrive/Brain_Tumor_CNN_Project/dataset/Epic and CSCR hospital Dataset/Train/glioma/Tr-gl_0245.jpg,glioma,1
/content/drive/MyDrive/Brain_Tumor_CNN_Project/dataset/Epic and CSCR hospital Dataset/Train/glioma/gg (473).jpg,glioma,1
/content/drive/MyDrive/Brain_Tumor_CNN_Project/dataset/Epic and CSCR hospital Dataset/Train/pituitary/Te-pi_0136.jpg,pituitary,1
/content/drive/MyDrive/Brain_Tumor_CNN_Project/dataset/Epic and CSCR hospital Dataset/Train/glioma/G_821_BR_.jpg,glioma,1
/content/drive/MyDrive/Brain_Tumor_CNN_Project/dataset/Epic and CSCR hospital Dataset/Train/notumor/image(150) - Copy.jpg,notumor,0
/content/drive/MyDrive/Brain_Tumor_CNN_Project/dataset/Epic and CSCR hospital Dataset/Train/meningioma/Te-me_0138.jpg,meningioma,1
/content/drive/MyDrive/Brain_Tumor_CNN_Project/dataset/Epic and CSCR hospital Dataset/Train/glioma/G_737_SP_.jpg,glioma,1
/content/drive/MyDrive/Brain_Tumor_CNN_Project/dataset/Epic and CSCR hospital Dataset/Train/glioma/G_761_HF_.jpg,glioma,1
/content/drive/MyDrive/Brain_Tumor_CNN_Project/dataset/Epic and CSCR hospital Dataset/Train/notumor/Tr-no_0156.jpg,notumor,0
/content/drive/MyDrive/Brain_Tumor_CNN_Project/dataset/Epic and CSCR hospital Dataset/Train/glioma/Tr-gl_0366.jpg,glioma,1
/content/drive/MyDrive/Brain_Tumor_CNN_Project/dataset/Epic and CSCR hospital Dataset/Train/glioma/G_845.jpg,glioma,1
/content/drive/MyDrive/Brain_Tumor_CNN_Project/dataset/Epic and CSCR hospital Dataset/Train/glioma/gg (509).jpg,glioma,1
/content/drive/MyDrive/Brain_Tumor_CNN_Project/dataset/Epic and CSCR hospital Dataset/Train/pituitary/P_811_RO_.jpg,pituitary,1
/content/drive/MyDrive/Brain_Tumor_CNN_Project/dataset/Epic and CSCR hospital Dataset/Train/pituitary/P_788_SP_.jpg,pituitary,1
/content/drive/MyDrive/Brain_Tumor_CNN_Project/dataset/Epic and CSCR hospital Dataset/Train/meningioma/Tr-me_1200.jpg,meningioma,1
/content/drive/MyDrive/Brain_Tumor_CNN_Project/dataset/Epic and CSCR hospital Dataset/Train/meningioma/m2 (136).jpg,meningioma,1
/content/drive/MyDrive/Brain_Tumor_CNN_Project/dataset/Epic and CSCR hospital Dataset/Train/glioma/Tr-gl_0352.jpg,glioma,1
/content/drive/MyDrive/Brain_Tumor_CNN_Project/dataset/Epic and CSCR hospital Dataset/Train/glioma/G_756_SP_.jpg,glioma,1
/content/drive/MyDrive/Brain_Tumor_CNN_Project/dataset/Epic and CSCR hospital Dataset/Train/pituitary/Tr-pi_0119.jpg,pituitary,1
/content/drive/MyDrive/Brain_Tumor_CNN_Project/dataset/Epic and CSCR hospital Dataset/Train/pituitary/P_785_VF_.jpg,pituitary,1
/content/drive/MyDrive/Brain_Tumor_CNN_Project/dataset/Epic and CSCR hospital Dataset/Train/glioma/G_795_HF_.jpg,glioma,1
/content/drive/MyDrive/Brain_Tumor_CNN_Project/dataset/Epic and CSCR hospital Dataset/Train/pituitary/Te-pi_0073.jpg,pituitary,1
/content/drive/MyDrive/Brain_Tumor_CNN_Project/dataset/Epic and CSCR hospital Dataset/Train/glioma/gg (366).jpg,glioma,1
/content/drive/MyDrive/Brain_Tumor_CNN_Project/dataset/Epic and CSCR hospital Dataset/Train/glioma/Tr-gl_0209.jpg,glioma,1
/content/drive/MyDrive/Brain_Tumor_CNN_Project/dataset/Epic and CSCR hospital Dataset/Train/meningioma/Tr-me_0906.jpg,meningioma,1
/content/drive/MyDrive/Brain_Tumor_CNN_Project/dataset/Epic and CSCR hospital Dataset/Train/meningioma/m3 (176).jpg,meningioma,1
/content/drive/MyDrive/Brain_Tumor_CNN_Project/dataset/Epic and CSCR hospital Dataset/Train/glioma/Te-gl_0123.jpg,glioma,1
/content/drive/MyDrive/Brain_Tumor_CNN_Project/dataset/Epic and CSCR hospital Dataset/Train/notumor/1796.jpg,notumor,0
/content/drive/MyDrive/Brain_Tumor_CNN_Project/dataset/Epic and CSCR hospital Dataset/Train/glioma/G_812_BR_.jpg,glioma,1
/content/drive/MyDrive/Brain_Tumor_CNN_Project/dataset/Epic and CSCR hospital Dataset/Train/glioma/Tr-gl_1062.jpg,glioma,1
/content/drive/MyDrive/Brain_Tumor_CNN_Project/dataset/Epic and CSCR hospital Dataset/Train/pituitary/Tr-pi_0089.jpg,pituitary,1
/content/drive/MyDrive/Brain_Tumor_CNN_Project/dataset/Epic and CSCR hospital Dataset/Train/glioma/G_790_RO_.jpg,glioma,1
/content/drive/MyDrive/Brain_Tumor_CNN_Project/dataset/Epic and CSCR hospital Dataset/Train/glioma/G_874_SP_.jpg,glioma,1
/content/drive/MyDrive/Brain_Tumor_CNN_Project/dataset/Epic and CSCR hospital Dataset/Train/notumor/N_46.jpg,notumor,0
/content/drive/MyDrive/Brain_Tumor_CNN_Project/dataset/Epic and CSCR hospital Dataset/Train/glioma/gg (516).jpg,glioma,1
/content/drive/MyDrive/Brain_Tumor_CNN_Project/dataset/Epic and CSCR hospital Dataset/Train/pituitary/P_798_DA_.jpg,pituitary,1
/content/drive/MyDrive/Brain_Tumor_CNN_Project/dataset/Epic and CSCR hospital Dataset/Train/glioma/Tr-gl_0472.jpg,glioma,1
/content/drive/MyDrive/Brain_Tumor_CNN_Project/dataset/Epic and CSCR hospital Dataset/Train/meningioma/Tr-me_0542.jpg,meningioma,1
/content/drive/MyDrive/Brain_Tumor_CNN_Project/dataset/Epic and CSCR hospital Dataset/Train/meningioma/M_857_HF_.jpg,meningioma,1
/content/drive/MyDrive/Brain_Tumor_CNN_Project/dataset/Epic and CSCR hospital Dataset/Train/meningioma/m2 (143).jpg,meningioma,1
/content/drive/MyDrive/Brain_Tumor_CNN_Project/dataset/Epic and CSCR hospital Dataset/Train/pituitary/Tr-pi_0778.jpg,pituitary,1
/content/drive/MyDrive/Brain_Tumor_CNN_Project/dataset/Epic and CSCR hospital Dataset/Train/glioma/Te-gl_0195.jpg,glioma,1
/content/drive/MyDrive/Brain_Tumor_CNN_Project/dataset/Epic and CSCR hospital Dataset/Train/notumor/No16.jpg,notumor,0
/content/drive/MyDrive/Brain_Tumor_CNN_Project/dataset/Epic and CSCR hospital Dataset/Train/notumor/Tr-no_0230.jpg,notumor,0
/content/drive/MyDrive/Brain_Tumor_CNN_Project/dataset/Epic and CSCR hospital Dataset/Train/glioma/Tr-gl_1123.jpg,glioma,1
/content/drive/MyDrive/Brain_Tumor_CNN_Project/dataset/Epic and CSCR hospital Dataset/Train/glioma/Tr-gl_1207.jpg,glioma,1
/content/drive/MyDrive/Brain_Tumor_CNN_Project/dataset/Epic and CSCR hospital Dataset/Train/pituitary/P_835_HF_.jpg,pituitary,1
/content/drive/MyDrive/Brain_Tumor_CNN_Project/dataset/Epic and CSCR hospital Dataset/Train/pituitary/Tr-pi_1146.jpg,pituitary,1
/content/drive/MyDrive/Brain_Tumor_CNN_Project/dataset/Epic and CSCR hospital Dataset/Train/pituitary/P_752_HF_.jpg,pituitary,1
/content/drive/MyDrive/Brain_Tumor_CNN_Project/dataset/Epic and CSCR hospital Dataset/Train/pituitary/P_836_RO_.jpg,pituitary,1
/content/drive/MyDrive/Brain_Tumor_CNN_Project/dataset/Epic and CSCR hospital Dataset/Train/glioma/G_818_HF_.jpg,glioma,1
/content/drive/MyDrive/Brain_Tumor_CNN_Project/dataset/Epic and CSCR hospital Dataset/Train/glioma/Tr-gl_0550.jpg,glioma,1
/content/drive/MyDrive/Brain_Tumor_CNN_Project/dataset/Epic and CSCR hospital Dataset/Train/glioma/Tr-gl_0160.jpg,glioma,1
/content/drive/MyDrive/Brain_Tumor_CNN_Project/dataset/Epic and CSCR hospital Dataset/Train/meningioma/M_825_VF_.jpg,meningioma,1
/content/drive/MyDrive/Brain_Tumor_CNN_Project/dataset/Epic and CSCR hospital Dataset/Train/meningioma/Tr-me_1010.jpg,meningioma,1
/content/drive/MyDrive/Brain_Tumor_CNN_Project/dataset/Epic and CSCR hospital Dataset/Train/pituitary/P_775_VF_.jpg,pituitary,1
/content/drive/MyDrive/Brain_Tumor_CNN_Project/dataset/Epic and CSCR hospital Dataset/Train/glioma/G_744.jpg,glioma,1
/content/drive/MyDrive/Brain_Tumor_CNN_Project/dataset/Epic and CSCR hospital Dataset/Train/notumor/Tr-no_0089.jpg,notumor,0
/content/drive/MyDrive/Brain_Tumor_CNN_Project/dataset/Epic and CSCR hospital Dataset/Train/meningioma/M_847_SP_.jpg,meningioma,1
/content/drive/MyDrive/Brain_Tumor_CNN_Project/dataset/Epic and CSCR hospital Dataset/Train/pituitary/Tr-pi_0245.jpg,pituitary,1
/content/drive/MyDrive/Brain_Tumor_CNN_Project/dataset/Epic and CSCR hospital Dataset/Train/glioma/Tr-gl_0292.jpg,glioma,1
/content/drive/MyDrive/Brain_Tumor_CNN_Project/dataset/Epic and CSCR hospital Dataset/Train/meningioma/1365.jpg,meningioma,1
/content/drive/MyDrive/Brain_Tumor_CNN_Project/dataset/Epic and CSCR hospital Dataset/Train/glioma/Tr-gl_0843.jpg,glioma,1
/content/drive/MyDrive/Brain_Tumor_CNN_Project/dataset/Epic and CSCR hospital Dataset/Train/glioma/gg (627).jpg,glioma,1
/content/drive/MyDrive/Brain_Tumor_CNN_Project/dataset/Epic and CSCR hospital Dataset/Train/notumor/1616.jpg,notumor,0
/content/drive/MyDrive/Brain_Tumor_CNN_Project/dataset/Epic and CSCR hospital Dataset/Train/glioma/Te-gl_0126.jpg,glioma,1
/content/drive/MyDrive/Brain_Tumor_CNN_Project/dataset/Epic and CSCR hospital Dataset/Train/pituitary/Tr-pi_0760.jpg,pituitary,1
/content/drive/MyDrive/Brain_Tumor_CNN_Project/dataset/Epic and CSCR hospital Dataset/Train/pituitary/P_839_BR_.jpg,pituitary,1
/content/drive/MyDrive/Brain_Tumor_CNN_Project/dataset/Epic and CSCR hospital Dataset/Train/meningioma/Tr-me_0140.jpg,meningioma,1
/content/drive/MyDrive/Brain_Tumor_CNN_Project/dataset/Epic and CSCR hospital Dataset/Train/meningioma/M_824_SP_.jpg,meningioma,1
/content/drive/MyDrive/Brain_Tumor_CNN_Project/dataset/Epic and CSCR hospital Dataset/Train/glioma/Te-gl_0145.jpg,glioma,1
/content/drive/MyDrive/Brain_Tumor_CNN_Project/dataset/Epic and CSCR hospital Dataset/Train/notumor/N_50.jpg,notumor,0
/content/drive/MyDrive/Brain_Tumor_CNN_Project/dataset/Epic and CSCR hospital Dataset/Train/pituitary/Te-pi_0030.jpg,pituitary,1
/content/drive/MyDrive/Brain_Tumor_CNN_Project/dataset/Epic and CSCR hospital Dataset/Train/pituitary/Tr-pi_0201.jpg,pituitary,1
/content/drive/MyDrive/Brain_Tumor_CNN_Project/dataset/Epic and CSCR hospital Dataset/Train/notumor/Tr-no_0617.jpg,notumor,0
/content/drive/MyDrive/Brain_Tumor_CNN_Project/dataset/Epic and CSCR hospital Dataset/Train/pituitary/Tr-pi_0188.jpg,pituitary,1
/content/drive/MyDrive/Brain_Tumor_CNN_Project/dataset/Epic and CSCR hospital Dataset/Train/notumor/N_375_DA_.jpg,notumor,0
/content/drive/MyDrive/Brain_Tumor_CNN_Project/dataset/Epic and CSCR hospital Dataset/Train/pituitary/Te-pi_0083.jpg,pituitary,1
/content/drive/MyDrive/Brain_Tumor_CNN_Project/dataset/Epic and CSCR hospital Dataset/Train/pituitary/P_802_HF_.jpg,pituitary,1
/content/drive/MyDrive/Brain_Tumor_CNN_Project/dataset/Epic and CSCR hospital Dataset/Train/glioma/Tr-gl_0388.jpg,glioma,1
/content/drive/MyDrive/Brain_Tumor_CNN_Project/dataset/Epic and CSCR hospital Dataset/Train/glioma/Tr-gl_0998.jpg,glioma,1
/content/drive/MyDrive/Brain_Tumor_CNN_Project/dataset/Epic and CSCR hospital Dataset/Train/glioma/G_877.jpg,glioma,1
/content/drive/MyDrive/Brain_Tumor_CNN_Project/dataset/Epic and CSCR hospital Dataset/Train/meningioma/M_823.jpg,meningioma,1
/content/drive/MyDrive/Brain_Tumor_CNN_Project/dataset/Epic and CSCR hospital Dataset/Train/pituitary/P_827_VF_.jpg,pituitary,1
/content/drive/MyDrive/Brain_Tumor_CNN_Project/dataset/Epic and CSCR hospital Dataset/Train/meningioma/M_850_BR_.jpg,meningioma,1
/content/drive/MyDrive/Brain_Tumor_CNN_Project/dataset/Epic and CSCR hospital Dataset/Train/glioma/G_773_DA_.jpg,glioma,1
/content/drive/MyDrive/Brain_Tumor_CNN_Project/dataset/Epic and CSCR hospital Dataset/Train/glioma/G_786_HF_.jpg,glioma,1
/content/drive/MyDrive/Brain_Tumor_CNN_Project/dataset/Epic and CSCR hospital Dataset/Train/pituitary/Tr-pi_1336.jpg,pituitary,1
/content/drive/MyDrive/Brain_Tumor_CNN_Project/dataset/Epic and CSCR hospital Dataset/Train/notumor/1879.jpg,notumor,0
/content/drive/MyDrive/Brain_Tumor_CNN_Project/dataset/Epic and CSCR hospital Dataset/Train/glioma/G_858.jpg,glioma,1
/content/drive/MyDrive/Brain_Tumor_CNN_Project/dataset/Epic and CSCR hospital Dataset/Train/meningioma/1426.jpg,meningioma,1
/content/drive/MyDrive/Brain_Tumor_CNN_Project/dataset/Epic and CSCR hospital Dataset/Train/pituitary/P_748_DA_.jpg,pituitary,1
/content/drive/MyDrive/Brain_Tumor_CNN_Project/dataset/Epic and CSCR hospital Dataset/Train/pituitary/Tr-pi_0283.jpg,pituitary,1
/content/drive/MyDrive/Brain_Tumor_CNN_Project/dataset/Epic and CSCR hospital Dataset/Train/notumor/N_39_DA_.jpg,notumor,0
/content/drive/MyDrive/Brain_Tumor_CNN_Project/dataset/Epic and CSCR hospital Dataset/Train/pituitary/P_770_SP_.jpg,pituitary,1
/content/drive/MyDrive/Brain_Tumor_CNN_Project/dataset/Epic and CSCR hospital Dataset/Train/meningioma/Tr-me_0860.jpg,meningioma,1
/content/drive/MyDrive/Brain_Tumor_CNN_Project/dataset/Epic and CSCR hospital Dataset/Train/notumor/Tr-no_0470.jpg,notumor,0
/content/drive/MyDrive/Brain_Tumor_CNN_Project/dataset/Epic and CSCR hospital Dataset/Train/meningioma/Tr-me_0075.jpg,meningioma,1
/content/drive/MyDrive/Brain_Tumor_CNN_Project/dataset/Epic and CSCR hospital Dataset/Train/glioma/Tr-gl_1112.jpg,glioma,1
/content/drive/MyDrive/Brain_Tumor_CNN_Project/dataset/Epic and CSCR hospital Dataset/Train/glioma/G_845_DA_.jpg,glioma,1
/content/drive/MyDrive/Brain_Tumor_CNN_Project/dataset/Epic and CSCR hospital Dataset/Train/meningioma/1311.jpg,meningioma,1
/content/drive/MyDrive/Brain_Tumor_CNN_Project/dataset/Epic and CSCR hospital Dataset/Train/glioma/G_891_BR_.jpg,glioma,1
/content/drive/MyDrive/Brain_Tumor_CNN_Project/dataset/Epic and CSCR hospital Dataset/Train/glioma/Tr-gl_0564.jpg,glioma,1
/content/drive/MyDrive/Brain_Tumor_CNN_Project/dataset/Epic and CSCR hospital Dataset/Train/glioma/Te-gl_0255.jpg,glioma,1
/content/drive/MyDrive/Brain_Tumor_CNN_Project/dataset/Epic and CSCR hospital Dataset/Train/pituitary/P_717_DA_.jpg,pituitary,1
/content/drive/MyDrive/Brain_Tumor_CNN_Project/dataset/Epic and CSCR hospital Dataset/Train/glioma/Tr-gl_1010.jpg,glioma,1
/content/drive/MyDrive/Brain_Tumor_CNN_Project/dataset/Epic and CSCR hospital Dataset/Train/meningioma/M_867_VF_.jpg,meningioma,1
/content/drive/MyDrive/Brain_Tumor_CNN_Project/dataset/Epic and CSCR hospital Dataset/Train/glioma/G_88_VF_.jpg,glioma,1
/content/drive/MyDrive/Brain_Tumor_CNN_Project/dataset/Epic and CSCR hospital Dataset/Train/glioma/gg (329).jpg,glioma,1
/content/drive/MyDrive/Brain_Tumor_CNN_Project/dataset/Epic and CSCR hospital Dataset/Train/notumor/Te-no_0118.jpg,notumor,0
/content/drive/MyDrive/Brain_Tumor_CNN_Project/dataset/Epic and CSCR hospital Dataset/Train/glioma/G_864_BR_.jpg,glioma,1
/content/drive/MyDrive/Brain_Tumor_CNN_Project/dataset/Epic and CSCR hospital Dataset/Train/pituitary/P_72_DA_.jpg,pituitary,1
/content/drive/MyDrive/Brain_Tumor_CNN_Project/dataset/Epic and CSCR hospital Dataset/Train/pituitary/Tr-pi_1272.jpg,pituitary,1
/content/drive/MyDrive/Brain_Tumor_CNN_Project/dataset/Epic and CSCR hospital Dataset/Train/notumor/Tr-no_0342.jpg,notumor,0
/content/drive/MyDrive/Brain_Tumor_CNN_Project/dataset/Epic and CSCR hospital Dataset/Train/meningioma/Tr-me_0615.jpg,meningioma,1
/content/drive/MyDrive/Brain_Tumor_CNN_Project/dataset/Epic and CSCR hospital Dataset/Train/glioma/gg (670).jpg,glioma,1
/content/drive/MyDrive/Brain_Tumor_CNN_Project/dataset/Epic and CSCR hospital Dataset/Train/meningioma/m2 (157).jpg,meningioma,1
/content/drive/MyDrive/Brain_Tumor_CNN_Project/dataset/Epic and CSCR hospital Dataset/Train/glioma/Tr-gl_1134.jpg,glioma,1
/content/drive/MyDrive/Brain_Tumor_CNN_Project/dataset/Epic and CSCR hospital Dataset/Train/pituitary/P_717_RO_.jpg,pituitary,1
/content/drive/MyDrive/Brain_Tumor_CNN_Project/dataset/Epic and CSCR hospital Dataset/Train/meningioma/M_834_BR_.jpg,meningioma,1
/content/drive/MyDrive/Brain_Tumor_CNN_Project/dataset/Epic and CSCR hospital Dataset/Train/pituitary/Tr-pi_0723.jpg,pituitary,1
/content/drive/MyDrive/Brain_Tumor_CNN_Project/dataset/Epic and CSCR hospital Dataset/Train/meningioma/Tr-me_0954.jpg,meningioma,1
/content/drive/MyDrive/Brain_Tumor_CNN_Project/dataset/Epic and CSCR hospital Dataset/Train/meningioma/Tr-me_0962.jpg,meningioma,1
/content/drive/MyDrive/Brain_Tumor_CNN_Project/dataset/Epic and CSCR hospital Dataset/Train/meningioma/1336.jpg,meningioma,1
/content/drive/MyDrive/Brain_Tumor_CNN_Project/dataset/Epic and CSCR hospital Dataset/Train/meningioma/Tr-me_0867.jpg,meningioma,1
/content/drive/MyDrive/Brain_Tumor_CNN_Project/dataset/Epic and CSCR hospital Dataset/Train/notumor/1590.jpg,notumor,0
/content/drive/MyDrive/Brain_Tumor_CNN_Project/dataset/Epic and CSCR hospital Dataset/Train/notumor/Te-no_0280.jpg,notumor,0
/content/drive/MyDrive/Brain_Tumor_CNN_Project/dataset/Epic and CSCR hospital Dataset/Train/meningioma/Te-me_0160.jpg,meningioma,1
/content/drive/MyDrive/Brain_Tumor_CNN_Project/dataset/Epic and CSCR hospital Dataset/Train/pituitary/Te-pi_0155.jpg,pituitary,1
/content/drive/MyDrive/Brain_Tumor_CNN_Project/dataset/Epic and CSCR hospital Dataset/Train/glioma/G_881_VF_.jpg,glioma,1
/content/drive/MyDrive/Brain_Tumor_CNN_Project/dataset/Epic and CSCR hospital Dataset/Train/pituitary/P_783_RO_.jpg,pituitary,1
/content/drive/MyDrive/Brain_Tumor_CNN_Project/dataset/Epic and CSCR hospital Dataset/Train/glioma/Tr-gl_0138.jpg,glioma,1
/content/drive/MyDrive/Brain_Tumor_CNN_Project/dataset/Epic and CSCR hospital Dataset/Train/meningioma/m2 (21).jpg,meningioma,1
/content/drive/MyDrive/Brain_Tumor_CNN_Project/dataset/Epic and CSCR hospital Dataset/Train/pituitary/Tr-pi_1252.jpg,pituitary,1
/content/drive/MyDrive/Brain_Tumor_CNN_Project/dataset/Epic and CSCR hospital Dataset/Train/notumor/Tr-no_0380.jpg,notumor,0
/content/drive/MyDrive/Brain_Tumor_CNN_Project/dataset/Epic and CSCR hospital Dataset/Train/notumor/Tr-no_0530.jpg,notumor,0
/content/drive/MyDrive/Brain_Tumor_CNN_Project/dataset/Epic and CSCR hospital Dataset/Train/meningioma/1346.jpg,meningioma,1
/content/drive/MyDrive/Brain_Tumor_CNN_Project/dataset/Epic and CSCR hospital Dataset/Train/glioma/Tr-gl_0463.jpg,glioma,1
/content/drive/MyDrive/Brain_Tumor_CNN_Project/dataset/Epic and CSCR hospital Dataset/Train/meningioma/Tr-me_0808.jpg,meningioma,1
/content/drive/MyDrive/Brain_Tumor_CNN_Project/dataset/Epic and CSCR hospital Dataset/Train/glioma/image(80).jpg,glioma,1
/content/drive/MyDrive/Brain_Tumor_CNN_Project/dataset/Epic and CSCR hospital Dataset/Train/pituitary/Tr-pi_0648.jpg,pituitary,1
/content/drive/MyDrive/Brain_Tumor_CNN_Project/dataset/Epic and CSCR hospital Dataset/Train/pituitary/P_75_HF_.jpg,pituitary,1
/content/drive/MyDrive/Brain_Tumor_CNN_Project/dataset/Epic and CSCR hospital Dataset/Train/glioma/G_747_SP_.jpg,glioma,1
/content/drive/MyDrive/Brain_Tumor_CNN_Project/dataset/Epic and CSCR hospital Dataset/Train/glioma/Tr-gl_0128.jpg,glioma,1
/content/drive/MyDrive/Brain_Tumor_CNN_Project/dataset/Epic and CSCR hospital Dataset/Train/notumor/N_423.jpg,notumor,0
/content/drive/MyDrive/Brain_Tumor_CNN_Project/dataset/Epic and CSCR hospital Dataset/Train/pituitary/P_764_BR_.jpg,pituitary,1
/content/drive/MyDrive/Brain_Tumor_CNN_Project/dataset/Epic and CSCR hospital Dataset/Train/glioma/Tr-gl_0804.jpg,glioma,1
/content/drive/MyDrive/Brain_Tumor_CNN_Project/dataset/Epic and CSCR hospital Dataset/Train/notumor/40 no.jpg,notumor,0
/content/drive/MyDrive/Brain_Tumor_CNN_Project/dataset/Epic and CSCR hospital Dataset/Train/glioma/Tr-gl_1114.jpg,glioma,1
/content/drive/MyDrive/Brain_Tumor_CNN_Project/dataset/Epic and CSCR hospital Dataset/Train/notumor/N_405_HF_.jpg,notumor,0
/content/drive/MyDrive/Brain_Tumor_CNN_Project/dataset/Epic and CSCR hospital Dataset/Train/glioma/Te-gl_0293.jpg,glioma,1
/content/drive/MyDrive/Brain_Tumor_CNN_Project/dataset/Epic and CSCR hospital Dataset/Train/pituitary/P_756.jpg,pituitary,1
/content/drive/MyDrive/Brain_Tumor_CNN_Project/dataset/Epic and CSCR hospital Dataset/Train/glioma/G_859_HF_.jpg,glioma,1
/content/drive/MyDrive/Brain_Tumor_CNN_Project/dataset/Epic and CSCR hospital Dataset/Train/notumor/Tr-no_0186.jpg,notumor,0
/content/drive/MyDrive/Brain_Tumor_CNN_Project/dataset/Epic and CSCR hospital Dataset/Train/glioma/Tr-gl_0323.jpg,glioma,1
/content/drive/MyDrive/Brain_Tumor_CNN_Project/dataset/Epic and CSCR hospital Dataset/Train/notumor/Tr-no_0553.jpg,notumor,0
/content/drive/MyDrive/Brain_Tumor_CNN_Project/dataset/Epic and CSCR hospital Dataset/Train/pituitary/Tr-pi_1024.jpg,pituitary,1
/content/drive/MyDrive/Brain_Tumor_CNN_Project/dataset/Epic and CSCR hospital Dataset/Train/glioma/Tr-gl_0416.jpg,glioma,1
/content/drive/MyDrive/Brain_Tumor_CNN_Project/dataset/Epic and CSCR hospital Dataset/Train/meningioma/Tr-me_0385.jpg,meningioma,1
/content/drive/MyDrive/Brain_Tumor_CNN_Project/dataset/Epic and CSCR hospital Dataset/Train/glioma/Tr-gl_0448.jpg,glioma,1
/content/drive/MyDrive/Brain_Tumor_CNN_Project/dataset/Epic and CSCR hospital Dataset/Train/notumor/Tr-no_0168.jpg,notumor,0
/content/drive/MyDrive/Brain_Tumor_CNN_Project/dataset/Epic and CSCR hospital Dataset/Train/pituitary/Tr-pi_1200.jpg,pituitary,1
/content/drive/MyDrive/Brain_Tumor_CNN_Project/dataset/Epic and CSCR hospital Dataset/Train/glioma/Te-gl_0159.jpg,glioma,1
/content/drive/MyDrive/Brain_Tumor_CNN_Project/dataset/Epic and CSCR hospital Dataset/Train/notumor/image(157).jpg,notumor,0
/content/drive/MyDrive/Brain_Tumor_CNN_Project/dataset/Epic and CSCR hospital Dataset/Train/meningioma/1307.jpg,meningioma,1
/content/drive/MyDrive/Brain_Tumor_CNN_Project/dataset/Epic and CSCR hospital Dataset/Train/meningioma/Tr-me_1099.jpg,meningioma,1
/content/drive/MyDrive/Brain_Tumor_CNN_Project/dataset/Epic and CSCR hospital Dataset/Train/glioma/gg (451).jpg,glioma,1
/content/drive/MyDrive/Brain_Tumor_CNN_Project/dataset/Epic and CSCR hospital Dataset/Train/notumor/N17.jpg,notumor,0
/content/drive/MyDrive/Brain_Tumor_CNN_Project/dataset/Epic and CSCR hospital Dataset/Train/glioma/G_775_SP_.jpg,glioma,1
/content/drive/MyDrive/Brain_Tumor_CNN_Project/dataset/Epic and CSCR hospital Dataset/Train/notumor/Te-no_0286.jpg,notumor,0
/content/drive/MyDrive/Brain_Tumor_CNN_Project/dataset/Epic and CSCR hospital Dataset/Train/notumor/Te-no_0136.jpg,notumor,0
/content/drive/MyDrive/Brain_Tumor_CNN_Project/dataset/Epic and CSCR hospital Dataset/Train/glioma/Te-gl_0256.jpg,glioma,1
/content/drive/MyDrive/Brain_Tumor_CNN_Project/dataset/Epic and CSCR hospital Dataset/Train/notumor/1677.jpg,notumor,0
/content/drive/MyDrive/Brain_Tumor_CNN_Project/dataset/Epic and CSCR hospital Dataset/Train/glioma/G_823_VF_.jpg,glioma,1
/content/drive/MyDrive/Brain_Tumor_CNN_Project/dataset/Epic and CSCR hospital Dataset/Train/glioma/G_784_HF_.jpg,glioma,1
/content/drive/MyDrive/Brain_Tumor_CNN_Project/dataset/Epic and CSCR hospital Dataset/Train/meningioma/m2 (109).jpg,meningioma,1
/content/drive/MyDrive/Brain_Tumor_CNN_Project/dataset/Epic and CSCR hospital Dataset/Train/pituitary/Tr-pi_0266.jpg,pituitary,1
/content/drive/MyDrive/Brain_Tumor_CNN_Project/dataset/Epic and CSCR hospital Dataset/Train/glioma/G_767_RO_.jpg,glioma,1
/content/drive/MyDrive/Brain_Tumor_CNN_Project/dataset/Epic and CSCR hospital Dataset/Train/meningioma/Tr-me_0322.jpg,meningioma,1
/content/drive/MyDrive/Brain_Tumor_CNN_Project/dataset/Epic and CSCR hospital Dataset/Train/pituitary/Tr-pi_0187.jpg,pituitary,1
/content/drive/MyDrive/Brain_Tumor_CNN_Project/dataset/Epic and CSCR hospital Dataset/Train/notumor/Tr-no_0143.jpg,notumor,0
/content/drive/MyDrive/Brain_Tumor_CNN_Project/dataset/Epic and CSCR hospital Dataset/Train/notumor/N_38_RO_.jpg,notumor,0
/content/drive/MyDrive/Brain_Tumor_CNN_Project/dataset/Epic and CSCR hospital Dataset/Train/glioma/Tr-gl_1187.jpg,glioma,1
/content/drive/MyDrive/Brain_Tumor_CNN_Project/dataset/Epic and CSCR hospital Dataset/Train/meningioma/m2 (55).jpg,meningioma,1
/content/drive/MyDrive/Brain_Tumor_CNN_Project/dataset/Epic and CSCR hospital Dataset/Train/pituitary/P_740_HF_.jpg,pituitary,1
/content/drive/MyDrive/Brain_Tumor_CNN_Project/dataset/Epic and CSCR hospital Dataset/Train/notumor/Tr-no_0353.jpg,notumor,0
/content/drive/MyDrive/Brain_Tumor_CNN_Project/dataset/Epic and CSCR hospital Dataset/Train/notumor/Tr-no_0094.jpg,notumor,0
/content/drive/MyDrive/Brain_Tumor_CNN_Project/dataset/Epic and CSCR hospital Dataset/Train/pituitary/P_742_HF_.jpg,pituitary,1
/content/drive/MyDrive/Brain_Tumor_CNN_Project/dataset/Epic and CSCR hospital Dataset/Train/notumor/N_395_HF_.jpg,notumor,0
/content/drive/MyDrive/Brain_Tumor_CNN_Project/dataset/Epic and CSCR hospital Dataset/Train/pituitary/Tr-pi_1403.jpg,pituitary,1
/content/drive/MyDrive/Brain_Tumor_CNN_Project/dataset/Epic and CSCR hospital Dataset/Train/notumor/1664.jpg,notumor,0
/content/drive/MyDrive/Brain_Tumor_CNN_Project/dataset/Epic and CSCR hospital Dataset/Train/meningioma/Tr-me_0967.jpg,meningioma,1
/content/drive/MyDrive/Brain_Tumor_CNN_Project/dataset/Epic and CSCR hospital Dataset/Train/pituitary/P_760_BR_.jpg,pituitary,1
/content/drive/MyDrive/Brain_Tumor_CNN_Project/dataset/Epic and CSCR hospital Dataset/Train/meningioma/Tr-me_0423.jpg,meningioma,1
/content/drive/MyDrive/Brain_Tumor_CNN_Project/dataset/Epic and CSCR hospital Dataset/Train/pituitary/Tr-pi_1345.jpg,pituitary,1
/content/drive/MyDrive/Brain_Tumor_CNN_Project/dataset/Epic and CSCR hospital Dataset/Train/glioma/G_759_SP_.jpg,glioma,1
/content/drive/MyDrive/Brain_Tumor_CNN_Project/dataset/Epic and CSCR hospital Dataset/Train/pituitary/P_759_VF_.jpg,pituitary,1
/content/drive/MyDrive/Brain_Tumor_CNN_Project/dataset/Epic and CSCR hospital Dataset/Train/meningioma/M_849_HF_.jpg,meningioma,1
/content/drive/MyDrive/Brain_Tumor_CNN_Project/dataset/Epic and CSCR hospital Dataset/Train/pituitary/p (578).jpg,pituitary,1
/content/drive/MyDrive/Brain_Tumor_CNN_Project/dataset/Epic and CSCR hospital Dataset/Train/meningioma/M_839_RO_.jpg,meningioma,1
/content/drive/MyDrive/Brain_Tumor_CNN_Project/dataset/Epic and CSCR hospital Dataset/Train/meningioma/Tr-me_0209.jpg,meningioma,1
/content/drive/MyDrive/Brain_Tumor_CNN_Project/dataset/Epic and CSCR hospital Dataset/Train/pituitary/Tr-pi_0989.jpg,pituitary,1
/content/drive/MyDrive/Brain_Tumor_CNN_Project/dataset/Epic and CSCR hospital Dataset/Train/pituitary/Tr-pi_0473.jpg,pituitary,1
/content/drive/MyDrive/Brain_Tumor_CNN_Project/dataset/Epic and CSCR hospital Dataset/Train/meningioma/Tr-me_0256.jpg,meningioma,1
/content/drive/MyDrive/Brain_Tumor_CNN_Project/dataset/Epic and CSCR hospital Dataset/Train/pituitary/P_813_RO_.jpg,pituitary,1
/content/drive/MyDrive/Brain_Tumor_CNN_Project/dataset/Epic and CSCR hospital Dataset/Train/pituitary/Tr-pi_0686.jpg,pituitary,1
/content/drive/MyDrive/Brain_Tumor_CNN_Project/dataset/Epic and CSCR hospital Dataset/Train/glioma/G_778_DA_.jpg,glioma,1
/content/drive/MyDrive/Brain_Tumor_CNN_Project/dataset/Epic and CSCR hospital Dataset/Train/pituitary/P_714_VF_.jpg,pituitary,1
/content/drive/MyDrive/Brain_Tumor_CNN_Project/dataset/Epic and CSCR hospital Dataset/Train/meningioma/Tr-me_1229.jpg,meningioma,1
/content/drive/MyDrive/Brain_Tumor_CNN_Project/dataset/Epic and CSCR hospital Dataset/Train/glioma/Tr-gl_0948.jpg,glioma,1
/content/drive/MyDrive/Brain_Tumor_CNN_Project/dataset/Epic and CSCR hospital Dataset/Train/glioma/Tr-gl_0075.jpg,glioma,1
/content/drive/MyDrive/Brain_Tumor_CNN_Project/dataset/Epic and CSCR hospital Dataset/Train/notumor/N_4_HF_.jpg,notumor,0
/content/drive/MyDrive/Brain_Tumor_CNN_Project/dataset/Epic and CSCR hospital Dataset/Train/pituitary/P_828_SP_.jpg,pituitary,1
/content/drive/MyDrive/Brain_Tumor_CNN_Project/dataset/Epic and CSCR hospital Dataset/Train/pituitary/Tr-pi_0054.jpg,pituitary,1
/content/drive/MyDrive/Brain_Tumor_CNN_Project/dataset/Epic and CSCR hospital Dataset/Train/glioma/G_86_DA_.jpg,glioma,1
/content/drive/MyDrive/Brain_Tumor_CNN_Project/dataset/Epic and CSCR hospital Dataset/Train/pituitary/Tr-pi_0082.jpg,pituitary,1
/content/drive/MyDrive/Brain_Tumor_CNN_Project/dataset/Epic and CSCR hospital Dataset/Train/glioma/gg (400).jpg,glioma,1
/content/drive/MyDrive/Brain_Tumor_CNN_Project/dataset/Epic and CSCR hospital Dataset/Train/glioma/gg (524).jpg,glioma,1
/content/drive/MyDrive/Brain_Tumor_CNN_Project/dataset/Epic and CSCR hospital Dataset/Train/meningioma/Tr-me_0467.jpg,meningioma,1
/content/drive/MyDrive/Brain_Tumor_CNN_Project/dataset/Epic and CSCR hospital Dataset/Train/glioma/G_812.jpg,glioma,1
/content/drive/MyDrive/Brain_Tumor_CNN_Project/dataset/Epic and CSCR hospital Dataset/Train/meningioma/M_843_VF_.jpg,meningioma,1
/content/drive/MyDrive/Brain_Tumor_CNN_Project/dataset/Epic and CSCR hospital Dataset/Train/notumor/N_392.jpg,notumor,0
/content/drive/MyDrive/Brain_Tumor_CNN_Project/dataset/Epic and CSCR hospital Dataset/Train/pituitary/Tr-pi_0946.jpg,pituitary,1
/content/drive/MyDrive/Brain_Tumor_CNN_Project/dataset/Epic and CSCR hospital Dataset/Train/notumor/Tr-no_0448.jpg,notumor,0
/content/drive/MyDrive/Brain_Tumor_CNN_Project/dataset/Epic and CSCR hospital Dataset/Train/glioma/G_886_HF_.jpg,glioma,1
/content/drive/MyDrive/Brain_Tumor_CNN_Project/dataset/Epic and CSCR hospital Dataset/Train/glioma/Tr-gl_1141.jpg,glioma,1
/content/drive/MyDrive/Brain_Tumor_CNN_Project/dataset/Epic and CSCR hospital Dataset/Train/glioma/G_844_VF_.jpg,glioma,1
/content/drive/MyDrive/Brain_Tumor_CNN_Project/dataset/Epic and CSCR hospital Dataset/Train/meningioma/Tr-me_1039.jpg,meningioma,1
/content/drive/MyDrive/Brain_Tumor_CNN_Project/dataset/Epic and CSCR hospital Dataset/Train/meningioma/M_857_VF_.jpg,meningioma,1
/content/drive/MyDrive/Brain_Tumor_CNN_Project/dataset/Epic and CSCR hospital Dataset/Train/notumor/15 no.jpg,notumor,0
/content/drive/MyDrive/Brain_Tumor_CNN_Project/dataset/Epic and CSCR hospital Dataset/Train/pituitary/P_778_SP_.jpg,pituitary,1
/content/drive/MyDrive/Brain_Tumor_CNN_Project/dataset/Epic and CSCR hospital Dataset/Train/meningioma/m3 (136).jpg,meningioma,1
/content/drive/MyDrive/Brain_Tumor_CNN_Project/dataset/Epic and CSCR hospital Dataset/Train/pituitary/P_815_SP_.jpg,pituitary,1
/content/drive/MyDrive/Brain_Tumor_CNN_Project/dataset/Epic and CSCR hospital Dataset/Train/glioma/G_851_BR_.jpg,glioma,1
/content/drive/MyDrive/Brain_Tumor_CNN_Project/dataset/Epic and CSCR hospital Dataset/Train/glioma/Te-gl_0155.jpg,glioma,1
/content/drive/MyDrive/Brain_Tumor_CNN_Project/dataset/Epic and CSCR hospital Dataset/Train/glioma/G_711_RO_.jpg,glioma,1
/content/drive/MyDrive/Brain_Tumor_CNN_Project/dataset/Epic and CSCR hospital Dataset/Train/glioma/Tr-gl_0409.jpg,glioma,1
/content/drive/MyDrive/Brain_Tumor_CNN_Project/dataset/Epic and CSCR hospital Dataset/Train/notumor/1702.jpg,notumor,0
/content/drive/MyDrive/Brain_Tumor_CNN_Project/dataset/Epic and CSCR hospital Dataset/Train/pituitary/P_78_DA_.jpg,pituitary,1
/content/drive/MyDrive/Brain_Tumor_CNN_Project/dataset/Epic and CSCR hospital Dataset/Train/glioma/G_740_SP_.jpg,glioma,1
/content/drive/MyDrive/Brain_Tumor_CNN_Project/dataset/Epic and CSCR hospital Dataset/Train/glioma/gg (616).jpg,glioma,1
/content/drive/MyDrive/Brain_Tumor_CNN_Project/dataset/Epic and CSCR hospital Dataset/Train/glioma/Tr-gl_1206.jpg,glioma,1
/content/drive/MyDrive/Brain_Tumor_CNN_Project/dataset/Epic and CSCR hospital Dataset/Train/glioma/Tr-gl_1069.jpg,glioma,1
/content/drive/MyDrive/Brain_Tumor_CNN_Project/dataset/Epic and CSCR hospital Dataset/Train/pituitary/P_803_RO_.jpg,pituitary,1
/content/drive/MyDrive/Brain_Tumor_CNN_Project/dataset/Epic and CSCR hospital Dataset/Train/pituitary/p (492).jpg,pituitary,1
/content/drive/MyDrive/Brain_Tumor_CNN_Project/dataset/Epic and CSCR hospital Dataset/Train/meningioma/M_884_BR_.jpg,meningioma,1
/content/drive/MyDrive/Brain_Tumor_CNN_Project/dataset/Epic and CSCR hospital Dataset/Train/glioma/G_790_SP_.jpg,glioma,1
/content/drive/MyDrive/Brain_Tumor_CNN_Project/dataset/Epic and CSCR hospital Dataset/Train/meningioma/Tr-me_0981.jpg,meningioma,1
/content/drive/MyDrive/Brain_Tumor_CNN_Project/dataset/Epic and CSCR hospital Dataset/Train/glioma/gg (511).jpg,glioma,1
/content/drive/MyDrive/Brain_Tumor_CNN_Project/dataset/Epic and CSCR hospital Dataset/Train/pituitary/P_730_BR_.jpg,pituitary,1
/content/drive/MyDrive/Brain_Tumor_CNN_Project/dataset/Epic and CSCR hospital Dataset/Train/meningioma/Tr-me_1003.jpg,meningioma,1
/content/drive/MyDrive/Brain_Tumor_CNN_Project/dataset/Epic and CSCR hospital Dataset/Train/glioma/G_833_SP_.jpg,glioma,1
/content/drive/MyDrive/Brain_Tumor_CNN_Project/dataset/Epic and CSCR hospital Dataset/Train/glioma/Tr-gl_0587.jpg,glioma,1
/content/drive/MyDrive/Brain_Tumor_CNN_Project/dataset/Epic and CSCR hospital Dataset/Train/glioma/G_821.jpg,glioma,1
/content/drive/MyDrive/Brain_Tumor_CNN_Project/dataset/Epic and CSCR hospital Dataset/Train/notumor/1804.jpg,notumor,0
/content/drive/MyDrive/Brain_Tumor_CNN_Project/dataset/Epic and CSCR hospital Dataset/Train/pituitary/P_804_VF_.jpg,pituitary,1
/content/drive/MyDrive/Brain_Tumor_CNN_Project/dataset/Epic and CSCR hospital Dataset/Train/notumor/Tr-no_0373.jpg,notumor,0
/content/drive/MyDrive/Brain_Tumor_CNN_Project/dataset/Epic and CSCR hospital Dataset/Train/meningioma/M_837.jpg,meningioma,1
/content/drive/MyDrive/Brain_Tumor_CNN_Project/dataset/Epic and CSCR hospital Dataset/Train/glioma/gg (579).jpg,glioma,1
/content/drive/MyDrive/Brain_Tumor_CNN_Project/dataset/Epic and CSCR hospital Dataset/Train/meningioma/Tr-me_0380.jpg,meningioma,1
/content/drive/MyDrive/Brain_Tumor_CNN_Project/dataset/Epic and CSCR hospital Dataset/Train/meningioma/M_878_VF_.jpg,meningioma,1
/content/drive/MyDrive/Brain_Tumor_CNN_Project/dataset/Epic and CSCR hospital Dataset/Train/pituitary/Tr-pi_0460.jpg,pituitary,1
/content/drive/MyDrive/Brain_Tumor_CNN_Project/dataset/Epic and CSCR hospital Dataset/Train/glioma/Tr-gl_0325.jpg,glioma,1
/content/drive/MyDrive/Brain_Tumor_CNN_Project/dataset/Epic and CSCR hospital Dataset/Train/notumor/Te-no_0302.jpg,notumor,0
/content/drive/MyDrive/Brain_Tumor_CNN_Project/dataset/Epic and CSCR hospital Dataset/Train/pituitary/Te-pi_0135.jpg,pituitary,1
/content/drive/MyDrive/Brain_Tumor_CNN_Project/dataset/Epic and CSCR hospital Dataset/Train/meningioma/m1(74).jpg,meningioma,1
/content/drive/MyDrive/Brain_Tumor_CNN_Project/dataset/Epic and CSCR hospital Dataset/Train/pituitary/P_712.jpg,pituitary,1
/content/drive/MyDrive/Brain_Tumor_CNN_Project/dataset/Epic and CSCR hospital Dataset/Train/pituitary/P_810_RO_.jpg,pituitary,1
/content/drive/MyDrive/Brain_Tumor_CNN_Project/dataset/Epic and CSCR hospital Dataset/Train/notumor/N_430_HF_.jpg,notumor,0
/content/drive/MyDrive/Brain_Tumor_CNN_Project/dataset/Epic and CSCR hospital Dataset/Train/meningioma/Tr-me_0854.jpg,meningioma,1
/content/drive/MyDrive/Brain_Tumor_CNN_Project/dataset/Epic and CSCR hospital Dataset/Train/meningioma/M_843_RO_.jpg,meningioma,1
/content/drive/MyDrive/Brain_Tumor_CNN_Project/dataset/Epic and CSCR hospital Dataset/Train/glioma/G_720_VF_.jpg,glioma,1
/content/drive/MyDrive/Brain_Tumor_CNN_Project/dataset/Epic and CSCR hospital Dataset/Train/pituitary/Tr-pi_0780.jpg,pituitary,1
/content/drive/MyDrive/Brain_Tumor_CNN_Project/dataset/Epic and CSCR hospital Dataset/Train/glioma/Tr-gl_0929.jpg,glioma,1
/content/drive/MyDrive/Brain_Tumor_CNN_Project/dataset/Epic and CSCR hospital Dataset/Train/glioma/G_776_SP_.jpg,glioma,1
/content/drive/MyDrive/Brain_Tumor_CNN_Project/dataset/Epic and CSCR hospital Dataset/Train/meningioma/m2 (47).jpg,meningioma,1
/content/drive/MyDrive/Brain_Tumor_CNN_Project/dataset/Epic and CSCR hospital Dataset/Train/notumor/Tr-no_0451.jpg,notumor,0
/content/drive/MyDrive/Brain_Tumor_CNN_Project/dataset/Epic and CSCR hospital Dataset/Train/meningioma/Tr-me_0892.jpg,meningioma,1
/content/drive/MyDrive/Brain_Tumor_CNN_Project/dataset/Epic and CSCR hospital Dataset/Train/pituitary/P_731_VF_.jpg,pituitary,1
/content/drive/MyDrive/Brain_Tumor_CNN_Project/dataset/Epic and CSCR hospital Dataset/Train/notumor/N_397_RO_.jpg,notumor,0
/content/drive/MyDrive/Brain_Tumor_CNN_Project/dataset/Epic and CSCR hospital Dataset/Train/notumor/no 96.jpg,notumor,0
/content/drive/MyDrive/Brain_Tumor_CNN_Project/dataset/Epic and CSCR hospital Dataset/Train/notumor/Tr-no_0264.jpg,notumor,0
/content/drive/MyDrive/Brain_Tumor_CNN_Project/dataset/Epic and CSCR hospital Dataset/Train/glioma/gg (386).jpg,glioma,1
/content/drive/MyDrive/Brain_Tumor_CNN_Project/dataset/Epic and CSCR hospital Dataset/Train/meningioma/M_875_BR_.jpg,meningioma,1
/content/drive/MyDrive/Brain_Tumor_CNN_Project/dataset/Epic and CSCR hospital Dataset/Train/pituitary/Tr-pi_0400.jpg,pituitary,1
/content/drive/MyDrive/Brain_Tumor_CNN_Project/dataset/Epic and CSCR hospital Dataset/Train/notumor/N_393_SP_.jpg,notumor,0
/content/drive/MyDrive/Brain_Tumor_CNN_Project/dataset/Epic and CSCR hospital Dataset/Train/glioma/Tr-gl_0154.jpg,glioma,1
/content/drive/MyDrive/Brain_Tumor_CNN_Project/dataset/Epic and CSCR hospital Dataset/Train/pituitary/Tr-pi_1274.jpg,pituitary,1
/content/drive/MyDrive/Brain_Tumor_CNN_Project/dataset/Epic and CSCR hospital Dataset/Train/glioma/Tr-gl_0600.jpg,glioma,1
/content/drive/MyDrive/Brain_Tumor_CNN_Project/dataset/Epic and CSCR hospital Dataset/Train/meningioma/1391.jpg,meningioma,1
/content/drive/MyDrive/Brain_Tumor_CNN_Project/dataset/Epic and CSCR hospital Dataset/Train/meningioma/m2 (38).jpg,meningioma,1
/content/drive/MyDrive/Brain_Tumor_CNN_Project/dataset/Epic and CSCR hospital Dataset/Train/notumor/Tr-no_0529.jpg,notumor,0
/content/drive/MyDrive/Brain_Tumor_CNN_Project/dataset/Epic and CSCR hospital Dataset/Train/meningioma/Tr-me_0305.jpg,meningioma,1
/content/drive/MyDrive/Brain_Tumor_CNN_Project/dataset/Epic and CSCR hospital Dataset/Train/meningioma/Tr-me_0241.jpg,meningioma,1
/content/drive/MyDrive/Brain_Tumor_CNN_Project/dataset/Epic and CSCR hospital Dataset/Train/meningioma/Tr-me_0414.jpg,meningioma,1
/content/drive/MyDrive/Brain_Tumor_CNN_Project/dataset/Epic and CSCR hospital Dataset/Train/pituitary/Tr-pi_0214.jpg,pituitary,1
/content/drive/MyDrive/Brain_Tumor_CNN_Project/dataset/Epic and CSCR hospital Dataset/Train/meningioma/Tr-me_0540.jpg,meningioma,1
/content/drive/MyDrive/Brain_Tumor_CNN_Project/dataset/Epic and CSCR hospital Dataset/Train/pituitary/Tr-pi_1058.jpg,pituitary,1
/content/drive/MyDrive/Brain_Tumor_CNN_Project/dataset/Epic and CSCR hospital Dataset/Train/glioma/gg (463).jpg,glioma,1
/content/drive/MyDrive/Brain_Tumor_CNN_Project/dataset/Epic and CSCR hospital Dataset/Train/pituitary/Tr-pi_1169.jpg,pituitary,1
/content/drive/MyDrive/Brain_Tumor_CNN_Project/dataset/Epic and CSCR hospital Dataset/Train/pituitary/Tr-pi_0556.jpg,pituitary,1
/content/drive/MyDrive/Brain_Tumor_CNN_Project/dataset/Epic and CSCR hospital Dataset/Train/notumor/Tr-no_0429.jpg,notumor,0
/content/drive/MyDrive/Brain_Tumor_CNN_Project/dataset/Epic and CSCR hospital Dataset/Train/meningioma/Tr-me_0495.jpg,meningioma,1
/content/drive/MyDrive/Brain_Tumor_CNN_Project/dataset/Epic and CSCR hospital Dataset/Train/notumor/Tr-no_0213.jpg,notumor,0
/content/drive/MyDrive/Brain_Tumor_CNN_Project/dataset/Epic and CSCR hospital Dataset/Train/meningioma/Tr-me_1141.jpg,meningioma,1
/content/drive/MyDrive/Brain_Tumor_CNN_Project/dataset/Epic and CSCR hospital Dataset/Train/pituitary/P_716_SP_.jpg,pituitary,1
/content/drive/MyDrive/Brain_Tumor_CNN_Project/dataset/Epic and CSCR hospital Dataset/Train/notumor/Tr-no_0188.jpg,notumor,0
/content/drive/MyDrive/Brain_Tumor_CNN_Project/dataset/Epic and CSCR hospital Dataset/Train/pituitary/P_795_SP_.jpg,pituitary,1
/content/drive/MyDrive/Brain_Tumor_CNN_Project/dataset/Epic and CSCR hospital Dataset/Train/glioma/Tr-gl_0990.jpg,glioma,1
/content/drive/MyDrive/Brain_Tumor_CNN_Project/dataset/Epic and CSCR hospital Dataset/Train/pituitary/P_836_BR_.jpg,pituitary,1
/content/drive/MyDrive/Brain_Tumor_CNN_Project/dataset/Epic and CSCR hospital Dataset/Train/meningioma/Tr-me_0134.jpg,meningioma,1
/content/drive/MyDrive/Brain_Tumor_CNN_Project/dataset/Epic and CSCR hospital Dataset/Train/pituitary/Tr-pi_1185.jpg,pituitary,1
/content/drive/MyDrive/Brain_Tumor_CNN_Project/dataset/Epic and CSCR hospital Dataset/Train/glioma/G_850_SP_.jpg,glioma,1
/content/drive/MyDrive/Brain_Tumor_CNN_Project/dataset/Epic and CSCR hospital Dataset/Train/meningioma/m2 (147).jpg,meningioma,1
/content/drive/MyDrive/Brain_Tumor_CNN_Project/dataset/Epic and CSCR hospital Dataset/Train/pituitary/Tr-pi_1159.jpg,pituitary,1
/content/drive/MyDrive/Brain_Tumor_CNN_Project/dataset/Epic and CSCR hospital Dataset/Train/pituitary/P_833_RO_.jpg,pituitary,1
/content/drive/MyDrive/Brain_Tumor_CNN_Project/dataset/Epic and CSCR hospital Dataset/Train/meningioma/Tr-me_0217.jpg,meningioma,1
/content/drive/MyDrive/Brain_Tumor_CNN_Project/dataset/Epic and CSCR hospital Dataset/Train/pituitary/Tr-pi_0578.jpg,pituitary,1
/content/drive/MyDrive/Brain_Tumor_CNN_Project/dataset/Epic and CSCR hospital Dataset/Train/glioma/G_748_RO_.jpg,glioma,1
/content/drive/MyDrive/Brain_Tumor_CNN_Project/dataset/Epic and CSCR hospital Dataset/Train/meningioma/Tr-me_0535.jpg,meningioma,1
/content/drive/MyDrive/Brain_Tumor_CNN_Project/dataset/Epic and CSCR hospital Dataset/Train/meningioma/m2 (119).jpg,meningioma,1
/content/drive/MyDrive/Brain_Tumor_CNN_Project/dataset/Epic and CSCR hospital Dataset/Train/pituitary/Tr-pi_0552.jpg,pituitary,1
/content/drive/MyDrive/Brain_Tumor_CNN_Project/dataset/Epic and CSCR hospital Dataset/Train/glioma/Tr-gl_0171.jpg,glioma,1
/content/drive/MyDrive/Brain_Tumor_CNN_Project/dataset/Epic and CSCR hospital Dataset/Train/notumor/N_390_RO_.jpg,notumor,0
/content/drive/MyDrive/Brain_Tumor_CNN_Project/dataset/Epic and CSCR hospital Dataset/Train/notumor/1832.jpg,notumor,0
/content/drive/MyDrive/Brain_Tumor_CNN_Project/dataset/Epic and CSCR hospital Dataset/Train/pituitary/P_817_RO_.jpg,pituitary,1
/content/drive/MyDrive/Brain_Tumor_CNN_Project/dataset/Epic and CSCR hospital Dataset/Train/pituitary/P_740_RO_.jpg,pituitary,1
/content/drive/MyDrive/Brain_Tumor_CNN_Project/dataset/Epic and CSCR hospital Dataset/Train/notumor/Tr-no_0137.jpg,notumor,0
/content/drive/MyDrive/Brain_Tumor_CNN_Project/dataset/Epic and CSCR hospital Dataset/Train/glioma/G_746_VF_.jpg,glioma,1
/content/drive/MyDrive/Brain_Tumor_CNN_Project/dataset/Epic and CSCR hospital Dataset/Train/glioma/Tr-gl_0203.jpg,glioma,1
/content/drive/MyDrive/Brain_Tumor_CNN_Project/dataset/Epic and CSCR hospital Dataset/Train/pituitary/Tr-pi_0322.jpg,pituitary,1
/content/drive/MyDrive/Brain_Tumor_CNN_Project/dataset/Epic and CSCR hospital Dataset/Train/glioma/Tr-gl_0798.jpg,glioma,1
/content/drive/MyDrive/Brain_Tumor_CNN_Project/dataset/Epic and CSCR hospital Dataset/Train/notumor/Tr-no_0507.jpg,notumor,0
/content/drive/MyDrive/Brain_Tumor_CNN_Project/dataset/Epic and CSCR hospital Dataset/Train/meningioma/m3 (166).jpg,meningioma,1
/content/drive/MyDrive/Brain_Tumor_CNN_Project/dataset/Epic and CSCR hospital Dataset/Train/meningioma/Tr-me_0843.jpg,meningioma,1
/content/drive/MyDrive/Brain_Tumor_CNN_Project/dataset/Epic and CSCR hospital Dataset/Train/notumor/no 95.jpg,notumor,0
/content/drive/MyDrive/Brain_Tumor_CNN_Project/dataset/Epic and CSCR hospital Dataset/Train/pituitary/Tr-pi_0209.jpg,pituitary,1
/content/drive/MyDrive/Brain_Tumor_CNN_Project/dataset/Epic and CSCR hospital Dataset/Train/pituitary/Tr-pi_0159.jpg,pituitary,1
/content/drive/MyDrive/Brain_Tumor_CNN_Project/dataset/Epic and CSCR hospital Dataset/Train/glioma/Tr-gl_1261.jpg,glioma,1
/content/drive/MyDrive/Brain_Tumor_CNN_Project/dataset/Epic and CSCR hospital Dataset/Train/pituitary/Te-pi_0072.jpg,pituitary,1
/content/drive/MyDrive/Brain_Tumor_CNN_Project/dataset/Epic and CSCR hospital Dataset/Train/pituitary/p (571).jpg,pituitary,1
/content/drive/MyDrive/Brain_Tumor_CNN_Project/dataset/Epic and CSCR hospital Dataset/Train/notumor/Tr-no_0206.jpg,notumor,0
/content/drive/MyDrive/Brain_Tumor_CNN_Project/dataset/Epic and CSCR hospital Dataset/Train/meningioma/M_855_VF_.jpg,meningioma,1
/content/drive/MyDrive/Brain_Tumor_CNN_Project/dataset/Epic and CSCR hospital Dataset/Train/notumor/N_51_HF_.jpg,notumor,0
/content/drive/MyDrive/Brain_Tumor_CNN_Project/dataset/Epic and CSCR hospital Dataset/Train/glioma/Tr-gl_0560.jpg,glioma,1
/content/drive/MyDrive/Brain_Tumor_CNN_Project/dataset/Epic and CSCR hospital Dataset/Train/glioma/G_845_BR_.jpg,glioma,1
/content/drive/MyDrive/Brain_Tumor_CNN_Project/dataset/Epic and CSCR hospital Dataset/Train/glioma/G_835_VF_.jpg,glioma,1
/content/drive/MyDrive/Brain_Tumor_CNN_Project/dataset/Epic and CSCR hospital Dataset/Train/meningioma/Tr-me_0863.jpg,meningioma,1
/content/drive/MyDrive/Brain_Tumor_CNN_Project/dataset/Epic and CSCR hospital Dataset/Train/pituitary/Tr-pi_0340.jpg,pituitary,1
/content/drive/MyDrive/Brain_Tumor_CNN_Project/dataset/Epic and CSCR hospital Dataset/Train/meningioma/Tr-me_0812.jpg,meningioma,1
/content/drive/MyDrive/Brain_Tumor_CNN_Project/dataset/Epic and CSCR hospital Dataset/Train/notumor/Tr-no_0058.jpg,notumor,0
/content/drive/MyDrive/Brain_Tumor_CNN_Project/dataset/Epic and CSCR hospital Dataset/Train/glioma/G_839_BR_.jpg,glioma,1
/content/drive/MyDrive/Brain_Tumor_CNN_Project/dataset/Epic and CSCR hospital Dataset/Train/pituitary/Tr-pi_0249.jpg,pituitary,1
/content/drive/MyDrive/Brain_Tumor_CNN_Project/dataset/Epic and CSCR hospital Dataset/Train/pituitary/P_77_RO_.jpg,pituitary,1
/content/drive/MyDrive/Brain_Tumor_CNN_Project/dataset/Epic and CSCR hospital Dataset/Train/glioma/G_87_DA_.jpg,glioma,1
/content/drive/MyDrive/Brain_Tumor_CNN_Project/dataset/Epic and CSCR hospital Dataset/Train/glioma/Tr-gl_0282.jpg,glioma,1
/content/drive/MyDrive/Brain_Tumor_CNN_Project/dataset/Epic and CSCR hospital Dataset/Train/pituitary/Tr-pi_1214.jpg,pituitary,1
/content/drive/MyDrive/Brain_Tumor_CNN_Project/dataset/Epic and CSCR hospital Dataset/Train/notumor/Tr-no_0095.jpg,notumor,0
/content/drive/MyDrive/Brain_Tumor_CNN_Project/dataset/Epic and CSCR hospital Dataset/Train/meningioma/m2 (169).jpg,meningioma,1
/content/drive/MyDrive/Brain_Tumor_CNN_Project/dataset/Epic and CSCR hospital Dataset/Train/meningioma/Tr-me_0230.jpg,meningioma,1
/content/drive/MyDrive/Brain_Tumor_CNN_Project/dataset/Epic and CSCR hospital Dataset/Train/pituitary/Tr-pi_1062.jpg,pituitary,1
/content/drive/MyDrive/Brain_Tumor_CNN_Project/dataset/Epic and CSCR hospital Dataset/Train/pituitary/P_816.jpg,pituitary,1
/content/drive/MyDrive/Brain_Tumor_CNN_Project/dataset/Epic and CSCR hospital Dataset/Train/meningioma/M_855_RO_.jpg,meningioma,1
/content/drive/MyDrive/Brain_Tumor_CNN_Project/dataset/Epic and CSCR hospital Dataset/Train/glioma/Tr-gl_0286.jpg,glioma,1
/content/drive/MyDrive/Brain_Tumor_CNN_Project/dataset/Epic and CSCR hospital Dataset/Train/notumor/1756.jpg,notumor,0
/content/drive/MyDrive/Brain_Tumor_CNN_Project/dataset/Epic and CSCR hospital Dataset/Train/meningioma/M_871_RO_.jpg,meningioma,1
/content/drive/MyDrive/Brain_Tumor_CNN_Project/dataset/Epic and CSCR hospital Dataset/Train/glioma/Tr-gl_1008.jpg,glioma,1
/content/drive/MyDrive/Brain_Tumor_CNN_Project/dataset/Epic and CSCR hospital Dataset/Train/notumor/Te-no_0269.jpg,notumor,0
/content/drive/MyDrive/Brain_Tumor_CNN_Project/dataset/Epic and CSCR hospital Dataset/Train/pituitary/P_832_VF_.jpg,pituitary,1
/content/drive/MyDrive/Brain_Tumor_CNN_Project/dataset/Epic and CSCR hospital Dataset/Train/pituitary/P_837.jpg,pituitary,1
/content/drive/MyDrive/Brain_Tumor_CNN_Project/dataset/Epic and CSCR hospital Dataset/Train/pituitary/Tr-pi_0724.jpg,pituitary,1
/content/drive/MyDrive/Brain_Tumor_CNN_Project/dataset/Epic and CSCR hospital Dataset/Train/glioma/Te-gl_0120.jpg,glioma,1
/content/drive/MyDrive/Brain_Tumor_CNN_Project/dataset/Epic and CSCR hospital Dataset/Train/pituitary/P_767_SP_.jpg,pituitary,1
/content/drive/MyDrive/Brain_Tumor_CNN_Project/dataset/Epic and CSCR hospital Dataset/Train/meningioma/M_880_VF_.jpg,meningioma,1
/content/drive/MyDrive/Brain_Tumor_CNN_Project/dataset/Epic and CSCR hospital Dataset/Train/notumor/Tr-no_0144.jpg,notumor,0
/content/drive/MyDrive/Brain_Tumor_CNN_Project/dataset/Epic and CSCR hospital Dataset/Train/pituitary/P_715_HF_.jpg,pituitary,1
/content/drive/MyDrive/Brain_Tumor_CNN_Project/dataset/Epic and CSCR hospital Dataset/Train/meningioma/Te-me_0101.jpg,meningioma,1
/content/drive/MyDrive/Brain_Tumor_CNN_Project/dataset/Epic and CSCR hospital Dataset/Train/glioma/Tr-gl_0478.jpg,glioma,1
/content/drive/MyDrive/Brain_Tumor_CNN_Project/dataset/Epic and CSCR hospital Dataset/Train/glioma/G_880_RO_.jpg,glioma,1
/content/drive/MyDrive/Brain_Tumor_CNN_Project/dataset/Epic and CSCR hospital Dataset/Train/glioma/G_824.jpg,glioma,1
/content/drive/MyDrive/Brain_Tumor_CNN_Project/dataset/Epic and CSCR hospital Dataset/Train/glioma/G_795_BR_.jpg,glioma,1
/content/drive/MyDrive/Brain_Tumor_CNN_Project/dataset/Epic and CSCR hospital Dataset/Train/glioma/Te-gl_0247.jpg,glioma,1
/content/drive/MyDrive/Brain_Tumor_CNN_Project/dataset/Epic and CSCR hospital Dataset/Train/meningioma/M_858_BR_.jpg,meningioma,1
/content/drive/MyDrive/Brain_Tumor_CNN_Project/dataset/Epic and CSCR hospital Dataset/Train/notumor/1724.jpg,notumor,0
/content/drive/MyDrive/Brain_Tumor_CNN_Project/dataset/Epic and CSCR hospital Dataset/Train/pituitary/P_776_BR_.jpg,pituitary,1
/content/drive/MyDrive/Brain_Tumor_CNN_Project/dataset/Epic and CSCR hospital Dataset/Train/glioma/G_883_RO_.jpg,glioma,1
/content/drive/MyDrive/Brain_Tumor_CNN_Project/dataset/Epic and CSCR hospital Dataset/Train/notumor/Tr-no_0425.jpg,notumor,0
/content/drive/MyDrive/Brain_Tumor_CNN_Project/dataset/Epic and CSCR hospital Dataset/Train/glioma/Tr-gl_0994.jpg,glioma,1
/content/drive/MyDrive/Brain_Tumor_CNN_Project/dataset/Epic and CSCR hospital Dataset/Train/pituitary/P_762_DA_.jpg,pituitary,1
/content/drive/MyDrive/Brain_Tumor_CNN_Project/dataset/Epic and CSCR hospital Dataset/Train/notumor/N_397.jpg,notumor,0
/content/drive/MyDrive/Brain_Tumor_CNN_Project/dataset/Epic and CSCR hospital Dataset/Train/pituitary/Tr-pi_0490.jpg,pituitary,1
/content/drive/MyDrive/Brain_Tumor_CNN_Project/dataset/Epic and CSCR hospital Dataset/Train/glioma/gg (435).jpg,glioma,1
/content/drive/MyDrive/Brain_Tumor_CNN_Project/dataset/Epic and CSCR hospital Dataset/Train/pituitary/Tr-pi_0190.jpg,pituitary,1
/content/drive/MyDrive/Brain_Tumor_CNN_Project/dataset/Epic and CSCR hospital Dataset/Train/pituitary/Tr-pi_0278.jpg,pituitary,1
/content/drive/MyDrive/Brain_Tumor_CNN_Project/dataset/Epic and CSCR hospital Dataset/Train/pituitary/Tr-pi_0200.jpg,pituitary,1
/content/drive/MyDrive/Brain_Tumor_CNN_Project/dataset/Epic and CSCR hospital Dataset/Train/glioma/Tr-gl_1078.jpg,glioma,1
/content/drive/MyDrive/Brain_Tumor_CNN_Project/dataset/Epic and CSCR hospital Dataset/Train/pituitary/p (573).jpg,pituitary,1
/content/drive/MyDrive/Brain_Tumor_CNN_Project/dataset/Epic and CSCR hospital Dataset/Train/notumor/N_437_VF_.jpg,notumor,0
/content/drive/MyDrive/Brain_Tumor_CNN_Project/dataset/Epic and CSCR hospital Dataset/Train/notumor/1858.jpg,notumor,0
/content/drive/MyDrive/Brain_Tumor_CNN_Project/dataset/Epic and CSCR hospital Dataset/Train/meningioma/1442.jpg,meningioma,1
/content/drive/MyDrive/Brain_Tumor_CNN_Project/dataset/Epic and CSCR hospital Dataset/Train/notumor/Te-no_0135.jpg,notumor,0
/content/drive/MyDrive/Brain_Tumor_CNN_Project/dataset/Epic and CSCR hospital Dataset/Train/meningioma/M_877_VF_.jpg,meningioma,1
/content/drive/MyDrive/Brain_Tumor_CNN_Project/dataset/Epic and CSCR hospital Dataset/Train/pituitary/Tr-pi_1192.jpg,pituitary,1
/content/drive/MyDrive/Brain_Tumor_CNN_Project/dataset/Epic and CSCR hospital Dataset/Train/meningioma/Tr-me_0466.jpg,meningioma,1
/content/drive/MyDrive/Brain_Tumor_CNN_Project/dataset/Epic and CSCR hospital Dataset/Train/pituitary/P_747_BR_.jpg,pituitary,1
/content/drive/MyDrive/Brain_Tumor_CNN_Project/dataset/Epic and CSCR hospital Dataset/Train/meningioma/Tr-me_0562.jpg,meningioma,1
/content/drive/MyDrive/Brain_Tumor_CNN_Project/dataset/Epic and CSCR hospital Dataset/Train/meningioma/Tr-me_0839.jpg,meningioma,1
/content/drive/MyDrive/Brain_Tumor_CNN_Project/dataset/Epic and CSCR hospital Dataset/Train/meningioma/M_836_VF_.jpg,meningioma,1
/content/drive/MyDrive/Brain_Tumor_CNN_Project/dataset/Epic and CSCR hospital Dataset/Train/notumor/Tr-no_0690.jpg,notumor,0
/content/drive/MyDrive/Brain_Tumor_CNN_Project/dataset/Epic and CSCR hospital Dataset/Train/meningioma/m2 (164).jpg,meningioma,1
/content/drive/MyDrive/Brain_Tumor_CNN_Project/dataset/Epic and CSCR hospital Dataset/Train/pituitary/P_800.jpg,pituitary,1
/content/drive/MyDrive/Brain_Tumor_CNN_Project/dataset/Epic and CSCR hospital Dataset/Train/glioma/G_814_RO_.jpg,glioma,1
/content/drive/MyDrive/Brain_Tumor_CNN_Project/dataset/Epic and CSCR hospital Dataset/Train/meningioma/M_846_SP_.jpg,meningioma,1
/content/drive/MyDrive/Brain_Tumor_CNN_Project/dataset/Epic and CSCR hospital Dataset/Train/notumor/N_389_DA_.jpg,notumor,0
/content/drive/MyDrive/Brain_Tumor_CNN_Project/dataset/Epic and CSCR hospital Dataset/Train/pituitary/Tr-pi_0580.jpg,pituitary,1
/content/drive/MyDrive/Brain_Tumor_CNN_Project/dataset/Epic and CSCR hospital Dataset/Train/meningioma/M_849_DA_.jpg,meningioma,1
/content/drive/MyDrive/Brain_Tumor_CNN_Project/dataset/Epic and CSCR hospital Dataset/Train/meningioma/M_866_DA_.jpg,meningioma,1
/content/drive/MyDrive/Brain_Tumor_CNN_Project/dataset/Epic and CSCR hospital Dataset/Train/notumor/N_372_SP_.jpg,notumor,0
/content/drive/MyDrive/Brain_Tumor_CNN_Project/dataset/Epic and CSCR hospital Dataset/Train/meningioma/Tr-me_0768.jpg,meningioma,1
/content/drive/MyDrive/Brain_Tumor_CNN_Project/dataset/Epic and CSCR hospital Dataset/Train/notumor/N_382_SP_.jpg,notumor,0
/content/drive/MyDrive/Brain_Tumor_CNN_Project/dataset/Epic and CSCR hospital Dataset/Train/notumor/N_432_BR_.jpg,notumor,0
/content/drive/MyDrive/Brain_Tumor_CNN_Project/dataset/Epic and CSCR hospital Dataset/Train/notumor/Tr-no_0082.jpg,notumor,0
/content/drive/MyDrive/Brain_Tumor_CNN_Project/dataset/Epic and CSCR hospital Dataset/Train/pituitary/P_801.jpg,pituitary,1
/content/drive/MyDrive/Brain_Tumor_CNN_Project/dataset/Epic and CSCR hospital Dataset/Train/glioma/Tr-gl_0328.jpg,glioma,1
/content/drive/MyDrive/Brain_Tumor_CNN_Project/dataset/Epic and CSCR hospital Dataset/Train/glioma/G_813.jpg,glioma,1
/content/drive/MyDrive/Brain_Tumor_CNN_Project/dataset/Epic and CSCR hospital Dataset/Train/glioma/gg (44).jpg,glioma,1
/content/drive/MyDrive/Brain_Tumor_CNN_Project/dataset/Epic and CSCR hospital Dataset/Train/glioma/Tr-gl_0504.jpg,glioma,1
/content/drive/MyDrive/Brain_Tumor_CNN_Project/dataset/Epic and CSCR hospital Dataset/Train/glioma/G_779_RO_.jpg,glioma,1
/content/drive/MyDrive/Brain_Tumor_CNN_Project/dataset/Epic and CSCR hospital Dataset/Train/pituitary/P_842.jpg,pituitary,1
/content/drive/MyDrive/Brain_Tumor_CNN_Project/dataset/Epic and CSCR hospital Dataset/Train/glioma/gg (4).jpg,glioma,1
/content/drive/MyDrive/Brain_Tumor_CNN_Project/dataset/Epic and CSCR hospital Dataset/Train/notumor/1825.jpg,notumor,0
/content/drive/MyDrive/Brain_Tumor_CNN_Project/dataset/Epic and CSCR hospital Dataset/Train/glioma/Tr-gl_0399.jpg,glioma,1
/content/drive/MyDrive/Brain_Tumor_CNN_Project/dataset/Epic and CSCR hospital Dataset/Train/meningioma/M_820_RO_.jpg,meningioma,1
/content/drive/MyDrive/Brain_Tumor_CNN_Project/dataset/Epic and CSCR hospital Dataset/Train/glioma/image(29).jpg,glioma,1
/content/drive/MyDrive/Brain_Tumor_CNN_Project/dataset/Epic and CSCR hospital Dataset/Train/pituitary/Tr-pi_0950.jpg,pituitary,1
/content/drive/MyDrive/Brain_Tumor_CNN_Project/dataset/Epic and CSCR hospital Dataset/Train/glioma/Tr-gl_0960.jpg,glioma,1
/content/drive/MyDrive/Brain_Tumor_CNN_Project/dataset/Epic and CSCR hospital Dataset/Train/glioma/G_719_SP_.jpg,glioma,1
/content/drive/MyDrive/Brain_Tumor_CNN_Project/dataset/Epic and CSCR hospital Dataset/Train/pituitary/Tr-pi_1232.jpg,pituitary,1
/content/drive/MyDrive/Brain_Tumor_CNN_Project/dataset/Epic and CSCR hospital Dataset/Train/pituitary/Tr-pi_1117.jpg,pituitary,1
/content/drive/MyDrive/Brain_Tumor_CNN_Project/dataset/Epic and CSCR hospital Dataset/Train/glioma/Te-gl_0080.jpg,glioma,1
/content/drive/MyDrive/Brain_Tumor_CNN_Project/dataset/Epic and CSCR hospital Dataset/Train/pituitary/P_814_BR_.jpg,pituitary,1
/content/drive/MyDrive/Brain_Tumor_CNN_Project/dataset/Epic and CSCR hospital Dataset/Train/glioma/G_855.jpg,glioma,1
/content/drive/MyDrive/Brain_Tumor_CNN_Project/dataset/Epic and CSCR hospital Dataset/Train/glioma/Tr-gl_0508.jpg,glioma,1
/content/drive/MyDrive/Brain_Tumor_CNN_Project/dataset/Epic and CSCR hospital Dataset/Train/glioma/G_792_HF_.jpg,glioma,1
/content/drive/MyDrive/Brain_Tumor_CNN_Project/dataset/Epic and CSCR hospital Dataset/Train/meningioma/Tr-me_0464.jpg,meningioma,1
/content/drive/MyDrive/Brain_Tumor_CNN_Project/dataset/Epic and CSCR hospital Dataset/Train/glioma/G_724_DA_.jpg,glioma,1
/content/drive/MyDrive/Brain_Tumor_CNN_Project/dataset/Epic and CSCR hospital Dataset/Train/glioma/G_816_DA_.jpg,glioma,1
/content/drive/MyDrive/Brain_Tumor_CNN_Project/dataset/Epic and CSCR hospital Dataset/Train/glioma/G_774_DA_.jpg,glioma,1
/content/drive/MyDrive/Brain_Tumor_CNN_Project/dataset/Epic and CSCR hospital Dataset/Train/glioma/G_738_DA_.jpg,glioma,1
/content/drive/MyDrive/Brain_Tumor_CNN_Project/dataset/Epic and CSCR hospital Dataset/Train/pituitary/p (551).jpg,pituitary,1
/content/drive/MyDrive/Brain_Tumor_CNN_Project/dataset/Epic and CSCR hospital Dataset/Train/notumor/1795.jpg,notumor,0
/content/drive/MyDrive/Brain_Tumor_CNN_Project/dataset/Epic and CSCR hospital Dataset/Train/glioma/G_859_SP_.jpg,glioma,1
/content/drive/MyDrive/Brain_Tumor_CNN_Project/dataset/Epic and CSCR hospital Dataset/Train/glioma/Tr-gl_0309.jpg,glioma,1
/content/drive/MyDrive/Brain_Tumor_CNN_Project/dataset/Epic and CSCR hospital Dataset/Train/pituitary/Tr-pi_1026.jpg,pituitary,1
/content/drive/MyDrive/Brain_Tumor_CNN_Project/dataset/Epic and CSCR hospital Dataset/Train/notumor/1781.jpg,notumor,0
/content/drive/MyDrive/Brain_Tumor_CNN_Project/dataset/Epic and CSCR hospital Dataset/Train/glioma/G_756_RO_.jpg,glioma,1
/content/drive/MyDrive/Brain_Tumor_CNN_Project/dataset/Epic and CSCR hospital Dataset/Train/meningioma/Tr-me_1172.jpg,meningioma,1
/content/drive/MyDrive/Brain_Tumor_CNN_Project/dataset/Epic and CSCR hospital Dataset/Train/meningioma/Tr-me_0874.jpg,meningioma,1
/content/drive/MyDrive/Brain_Tumor_CNN_Project/dataset/Epic and CSCR hospital Dataset/Train/meningioma/Tr-me_0422.jpg,meningioma,1
/content/drive/MyDrive/Brain_Tumor_CNN_Project/dataset/Epic and CSCR hospital Dataset/Train/meningioma/M_832_BR_.jpg,meningioma,1
/content/drive/MyDrive/Brain_Tumor_CNN_Project/dataset/Epic and CSCR hospital Dataset/Train/notumor/Tr-no_0585.jpg,notumor,0
/content/drive/MyDrive/Brain_Tumor_CNN_Project/dataset/Epic and CSCR hospital Dataset/Train/pituitary/Tr-pi_0346.jpg,pituitary,1
/content/drive/MyDrive/Brain_Tumor_CNN_Project/dataset/Epic and CSCR hospital Dataset/Train/pituitary/Tr-pi_0596.jpg,pituitary,1
/content/drive/MyDrive/Brain_Tumor_CNN_Project/dataset/Epic and CSCR hospital Dataset/Train/notumor/N_46_DA_.jpg,notumor,0
/content/drive/MyDrive/Brain_Tumor_CNN_Project/dataset/Epic and CSCR hospital Dataset/Train/glioma/gg (584).jpg,glioma,1
/content/drive/MyDrive/Brain_Tumor_CNN_Project/dataset/Epic and CSCR hospital Dataset/Train/meningioma/M_824.jpg,meningioma,1
/content/drive/MyDrive/Brain_Tumor_CNN_Project/dataset/Epic and CSCR hospital Dataset/Train/glioma/G_873_DA_.jpg,glioma,1
/content/drive/MyDrive/Brain_Tumor_CNN_Project/dataset/Epic and CSCR hospital Dataset/Train/notumor/N_437_BR_.jpg,notumor,0
/content/drive/MyDrive/Brain_Tumor_CNN_Project/dataset/Epic and CSCR hospital Dataset/Train/pituitary/Tr-pi_0688.jpg,pituitary,1
/content/drive/MyDrive/Brain_Tumor_CNN_Project/dataset/Epic and CSCR hospital Dataset/Train/notumor/N_431_SP_.jpg,notumor,0
/content/drive/MyDrive/Brain_Tumor_CNN_Project/dataset/Epic and CSCR hospital Dataset/Train/glioma/Tr-gl_0414.jpg,glioma,1
/content/drive/MyDrive/Brain_Tumor_CNN_Project/dataset/Epic and CSCR hospital Dataset/Train/meningioma/M_831.jpg,meningioma,1
/content/drive/MyDrive/Brain_Tumor_CNN_Project/dataset/Epic and CSCR hospital Dataset/Train/pituitary/P_744_VF_.jpg,pituitary,1
/content/drive/MyDrive/Brain_Tumor_CNN_Project/dataset/Epic and CSCR hospital Dataset/Train/pituitary/Te-pi_0147.jpg,pituitary,1
/content/drive/MyDrive/Brain_Tumor_CNN_Project/dataset/Epic and CSCR hospital Dataset/Train/meningioma/Tr-me_0107.jpg,meningioma,1
/content/drive/MyDrive/Brain_Tumor_CNN_Project/dataset/Epic and CSCR hospital Dataset/Train/notumor/N_395_SP_.jpg,notumor,0
/content/drive/MyDrive/Brain_Tumor_CNN_Project/dataset/Epic and CSCR hospital Dataset/Train/notumor/Te-no_0123.jpg,notumor,0
/content/drive/MyDrive/Brain_Tumor_CNN_Project/dataset/Epic and CSCR hospital Dataset/Train/notumor/Te-no_0256.jpg,notumor,0
/content/drive/MyDrive/Brain_Tumor_CNN_Project/dataset/Epic and CSCR hospital Dataset/Train/notumor/N_405_BR_.jpg,notumor,0
/content/drive/MyDrive/Brain_Tumor_CNN_Project/dataset/Epic and CSCR hospital Dataset/Train/glioma/Tr-gl_0152.jpg,glioma,1
/content/drive/MyDrive/Brain_Tumor_CNN_Project/dataset/Epic and CSCR hospital Dataset/Train/notumor/N_420.jpg,notumor,0
/content/drive/MyDrive/Brain_Tumor_CNN_Project/dataset/Epic and CSCR hospital Dataset/Train/glioma/gg (506).jpg,glioma,1
/content/drive/MyDrive/Brain_Tumor_CNN_Project/dataset/Epic and CSCR hospital Dataset/Train/meningioma/M_846.jpg,meningioma,1
/content/drive/MyDrive/Brain_Tumor_CNN_Project/dataset/Epic and CSCR hospital Dataset/Train/meningioma/M_854_RO_.jpg,meningioma,1
/content/drive/MyDrive/Brain_Tumor_CNN_Project/dataset/Epic and CSCR hospital Dataset/Train/notumor/Tr-no_0242.jpg,notumor,0
/content/drive/MyDrive/Brain_Tumor_CNN_Project/dataset/Epic and CSCR hospital Dataset/Train/glioma/Te-gl_0210.jpg,glioma,1
/content/drive/MyDrive/Brain_Tumor_CNN_Project/dataset/Epic and CSCR hospital Dataset/Train/meningioma/Tr-me_1337.jpg,meningioma,1
/content/drive/MyDrive/Brain_Tumor_CNN_Project/dataset/Epic and CSCR hospital Dataset/Train/meningioma/Te-me_0187.jpg,meningioma,1
/content/drive/MyDrive/Brain_Tumor_CNN_Project/dataset/Epic and CSCR hospital Dataset/Train/notumor/Tr-no_0263.jpg,notumor,0
/content/drive/MyDrive/Brain_Tumor_CNN_Project/dataset/Epic and CSCR hospital Dataset/Train/notumor/Te-no_0264.jpg,notumor,0
/content/drive/MyDrive/Brain_Tumor_CNN_Project/dataset/Epic and CSCR hospital Dataset/Train/meningioma/Tr-me_0997.jpg,meningioma,1
/content/drive/MyDrive/Brain_Tumor_CNN_Project/dataset/Epic and CSCR hospital Dataset/Train/pituitary/Te-pi_0191.jpg,pituitary,1
/content/drive/MyDrive/Brain_Tumor_CNN_Project/dataset/Epic and CSCR hospital Dataset/Train/meningioma/Tr-me_0455.jpg,meningioma,1
/content/drive/MyDrive/Brain_Tumor_CNN_Project/dataset/Epic and CSCR hospital Dataset/Train/glioma/Tr-gl_0930.jpg,glioma,1
/content/drive/MyDrive/Brain_Tumor_CNN_Project/dataset/Epic and CSCR hospital Dataset/Train/pituitary/P_71_RO_.jpg,pituitary,1
/content/drive/MyDrive/Brain_Tumor_CNN_Project/dataset/Epic and CSCR hospital Dataset/Train/notumor/N_421_VF_.jpg,notumor,0
/content/drive/MyDrive/Brain_Tumor_CNN_Project/dataset/Epic and CSCR hospital Dataset/Train/glioma/Tr-gl_0401.jpg,glioma,1
/content/drive/MyDrive/Brain_Tumor_CNN_Project/dataset/Epic and CSCR hospital Dataset/Train/glioma/G_808_RO_.jpg,glioma,1
/content/drive/MyDrive/Brain_Tumor_CNN_Project/dataset/Epic and CSCR hospital Dataset/Train/pituitary/1195.jpg,pituitary,1
/content/drive/MyDrive/Brain_Tumor_CNN_Project/dataset/Epic and CSCR hospital Dataset/Train/glioma/gg (633).jpg,glioma,1
/content/drive/MyDrive/Brain_Tumor_CNN_Project/dataset/Epic and CSCR hospital Dataset/Train/notumor/N_431_DA_.jpg,notumor,0
/content/drive/MyDrive/Brain_Tumor_CNN_Project/dataset/Epic and CSCR hospital Dataset/Train/pituitary/Tr-pi_1267.jpg,pituitary,1
/content/drive/MyDrive/Brain_Tumor_CNN_Project/dataset/Epic and CSCR hospital Dataset/Train/glioma/G_820_VF_.jpg,glioma,1
/content/drive/MyDrive/Brain_Tumor_CNN_Project/dataset/Epic and CSCR hospital Dataset/Train/pituitary/P_749.jpg,pituitary,1
/content/drive/MyDrive/Brain_Tumor_CNN_Project/dataset/Epic and CSCR hospital Dataset/Train/glioma/image(32).jpg,glioma,1
/content/drive/MyDrive/Brain_Tumor_CNN_Project/dataset/Epic and CSCR hospital Dataset/Train/notumor/image(151).jpg,notumor,0
/content/drive/MyDrive/Brain_Tumor_CNN_Project/dataset/Epic and CSCR hospital Dataset/Train/glioma/G_769_BR_.jpg,glioma,1
/content/drive/MyDrive/Brain_Tumor_CNN_Project/dataset/Epic and CSCR hospital Dataset/Train/glioma/G_803_DA_.jpg,glioma,1
/content/drive/MyDrive/Brain_Tumor_CNN_Project/dataset/Epic and CSCR hospital Dataset/Train/glioma/Tr-gl_1263.jpg,glioma,1
/content/drive/MyDrive/Brain_Tumor_CNN_Project/dataset/Epic and CSCR hospital Dataset/Train/meningioma/Te-me_0067.jpg,meningioma,1
/content/drive/MyDrive/Brain_Tumor_CNN_Project/dataset/Epic and CSCR hospital Dataset/Train/meningioma/m3 (120).jpg,meningioma,1
/content/drive/MyDrive/Brain_Tumor_CNN_Project/dataset/Epic and CSCR hospital Dataset/Train/pituitary/P_831_RO_.jpg,pituitary,1
/content/drive/MyDrive/Brain_Tumor_CNN_Project/dataset/Epic and CSCR hospital Dataset/Train/meningioma/M_881_SP_.jpg,meningioma,1
/content/drive/MyDrive/Brain_Tumor_CNN_Project/dataset/Epic and CSCR hospital Dataset/Train/glioma/Tr-gl_0210.jpg,glioma,1
/content/drive/MyDrive/Brain_Tumor_CNN_Project/dataset/Epic and CSCR hospital Dataset/Train/pituitary/Tr-pi_1219.jpg,pituitary,1
/content/drive/MyDrive/Brain_Tumor_CNN_Project/dataset/Epic and CSCR hospital Dataset/Train/meningioma/Tr-me_1060.jpg,meningioma,1
/content/drive/MyDrive/Brain_Tumor_CNN_Project/dataset/Epic and CSCR hospital Dataset/Train/pituitary/Tr-pi_1273.jpg,pituitary,1
/content/drive/MyDrive/Brain_Tumor_CNN_Project/dataset/Epic and CSCR hospital Dataset/Train/glioma/G_721_HF_.jpg,glioma,1
/content/drive/MyDrive/Brain_Tumor_CNN_Project/dataset/Epic and CSCR hospital Dataset/Train/notumor/Tr-no_0124.jpg,notumor,0
/content/drive/MyDrive/Brain_Tumor_CNN_Project/dataset/Epic and CSCR hospital Dataset/Train/glioma/G_829_VF_.jpg,glioma,1
/content/drive/MyDrive/Brain_Tumor_CNN_Project/dataset/Epic and CSCR hospital Dataset/Train/glioma/G_810_RO_.jpg,glioma,1
/content/drive/MyDrive/Brain_Tumor_CNN_Project/dataset/Epic and CSCR hospital Dataset/Train/notumor/1824.jpg,notumor,0
/content/drive/MyDrive/Brain_Tumor_CNN_Project/dataset/Epic and CSCR hospital Dataset/Train/glioma/Tr-gl_1020.jpg,glioma,1
/content/drive/MyDrive/Brain_Tumor_CNN_Project/dataset/Epic and CSCR hospital Dataset/Train/notumor/Tr-no_0677.jpg,notumor,0
/content/drive/MyDrive/Brain_Tumor_CNN_Project/dataset/Epic and CSCR hospital Dataset/Train/glioma/image(76).jpg,glioma,1
/content/drive/MyDrive/Brain_Tumor_CNN_Project/dataset/Epic and CSCR hospital Dataset/Train/pituitary/Tr-pi_1387.jpg,pituitary,1
/content/drive/MyDrive/Brain_Tumor_CNN_Project/dataset/Epic and CSCR hospital Dataset/Train/meningioma/Tr-me_0087.jpg,meningioma,1
/content/drive/MyDrive/Brain_Tumor_CNN_Project/dataset/Epic and CSCR hospital Dataset/Train/glioma/Tr-gl_1229.jpg,glioma,1
/content/drive/MyDrive/Brain_Tumor_CNN_Project/dataset/Epic and CSCR hospital Dataset/Train/pituitary/P_757.jpg,pituitary,1
/content/drive/MyDrive/Brain_Tumor_CNN_Project/dataset/Epic and CSCR hospital Dataset/Train/pituitary/Tr-pi_0496.jpg,pituitary,1
/content/drive/MyDrive/Brain_Tumor_CNN_Project/dataset/Epic and CSCR hospital Dataset/Train/notumor/N_385_DA_.jpg,notumor,0
/content/drive/MyDrive/Brain_Tumor_CNN_Project/dataset/Epic and CSCR hospital Dataset/Train/meningioma/M_841.jpg,meningioma,1
/content/drive/MyDrive/Brain_Tumor_CNN_Project/dataset/Epic and CSCR hospital Dataset/Train/pituitary/P_843_SP_.jpg,pituitary,1
/content/drive/MyDrive/Brain_Tumor_CNN_Project/dataset/Epic and CSCR hospital Dataset/Train/meningioma/Tr-me_0348.jpg,meningioma,1
/content/drive/MyDrive/Brain_Tumor_CNN_Project/dataset/Epic and CSCR hospital Dataset/Train/notumor/Tr-no_0544.jpg,notumor,0
/content/drive/MyDrive/Brain_Tumor_CNN_Project/dataset/Epic and CSCR hospital Dataset/Train/pituitary/P_738_BR_.jpg,pituitary,1
/content/drive/MyDrive/Brain_Tumor_CNN_Project/dataset/Epic and CSCR hospital Dataset/Train/meningioma/m3 (114).jpg,meningioma,1
/content/drive/MyDrive/Brain_Tumor_CNN_Project/dataset/Epic and CSCR hospital Dataset/Train/glioma/G_713_RO_.jpg,glioma,1
/content/drive/MyDrive/Brain_Tumor_CNN_Project/dataset/Epic and CSCR hospital Dataset/Train/glioma/gg (425).jpg,glioma,1
/content/drive/MyDrive/Brain_Tumor_CNN_Project/dataset/Epic and CSCR hospital Dataset/Train/glioma/G_802_BR_.jpg,glioma,1
/content/drive/MyDrive/Brain_Tumor_CNN_Project/dataset/Epic and CSCR hospital Dataset/Train/glioma/Te-gl_0213.jpg,glioma,1
/content/drive/MyDrive/Brain_Tumor_CNN_Project/dataset/Epic and CSCR hospital Dataset/Train/notumor/Te-no_0143.jpg,notumor,0
/content/drive/MyDrive/Brain_Tumor_CNN_Project/dataset/Epic and CSCR hospital Dataset/Train/meningioma/Te-me_0117.jpg,meningioma,1
/content/drive/MyDrive/Brain_Tumor_CNN_Project/dataset/Epic and CSCR hospital Dataset/Train/glioma/G_859_RO_.jpg,glioma,1
/content/drive/MyDrive/Brain_Tumor_CNN_Project/dataset/Epic and CSCR hospital Dataset/Train/notumor/N_40_VF_.jpg,notumor,0
/content/drive/MyDrive/Brain_Tumor_CNN_Project/dataset/Epic and CSCR hospital Dataset/Train/glioma/G_750_DA_.jpg,glioma,1
/content/drive/MyDrive/Brain_Tumor_CNN_Project/dataset/Epic and CSCR hospital Dataset/Train/notumor/Te-no_0204.jpg,notumor,0
/content/drive/MyDrive/Brain_Tumor_CNN_Project/dataset/Epic and CSCR hospital Dataset/Train/glioma/gg (414).jpg,glioma,1
/content/drive/MyDrive/Brain_Tumor_CNN_Project/dataset/Epic and CSCR hospital Dataset/Train/meningioma/M_832_RO_.jpg,meningioma,1
/content/drive/MyDrive/Brain_Tumor_CNN_Project/dataset/Epic and CSCR hospital Dataset/Train/pituitary/P_775_DA_.jpg,pituitary,1
/content/drive/MyDrive/Brain_Tumor_CNN_Project/dataset/Epic and CSCR hospital Dataset/Train/pituitary/Tr-pi_0947.jpg,pituitary,1
/content/drive/MyDrive/Brain_Tumor_CNN_Project/dataset/Epic and CSCR hospital Dataset/Train/glioma/G_824_DA_.jpg,glioma,1
/content/drive/MyDrive/Brain_Tumor_CNN_Project/dataset/Epic and CSCR hospital Dataset/Train/pituitary/Tr-pi_0512.jpg,pituitary,1
/content/drive/MyDrive/Brain_Tumor_CNN_Project/dataset/Epic and CSCR hospital Dataset/Train/glioma/G_841_DA_.jpg,glioma,1
/content/drive/MyDrive/Brain_Tumor_CNN_Project/dataset/Epic and CSCR hospital Dataset/Train/pituitary/P_806_VF_.jpg,pituitary,1
/content/drive/MyDrive/Brain_Tumor_CNN_Project/dataset/Epic and CSCR hospital Dataset/Train/notumor/Te-no_0187.jpg,notumor,0
/content/drive/MyDrive/Brain_Tumor_CNN_Project/dataset/Epic and CSCR hospital Dataset/Train/notumor/Tr-no_0086.jpg,notumor,0
/content/drive/MyDrive/Brain_Tumor_CNN_Project/dataset/Epic and CSCR hospital Dataset/Train/pituitary/P_796.jpg,pituitary,1
/content/drive/MyDrive/Brain_Tumor_CNN_Project/dataset/Epic and CSCR hospital Dataset/Train/meningioma/Tr-me_1222.jpg,meningioma,1
/content/drive/MyDrive/Brain_Tumor_CNN_Project/dataset/Epic and CSCR hospital Dataset/Train/notumor/Tr-no_0245.jpg,notumor,0
/content/drive/MyDrive/Brain_Tumor_CNN_Project/dataset/Epic and CSCR hospital Dataset/Train/glioma/G_861.jpg,glioma,1
/content/drive/MyDrive/Brain_Tumor_CNN_Project/dataset/Epic and CSCR hospital Dataset/Train/notumor/N_429_DA_.jpg,notumor,0
/content/drive/MyDrive/Brain_Tumor_CNN_Project/dataset/Epic and CSCR hospital Dataset/Train/pituitary/P_797_RO_.jpg,pituitary,1
/content/drive/MyDrive/Brain_Tumor_CNN_Project/dataset/Epic and CSCR hospital Dataset/Train/glioma/gg (446).jpg,glioma,1
/content/drive/MyDrive/Brain_Tumor_CNN_Project/dataset/Epic and CSCR hospital Dataset/Train/meningioma/Te-me_0304.jpg,meningioma,1
/content/drive/MyDrive/Brain_Tumor_CNN_Project/dataset/Epic and CSCR hospital Dataset/Train/glioma/Te-gl_0167.jpg,glioma,1
/content/drive/MyDrive/Brain_Tumor_CNN_Project/dataset/Epic and CSCR hospital Dataset/Train/pituitary/Tr-pi_1216.jpg,pituitary,1
/content/drive/MyDrive/Brain_Tumor_CNN_Project/dataset/Epic and CSCR hospital Dataset/Train/notumor/N_422_RO_.jpg,notumor,0
/content/drive/MyDrive/Brain_Tumor_CNN_Project/dataset/Epic and CSCR hospital Dataset/Train/meningioma/m1(43).jpg,meningioma,1
/content/drive/MyDrive/Brain_Tumor_CNN_Project/dataset/Epic and CSCR hospital Dataset/Train/glioma/G_741_BR_.jpg,glioma,1
/content/drive/MyDrive/Brain_Tumor_CNN_Project/dataset/Epic and CSCR hospital Dataset/Train/meningioma/Tr-me_0320.jpg,meningioma,1
/content/drive/MyDrive/Brain_Tumor_CNN_Project/dataset/Epic and CSCR hospital Dataset/Train/notumor/1842.jpg,notumor,0
/content/drive/MyDrive/Brain_Tumor_CNN_Project/dataset/Epic and CSCR hospital Dataset/Train/glioma/G_853_HF_.jpg,glioma,1
/content/drive/MyDrive/Brain_Tumor_CNN_Project/dataset/Epic and CSCR hospital Dataset/Train/glioma/gg (474).jpg,glioma,1
/content/drive/MyDrive/Brain_Tumor_CNN_Project/dataset/Epic and CSCR hospital Dataset/Train/glioma/Tr-gl_0415.jpg,glioma,1
/content/drive/MyDrive/Brain_Tumor_CNN_Project/dataset/Epic and CSCR hospital Dataset/Train/pituitary/Tr-pi_1234.jpg,pituitary,1
/content/drive/MyDrive/Brain_Tumor_CNN_Project/dataset/Epic and CSCR hospital Dataset/Train/glioma/Tr-gl_0202.jpg,glioma,1
/content/drive/MyDrive/Brain_Tumor_CNN_Project/dataset/Epic and CSCR hospital Dataset/Train/pituitary/Tr-pi_0645.jpg,pituitary,1
/content/drive/MyDrive/Brain_Tumor_CNN_Project/dataset/Epic and CSCR hospital Dataset/Train/notumor/1738.jpg,notumor,0
/content/drive/MyDrive/Brain_Tumor_CNN_Project/dataset/Epic and CSCR hospital Dataset/Train/meningioma/M_877.jpg,meningioma,1
/content/drive/MyDrive/Brain_Tumor_CNN_Project/dataset/Epic and CSCR hospital Dataset/Train/glioma/G_796_RO_.jpg,glioma,1
/content/drive/MyDrive/Brain_Tumor_CNN_Project/dataset/Epic and CSCR hospital Dataset/Train/notumor/Te-no_0202.jpg,notumor,0
/content/drive/MyDrive/Brain_Tumor_CNN_Project/dataset/Epic and CSCR hospital Dataset/Train/notumor/1706.jpg,notumor,0
/content/drive/MyDrive/Brain_Tumor_CNN_Project/dataset/Epic and CSCR hospital Dataset/Train/glioma/G_766.jpg,glioma,1
/content/drive/MyDrive/Brain_Tumor_CNN_Project/dataset/Epic and CSCR hospital Dataset/Train/notumor/image(141).jpg,notumor,0
/content/drive/MyDrive/Brain_Tumor_CNN_Project/dataset/Epic and CSCR hospital Dataset/Train/notumor/N_413_RO_.jpg,notumor,0
/content/drive/MyDrive/Brain_Tumor_CNN_Project/dataset/Epic and CSCR hospital Dataset/Train/meningioma/M_824_RO_.jpg,meningioma,1
/content/drive/MyDrive/Brain_Tumor_CNN_Project/dataset/Epic and CSCR hospital Dataset/Train/meningioma/m2 (67).jpg,meningioma,1
/content/drive/MyDrive/Brain_Tumor_CNN_Project/dataset/Epic and CSCR hospital Dataset/Train/meningioma/m1(91).jpg,meningioma,1
/content/drive/MyDrive/Brain_Tumor_CNN_Project/dataset/Epic and CSCR hospital Dataset/Train/pituitary/Tr-pi_1323.jpg,pituitary,1
/content/drive/MyDrive/Brain_Tumor_CNN_Project/dataset/Epic and CSCR hospital Dataset/Train/notumor/N_419_VF_.jpg,notumor,0
/content/drive/MyDrive/Brain_Tumor_CNN_Project/dataset/Epic and CSCR hospital Dataset/Train/meningioma/M_862_DA_.jpg,meningioma,1
/content/drive/MyDrive/Brain_Tumor_CNN_Project/dataset/Epic and CSCR hospital Dataset/Train/notumor/N_37_BR_.jpg,notumor,0
/content/drive/MyDrive/Brain_Tumor_CNN_Project/dataset/Epic and CSCR hospital Dataset/Train/glioma/G_803_HF_.jpg,glioma,1
/content/drive/MyDrive/Brain_Tumor_CNN_Project/dataset/Epic and CSCR hospital Dataset/Train/meningioma/m2 (85).jpg,meningioma,1
/content/drive/MyDrive/Brain_Tumor_CNN_Project/dataset/Epic and CSCR hospital Dataset/Train/glioma/Tr-gl_0857.jpg,glioma,1
/content/drive/MyDrive/Brain_Tumor_CNN_Project/dataset/Epic and CSCR hospital Dataset/Train/glioma/G_725_HF_.jpg,glioma,1
/content/drive/MyDrive/Brain_Tumor_CNN_Project/dataset/Epic and CSCR hospital Dataset/Train/pituitary/P_728_VF_.jpg,pituitary,1
/content/drive/MyDrive/Brain_Tumor_CNN_Project/dataset/Epic and CSCR hospital Dataset/Train/glioma/gg (325).jpg,glioma,1
/content/drive/MyDrive/Brain_Tumor_CNN_Project/dataset/Epic and CSCR hospital Dataset/Train/notumor/N_375.jpg,notumor,0
/content/drive/MyDrive/Brain_Tumor_CNN_Project/dataset/Epic and CSCR hospital Dataset/Train/meningioma/Tr-me_0285.jpg,meningioma,1
/content/drive/MyDrive/Brain_Tumor_CNN_Project/dataset/Epic and CSCR hospital Dataset/Train/notumor/N_370_VF_.jpg,notumor,0
/content/drive/MyDrive/Brain_Tumor_CNN_Project/dataset/Epic and CSCR hospital Dataset/Train/glioma/gg (367).jpg,glioma,1
/content/drive/MyDrive/Brain_Tumor_CNN_Project/dataset/Epic and CSCR hospital Dataset/Train/notumor/N_396_SP_.jpg,notumor,0
/content/drive/MyDrive/Brain_Tumor_CNN_Project/dataset/Epic and CSCR hospital Dataset/Train/glioma/Tr-gl_1005.jpg,glioma,1
/content/drive/MyDrive/Brain_Tumor_CNN_Project/dataset/Epic and CSCR hospital Dataset/Train/meningioma/1316.jpg,meningioma,1
/content/drive/MyDrive/Brain_Tumor_CNN_Project/dataset/Epic and CSCR hospital Dataset/Train/meningioma/Tr-me_0988.jpg,meningioma,1
/content/drive/MyDrive/Brain_Tumor_CNN_Project/dataset/Epic and CSCR hospital Dataset/Train/notumor/Te-no_0130.jpg,notumor,0
/content/drive/MyDrive/Brain_Tumor_CNN_Project/dataset/Epic and CSCR hospital Dataset/Train/pituitary/P_743_VF_.jpg,pituitary,1
/content/drive/MyDrive/Brain_Tumor_CNN_Project/dataset/Epic and CSCR hospital Dataset/Train/glioma/Te-gl_0221.jpg,glioma,1
/content/drive/MyDrive/Brain_Tumor_CNN_Project/dataset/Epic and CSCR hospital Dataset/Train/pituitary/Tr-pi_0085.jpg,pituitary,1
/content/drive/MyDrive/Brain_Tumor_CNN_Project/dataset/Epic and CSCR hospital Dataset/Train/pituitary/Tr-pi_0603.jpg,pituitary,1
/content/drive/MyDrive/Brain_Tumor_CNN_Project/dataset/Epic and CSCR hospital Dataset/Train/glioma/Tr-gl_0924.jpg,glioma,1
/content/drive/MyDrive/Brain_Tumor_CNN_Project/dataset/Epic and CSCR hospital Dataset/Train/pituitary/Tr-pi_1320.jpg,pituitary,1
/content/drive/MyDrive/Brain_Tumor_CNN_Project/dataset/Epic and CSCR hospital Dataset/Train/glioma/G_823_RO_.jpg,glioma,1
/content/drive/MyDrive/Brain_Tumor_CNN_Project/dataset/Epic and CSCR hospital Dataset/Train/pituitary/P_789_BR_.jpg,pituitary,1
/content/drive/MyDrive/Brain_Tumor_CNN_Project/dataset/Epic and CSCR hospital Dataset/Train/meningioma/Tr-me_0179.jpg,meningioma,1
/content/drive/MyDrive/Brain_Tumor_CNN_Project/dataset/Epic and CSCR hospital Dataset/Train/meningioma/Tr-me_0381.jpg,meningioma,1
/content/drive/MyDrive/Brain_Tumor_CNN_Project/dataset/Epic and CSCR hospital Dataset/Train/pituitary/P_72_RO_.jpg,pituitary,1
/content/drive/MyDrive/Brain_Tumor_CNN_Project/dataset/Epic and CSCR hospital Dataset/Train/pituitary/Tr-pi_0622.jpg,pituitary,1
/content/drive/MyDrive/Brain_Tumor_CNN_Project/dataset/Epic and CSCR hospital Dataset/Train/glioma/Tr-gl_0382.jpg,glioma,1
/content/drive/MyDrive/Brain_Tumor_CNN_Project/dataset/Epic and CSCR hospital Dataset/Train/pituitary/P_742_BR_.jpg,pituitary,1
/content/drive/MyDrive/Brain_Tumor_CNN_Project/dataset/Epic and CSCR hospital Dataset/Train/notumor/Tr-no_0603.jpg,notumor,0
/content/drive/MyDrive/Brain_Tumor_CNN_Project/dataset/Epic and CSCR hospital Dataset/Train/glioma/Te-gl_0107.jpg,glioma,1
/content/drive/MyDrive/Brain_Tumor_CNN_Project/dataset/Epic and CSCR hospital Dataset/Train/meningioma/Tr-me_0104.jpg,meningioma,1
/content/drive/MyDrive/Brain_Tumor_CNN_Project/dataset/Epic and CSCR hospital Dataset/Train/meningioma/m2 (103).jpg,meningioma,1
/content/drive/MyDrive/Brain_Tumor_CNN_Project/dataset/Epic and CSCR hospital Dataset/Train/glioma/G_798.jpg,glioma,1
/content/drive/MyDrive/Brain_Tumor_CNN_Project/dataset/Epic and CSCR hospital Dataset/Train/glioma/G_740.jpg,glioma,1
/content/drive/MyDrive/Brain_Tumor_CNN_Project/dataset/Epic and CSCR hospital Dataset/Train/notumor/N_4_BR_.jpg,notumor,0
/content/drive/MyDrive/Brain_Tumor_CNN_Project/dataset/Epic and CSCR hospital Dataset/Train/pituitary/Tr-pi_0586.jpg,pituitary,1
/content/drive/MyDrive/Brain_Tumor_CNN_Project/dataset/Epic and CSCR hospital Dataset/Train/glioma/gg (412).jpg,glioma,1
/content/drive/MyDrive/Brain_Tumor_CNN_Project/dataset/Epic and CSCR hospital Dataset/Train/meningioma/Tr-me_0388.jpg,meningioma,1
/content/drive/MyDrive/Brain_Tumor_CNN_Project/dataset/Epic and CSCR hospital Dataset/Train/glioma/G_828_SP_.jpg,glioma,1
/content/drive/MyDrive/Brain_Tumor_CNN_Project/dataset/Epic and CSCR hospital Dataset/Train/glioma/G_868_BR_.jpg,glioma,1
/content/drive/MyDrive/Brain_Tumor_CNN_Project/dataset/Epic and CSCR hospital Dataset/Train/pituitary/Tr-pi_0254.jpg,pituitary,1
/content/drive/MyDrive/Brain_Tumor_CNN_Project/dataset/Epic and CSCR hospital Dataset/Train/pituitary/Tr-pi_0137.jpg,pituitary,1
/content/drive/MyDrive/Brain_Tumor_CNN_Project/dataset/Epic and CSCR hospital Dataset/Train/pituitary/Tr-pi_1179.jpg,pituitary,1
/content/drive/MyDrive/Brain_Tumor_CNN_Project/dataset/Epic and CSCR hospital Dataset/Train/meningioma/Tr-me_0090.jpg,meningioma,1
/content/drive/MyDrive/Brain_Tumor_CNN_Project/dataset/Epic and CSCR hospital Dataset/Train/glioma/Tr-gl_1230.jpg,glioma,1
/content/drive/MyDrive/Brain_Tumor_CNN_Project/dataset/Epic and CSCR hospital Dataset/Train/meningioma/M_864_BR_.jpg,meningioma,1
/content/drive/MyDrive/Brain_Tumor_CNN_Project/dataset/Epic and CSCR hospital Dataset/Train/pituitary/Tr-pi_0739.jpg,pituitary,1
/content/drive/MyDrive/Brain_Tumor_CNN_Project/dataset/Epic and CSCR hospital Dataset/Train/glioma/G_888_BR_.jpg,glioma,1
/content/drive/MyDrive/Brain_Tumor_CNN_Project/dataset/Epic and CSCR hospital Dataset/Train/glioma/G_727_SP_.jpg,glioma,1
/content/drive/MyDrive/Brain_Tumor_CNN_Project/dataset/Epic and CSCR hospital Dataset/Train/glioma/gg (588).jpg,glioma,1
/content/drive/MyDrive/Brain_Tumor_CNN_Project/dataset/Epic and CSCR hospital Dataset/Train/meningioma/1372.jpg,meningioma,1
/content/drive/MyDrive/Brain_Tumor_CNN_Project/dataset/Epic and CSCR hospital Dataset/Train/notumor/N_412_VF_.jpg,notumor,0
/content/drive/MyDrive/Brain_Tumor_CNN_Project/dataset/Epic and CSCR hospital Dataset/Train/pituitary/Tr-pi_0429.jpg,pituitary,1
/content/drive/MyDrive/Brain_Tumor_CNN_Project/dataset/Epic and CSCR hospital Dataset/Train/meningioma/Tr-me_0182.jpg,meningioma,1
/content/drive/MyDrive/Brain_Tumor_CNN_Project/dataset/Epic and CSCR hospital Dataset/Train/glioma/Tr-gl_0089.jpg,glioma,1
/content/drive/MyDrive/Brain_Tumor_CNN_Project/dataset/Epic and CSCR hospital Dataset/Train/notumor/Te-no_0220.jpg,notumor,0
/content/drive/MyDrive/Brain_Tumor_CNN_Project/dataset/Epic and CSCR hospital Dataset/Train/notumor/Tr-no_0486.jpg,notumor,0
/content/drive/MyDrive/Brain_Tumor_CNN_Project/dataset/Epic and CSCR hospital Dataset/Train/glioma/Tr-gl_1045.jpg,glioma,1
/content/drive/MyDrive/Brain_Tumor_CNN_Project/dataset/Epic and CSCR hospital Dataset/Train/notumor/1759.jpg,notumor,0
/content/drive/MyDrive/Brain_Tumor_CNN_Project/dataset/Epic and CSCR hospital Dataset/Train/notumor/Te-no_0189.jpg,notumor,0
/content/drive/MyDrive/Brain_Tumor_CNN_Project/dataset/Epic and CSCR hospital Dataset/Train/notumor/N_39_RO_.jpg,notumor,0
/content/drive/MyDrive/Brain_Tumor_CNN_Project/dataset/Epic and CSCR hospital Dataset/Train/glioma/Tr-gl_0335.jpg,glioma,1
/content/drive/MyDrive/Brain_Tumor_CNN_Project/dataset/Epic and CSCR hospital Dataset/Train/meningioma/Tr-me_0303.jpg,meningioma,1
/content/drive/MyDrive/Brain_Tumor_CNN_Project/dataset/Epic and CSCR hospital Dataset/Train/meningioma/Tr-me_0873.jpg,meningioma,1
/content/drive/MyDrive/Brain_Tumor_CNN_Project/dataset/Epic and CSCR hospital Dataset/Train/glioma/Tr-gl_0421.jpg,glioma,1
/content/drive/MyDrive/Brain_Tumor_CNN_Project/dataset/Epic and CSCR hospital Dataset/Train/pituitary/Tr-pi_0849.jpg,pituitary,1
/content/drive/MyDrive/Brain_Tumor_CNN_Project/dataset/Epic and CSCR hospital Dataset/Train/meningioma/Tr-me_1096.jpg,meningioma,1
/content/drive/MyDrive/Brain_Tumor_CNN_Project/dataset/Epic and CSCR hospital Dataset/Train/notumor/N_376_DA_.jpg,notumor,0
/content/drive/MyDrive/Brain_Tumor_CNN_Project/dataset/Epic and CSCR hospital Dataset/Train/pituitary/P_755_HF_.jpg,pituitary,1
/content/drive/MyDrive/Brain_Tumor_CNN_Project/dataset/Epic and CSCR hospital Dataset/Train/notumor/1855.jpg,notumor,0
/content/drive/MyDrive/Brain_Tumor_CNN_Project/dataset/Epic and CSCR hospital Dataset/Train/notumor/N_438_BR_.jpg,notumor,0
/content/drive/MyDrive/Brain_Tumor_CNN_Project/dataset/Epic and CSCR hospital Dataset/Train/meningioma/M_821_DA_.jpg,meningioma,1
/content/drive/MyDrive/Brain_Tumor_CNN_Project/dataset/Epic and CSCR hospital Dataset/Train/glioma/G_819_SP_.jpg,glioma,1
/content/drive/MyDrive/Brain_Tumor_CNN_Project/dataset/Epic and CSCR hospital Dataset/Train/meningioma/Te-me_0180.jpg,meningioma,1
/content/drive/MyDrive/Brain_Tumor_CNN_Project/dataset/Epic and CSCR hospital Dataset/Train/pituitary/P_719_HF_.jpg,pituitary,1
/content/drive/MyDrive/Brain_Tumor_CNN_Project/dataset/Epic and CSCR hospital Dataset/Train/glioma/Tr-gl_0337.jpg,glioma,1
/content/drive/MyDrive/Brain_Tumor_CNN_Project/dataset/Epic and CSCR hospital Dataset/Train/pituitary/P_838_BR_.jpg,pituitary,1
/content/drive/MyDrive/Brain_Tumor_CNN_Project/dataset/Epic and CSCR hospital Dataset/Train/notumor/N_414_SP_.jpg,notumor,0
/content/drive/MyDrive/Brain_Tumor_CNN_Project/dataset/Epic and CSCR hospital Dataset/Train/meningioma/m2 (29).jpg,meningioma,1
/content/drive/MyDrive/Brain_Tumor_CNN_Project/dataset/Epic and CSCR hospital Dataset/Train/glioma/G_727_VF_.jpg,glioma,1
/content/drive/MyDrive/Brain_Tumor_CNN_Project/dataset/Epic and CSCR hospital Dataset/Train/pituitary/Tr-pi_0433.jpg,pituitary,1
/content/drive/MyDrive/Brain_Tumor_CNN_Project/dataset/Epic and CSCR hospital Dataset/Train/notumor/Tr-no_0534.jpg,notumor,0
/content/drive/MyDrive/Brain_Tumor_CNN_Project/dataset/Epic and CSCR hospital Dataset/Train/pituitary/Tr-pi_0087.jpg,pituitary,1
/content/drive/MyDrive/Brain_Tumor_CNN_Project/dataset/Epic and CSCR hospital Dataset/Train/meningioma/M_869_RO_.jpg,meningioma,1
/content/drive/MyDrive/Brain_Tumor_CNN_Project/dataset/Epic and CSCR hospital Dataset/Train/pituitary/Tr-pi_1248.jpg,pituitary,1
/content/drive/MyDrive/Brain_Tumor_CNN_Project/dataset/Epic and CSCR hospital Dataset/Train/notumor/Te-no_0125.jpg,notumor,0
/content/drive/MyDrive/Brain_Tumor_CNN_Project/dataset/Epic and CSCR hospital Dataset/Train/meningioma/Tr-me_0805.jpg,meningioma,1
/content/drive/MyDrive/Brain_Tumor_CNN_Project/dataset/Epic and CSCR hospital Dataset/Train/meningioma/Te-me_0287.jpg,meningioma,1
/content/drive/MyDrive/Brain_Tumor_CNN_Project/dataset/Epic and CSCR hospital Dataset/Train/glioma/Tr-gl_0597.jpg,glioma,1
/content/drive/MyDrive/Brain_Tumor_CNN_Project/dataset/Epic and CSCR hospital Dataset/Train/meningioma/M_863_VF_.jpg,meningioma,1
/content/drive/MyDrive/Brain_Tumor_CNN_Project/dataset/Epic and CSCR hospital Dataset/Train/meningioma/1398.jpg,meningioma,1
/content/drive/MyDrive/Brain_Tumor_CNN_Project/dataset/Epic and CSCR hospital Dataset/Train/pituitary/Tr-pi_0239.jpg,pituitary,1
/content/drive/MyDrive/Brain_Tumor_CNN_Project/dataset/Epic and CSCR hospital Dataset/Train/meningioma/Tr-me_0478.jpg,meningioma,1
/content/drive/MyDrive/Brain_Tumor_CNN_Project/dataset/Epic and CSCR hospital Dataset/Train/glioma/Tr-gl_0911.jpg,glioma,1
/content/drive/MyDrive/Brain_Tumor_CNN_Project/dataset/Epic and CSCR hospital Dataset/Train/pituitary/P_789.jpg,pituitary,1
/content/drive/MyDrive/Brain_Tumor_CNN_Project/dataset/Epic and CSCR hospital Dataset/Train/pituitary/Te-pi_0137.jpg,pituitary,1
/content/drive/MyDrive/Brain_Tumor_CNN_Project/dataset/Epic and CSCR hospital Dataset/Train/glioma/Te-gl_0203.jpg,glioma,1
/content/drive/MyDrive/Brain_Tumor_CNN_Project/dataset/Epic and CSCR hospital Dataset/Train/meningioma/Tr-me_0191.jpg,meningioma,1
/content/drive/MyDrive/Brain_Tumor_CNN_Project/dataset/Epic and CSCR hospital Dataset/Train/glioma/Tr-gl_0136.jpg,glioma,1
/content/drive/MyDrive/Brain_Tumor_CNN_Project/dataset/Epic and CSCR hospital Dataset/Train/meningioma/m2 (111).jpg,meningioma,1
/content/drive/MyDrive/Brain_Tumor_CNN_Project/dataset/Epic and CSCR hospital Dataset/Train/meningioma/M_820_BR_.jpg,meningioma,1
/content/drive/MyDrive/Brain_Tumor_CNN_Project/dataset/Epic and CSCR hospital Dataset/Train/meningioma/Tr-me_1211.jpg,meningioma,1
/content/drive/MyDrive/Brain_Tumor_CNN_Project/dataset/Epic and CSCR hospital Dataset/Train/glioma/Tr-gl_0935.jpg,glioma,1
/content/drive/MyDrive/Brain_Tumor_CNN_Project/dataset/Epic and CSCR hospital Dataset/Train/notumor/N_49.jpg,notumor,0
/content/drive/MyDrive/Brain_Tumor_CNN_Project/dataset/Epic and CSCR hospital Dataset/Train/glioma/G_737_RO_.jpg,glioma,1
/content/drive/MyDrive/Brain_Tumor_CNN_Project/dataset/Epic and CSCR hospital Dataset/Train/glioma/G_757_BR_.jpg,glioma,1
/content/drive/MyDrive/Brain_Tumor_CNN_Project/dataset/Epic and CSCR hospital Dataset/Train/notumor/Tr-no_0402.jpg,notumor,0
/content/drive/MyDrive/Brain_Tumor_CNN_Project/dataset/Epic and CSCR hospital Dataset/Train/glioma/Tr-gl_0573.jpg,glioma,1
/content/drive/MyDrive/Brain_Tumor_CNN_Project/dataset/Epic and CSCR hospital Dataset/Train/pituitary/Tr-pi_0098.jpg,pituitary,1
/content/drive/MyDrive/Brain_Tumor_CNN_Project/dataset/Epic and CSCR hospital Dataset/Train/meningioma/Tr-me_0331.jpg,meningioma,1
/content/drive/MyDrive/Brain_Tumor_CNN_Project/dataset/Epic and CSCR hospital Dataset/Train/pituitary/Tr-pi_0562.jpg,pituitary,1
/content/drive/MyDrive/Brain_Tumor_CNN_Project/dataset/Epic and CSCR hospital Dataset/Train/glioma/Te-gl_0073.jpg,glioma,1
/content/drive/MyDrive/Brain_Tumor_CNN_Project/dataset/Epic and CSCR hospital Dataset/Train/glioma/G_752_DA_.jpg,glioma,1
/content/drive/MyDrive/Brain_Tumor_CNN_Project/dataset/Epic and CSCR hospital Dataset/Train/glioma/Te-gl_0118.jpg,glioma,1
/content/drive/MyDrive/Brain_Tumor_CNN_Project/dataset/Epic and CSCR hospital Dataset/Train/glioma/G_875_DA_.jpg,glioma,1
/content/drive/MyDrive/Brain_Tumor_CNN_Project/dataset/Epic and CSCR hospital Dataset/Train/glioma/G_835_HF_.jpg,glioma,1
/content/drive/MyDrive/Brain_Tumor_CNN_Project/dataset/Epic and CSCR hospital Dataset/Train/glioma/G_864_RO_.jpg,glioma,1
/content/drive/MyDrive/Brain_Tumor_CNN_Project/dataset/Epic and CSCR hospital Dataset/Train/notumor/Te-no_0293.jpg,notumor,0
/content/drive/MyDrive/Brain_Tumor_CNN_Project/dataset/Epic and CSCR hospital Dataset/Train/pituitary/P_80_SP_.jpg,pituitary,1
/content/drive/MyDrive/Brain_Tumor_CNN_Project/dataset/Epic and CSCR hospital Dataset/Train/glioma/Tr-gl_0264.jpg,glioma,1
/content/drive/MyDrive/Brain_Tumor_CNN_Project/dataset/Epic and CSCR hospital Dataset/Train/glioma/Tr-gl_0959.jpg,glioma,1
/content/drive/MyDrive/Brain_Tumor_CNN_Project/dataset/Epic and CSCR hospital Dataset/Train/meningioma/m1(92).jpg,meningioma,1
/content/drive/MyDrive/Brain_Tumor_CNN_Project/dataset/Epic and CSCR hospital Dataset/Train/glioma/Tr-gl_1155.jpg,glioma,1
/content/drive/MyDrive/Brain_Tumor_CNN_Project/dataset/Epic and CSCR hospital Dataset/Train/notumor/38 no.jpg,notumor,0
/content/drive/MyDrive/Brain_Tumor_CNN_Project/dataset/Epic and CSCR hospital Dataset/Train/glioma/gg (33).jpg,glioma,1
/content/drive/MyDrive/Brain_Tumor_CNN_Project/dataset/Epic and CSCR hospital Dataset/Train/pituitary/Tr-pi_1318.jpg,pituitary,1
/content/drive/MyDrive/Brain_Tumor_CNN_Project/dataset/Epic and CSCR hospital Dataset/Train/glioma/G_713_DA_.jpg,glioma,1
/content/drive/MyDrive/Brain_Tumor_CNN_Project/dataset/Epic and CSCR hospital Dataset/Train/pituitary/P_825_VF_.jpg,pituitary,1
/content/drive/MyDrive/Brain_Tumor_CNN_Project/dataset/Epic and CSCR hospital Dataset/Train/pituitary/Tr-pi_0419.jpg,pituitary,1
/content/drive/MyDrive/Brain_Tumor_CNN_Project/dataset/Epic and CSCR hospital Dataset/Train/glioma/image(79).jpg,glioma,1
/content/drive/MyDrive/Brain_Tumor_CNN_Project/dataset/Epic and CSCR hospital Dataset/Train/pituitary/Tr-pi_0995.jpg,pituitary,1
/content/drive/MyDrive/Brain_Tumor_CNN_Project/dataset/Epic and CSCR hospital Dataset/Train/pituitary/P_796_BR_.jpg,pituitary,1
/content/drive/MyDrive/Brain_Tumor_CNN_Project/dataset/Epic and CSCR hospital Dataset/Train/glioma/G_813_DA_.jpg,glioma,1
/content/drive/MyDrive/Brain_Tumor_CNN_Project/dataset/Epic and CSCR hospital Dataset/Train/notumor/1720.jpg,notumor,0
/content/drive/MyDrive/Brain_Tumor_CNN_Project/dataset/Epic and CSCR hospital Dataset/Train/glioma/Tr-gl_0578.jpg,glioma,1
/content/drive/MyDrive/Brain_Tumor_CNN_Project/dataset/Epic and CSCR hospital Dataset/Train/meningioma/Tr-me_0468.jpg,meningioma,1
/content/drive/MyDrive/Brain_Tumor_CNN_Project/dataset/Epic and CSCR hospital Dataset/Train/pituitary/P_809_DA_.jpg,pituitary,1
/content/drive/MyDrive/Brain_Tumor_CNN_Project/dataset/Epic and CSCR hospital Dataset/Train/pituitary/Tr-pi_0057.jpg,pituitary,1
/content/drive/MyDrive/Brain_Tumor_CNN_Project/dataset/Epic and CSCR hospital Dataset/Train/glioma/G_85_RO_.jpg,glioma,1
/content/drive/MyDrive/Brain_Tumor_CNN_Project/dataset/Epic and CSCR hospital Dataset/Train/notumor/N_43.jpg,notumor,0
/content/drive/MyDrive/Brain_Tumor_CNN_Project/dataset/Epic and CSCR hospital Dataset/Train/notumor/1633.jpg,notumor,0
/content/drive/MyDrive/Brain_Tumor_CNN_Project/dataset/Epic and CSCR hospital Dataset/Train/notumor/N_388_SP_.jpg,notumor,0
/content/drive/MyDrive/Brain_Tumor_CNN_Project/dataset/Epic and CSCR hospital Dataset/Train/notumor/N_415.jpg,notumor,0
/content/drive/MyDrive/Brain_Tumor_CNN_Project/dataset/Epic and CSCR hospital Dataset/Train/glioma/G_891_RO_.jpg,glioma,1
/content/drive/MyDrive/Brain_Tumor_CNN_Project/dataset/Epic and CSCR hospital Dataset/Train/meningioma/Tr-me_0858.jpg,meningioma,1
/content/drive/MyDrive/Brain_Tumor_CNN_Project/dataset/Epic and CSCR hospital Dataset/Train/pituitary/P_833_DA_.jpg,pituitary,1
/content/drive/MyDrive/Brain_Tumor_CNN_Project/dataset/Epic and CSCR hospital Dataset/Train/glioma/gg (625).jpg,glioma,1
/content/drive/MyDrive/Brain_Tumor_CNN_Project/dataset/Epic and CSCR hospital Dataset/Train/meningioma/Tr-me_0124.jpg,meningioma,1
/content/drive/MyDrive/Brain_Tumor_CNN_Project/dataset/Epic and CSCR hospital Dataset/Train/notumor/Tr-no_0398.jpg,notumor,0
/content/drive/MyDrive/Brain_Tumor_CNN_Project/dataset/Epic and CSCR hospital Dataset/Train/meningioma/Tr-me_1181.jpg,meningioma,1
/content/drive/MyDrive/Brain_Tumor_CNN_Project/dataset/Epic and CSCR hospital Dataset/Train/meningioma/Tr-me_0564.jpg,meningioma,1
/content/drive/MyDrive/Brain_Tumor_CNN_Project/dataset/Epic and CSCR hospital Dataset/Train/glioma/Tr-gl_1048.jpg,glioma,1
/content/drive/MyDrive/Brain_Tumor_CNN_Project/dataset/Epic and CSCR hospital Dataset/Train/glioma/Tr-gl_0257.jpg,glioma,1
/content/drive/MyDrive/Brain_Tumor_CNN_Project/dataset/Epic and CSCR hospital Dataset/Train/pituitary/p (517).jpg,pituitary,1
/content/drive/MyDrive/Brain_Tumor_CNN_Project/dataset/Epic and CSCR hospital Dataset/Train/notumor/Tr-no_0409.jpg,notumor,0
/content/drive/MyDrive/Brain_Tumor_CNN_Project/dataset/Epic and CSCR hospital Dataset/Train/pituitary/P_718_BR_.jpg,pituitary,1
/content/drive/MyDrive/Brain_Tumor_CNN_Project/dataset/Epic and CSCR hospital Dataset/Train/meningioma/Te-me_0284.jpg,meningioma,1
/content/drive/MyDrive/Brain_Tumor_CNN_Project/dataset/Epic and CSCR hospital Dataset/Train/meningioma/M_879_VF_.jpg,meningioma,1
/content/drive/MyDrive/Brain_Tumor_CNN_Project/dataset/Epic and CSCR hospital Dataset/Train/glioma/Te-gl_0101.jpg,glioma,1
/content/drive/MyDrive/Brain_Tumor_CNN_Project/dataset/Epic and CSCR hospital Dataset/Train/notumor/37 no.jpg,notumor,0
/content/drive/MyDrive/Brain_Tumor_CNN_Project/dataset/Epic and CSCR hospital Dataset/Train/notumor/N_403_SP_.jpg,notumor,0
/content/drive/MyDrive/Brain_Tumor_CNN_Project/dataset/Epic and CSCR hospital Dataset/Train/pituitary/P_819_BR_.jpg,pituitary,1
/content/drive/MyDrive/Brain_Tumor_CNN_Project/dataset/Epic and CSCR hospital Dataset/Train/notumor/Tr-no_0178.jpg,notumor,0
/content/drive/MyDrive/Brain_Tumor_CNN_Project/dataset/Epic and CSCR hospital Dataset/Train/glioma/gg (457).jpg,glioma,1
/content/drive/MyDrive/Brain_Tumor_CNN_Project/dataset/Epic and CSCR hospital Dataset/Train/glioma/Tr-gl_0482.jpg,glioma,1
/content/drive/MyDrive/Brain_Tumor_CNN_Project/dataset/Epic and CSCR hospital Dataset/Train/glioma/gg (385).jpg,glioma,1
/content/drive/MyDrive/Brain_Tumor_CNN_Project/dataset/Epic and CSCR hospital Dataset/Train/notumor/Tr-no_0125.jpg,notumor,0
/content/drive/MyDrive/Brain_Tumor_CNN_Project/dataset/Epic and CSCR hospital Dataset/Train/notumor/1587.jpg,notumor,0
/content/drive/MyDrive/Brain_Tumor_CNN_Project/dataset/Epic and CSCR hospital Dataset/Train/meningioma/Tr-me_0411.jpg,meningioma,1
/content/drive/MyDrive/Brain_Tumor_CNN_Project/dataset/Epic and CSCR hospital Dataset/Train/meningioma/Tr-me_1213.jpg,meningioma,1
/content/drive/MyDrive/Brain_Tumor_CNN_Project/dataset/Epic and CSCR hospital Dataset/Train/notumor/1874.jpg,notumor,0
/content/drive/MyDrive/Brain_Tumor_CNN_Project/dataset/Epic and CSCR hospital Dataset/Train/pituitary/Tr-pi_0196.jpg,pituitary,1
/content/drive/MyDrive/Brain_Tumor_CNN_Project/dataset/Epic and CSCR hospital Dataset/Train/notumor/N_426_VF_.jpg,notumor,0
/content/drive/MyDrive/Brain_Tumor_CNN_Project/dataset/Epic and CSCR hospital Dataset/Train/notumor/Tr-no_0166.jpg,notumor,0
/content/drive/MyDrive/Brain_Tumor_CNN_Project/dataset/Epic and CSCR hospital Dataset/Train/pituitary/P_739_VF_.jpg,pituitary,1
/content/drive/MyDrive/Brain_Tumor_CNN_Project/dataset/Epic and CSCR hospital Dataset/Train/meningioma/Tr-me_0987.jpg,meningioma,1
/content/drive/MyDrive/Brain_Tumor_CNN_Project/dataset/Epic and CSCR hospital Dataset/Train/notumor/Tr-no_0458.jpg,notumor,0
/content/drive/MyDrive/Brain_Tumor_CNN_Project/dataset/Epic and CSCR hospital Dataset/Train/notumor/12 no.jpg,notumor,0
/content/drive/MyDrive/Brain_Tumor_CNN_Project/dataset/Epic and CSCR hospital Dataset/Train/notumor/Te-no_0122.jpg,notumor,0
/content/drive/MyDrive/Brain_Tumor_CNN_Project/dataset/Epic and CSCR hospital Dataset/Train/pituitary/Tr-pi_0099.jpg,pituitary,1
/content/drive/MyDrive/Brain_Tumor_CNN_Project/dataset/Epic and CSCR hospital Dataset/Train/meningioma/m3 (142).jpg,meningioma,1
/content/drive/MyDrive/Brain_Tumor_CNN_Project/dataset/Epic and CSCR hospital Dataset/Train/notumor/Te-no_0088.jpg,notumor,0
/content/drive/MyDrive/Brain_Tumor_CNN_Project/dataset/Epic and CSCR hospital Dataset/Train/pituitary/p (485).jpg,pituitary,1
/content/drive/MyDrive/Brain_Tumor_CNN_Project/dataset/Epic and CSCR hospital Dataset/Train/notumor/N_382_RO_.jpg,notumor,0
/content/drive/MyDrive/Brain_Tumor_CNN_Project/dataset/Epic and CSCR hospital Dataset/Train/meningioma/Tr-me_0159.jpg,meningioma,1
/content/drive/MyDrive/Brain_Tumor_CNN_Project/dataset/Epic and CSCR hospital Dataset/Train/glioma/G_821_RO_.jpg,glioma,1
/content/drive/MyDrive/Brain_Tumor_CNN_Project/dataset/Epic and CSCR hospital Dataset/Train/notumor/N_37_SP_.jpg,notumor,0
/content/drive/MyDrive/Brain_Tumor_CNN_Project/dataset/Epic and CSCR hospital Dataset/Train/meningioma/Te-me_0179.jpg,meningioma,1
/content/drive/MyDrive/Brain_Tumor_CNN_Project/dataset/Epic and CSCR hospital Dataset/Train/pituitary/Tr-pi_0799.jpg,pituitary,1
/content/drive/MyDrive/Brain_Tumor_CNN_Project/dataset/Epic and CSCR hospital Dataset/Train/meningioma/Te-me_0226.jpg,meningioma,1
/content/drive/MyDrive/Brain_Tumor_CNN_Project/dataset/Epic and CSCR hospital Dataset/Train/glioma/G_887_RO_.jpg,glioma,1
/content/drive/MyDrive/Brain_Tumor_CNN_Project/dataset/Epic and CSCR hospital Dataset/Train/pituitary/P_812_RO_.jpg,pituitary,1
/content/drive/MyDrive/Brain_Tumor_CNN_Project/dataset/Epic and CSCR hospital Dataset/Train/notumor/N_52_DA_.jpg,notumor,0
/content/drive/MyDrive/Brain_Tumor_CNN_Project/dataset/Epic and CSCR hospital Dataset/Train/pituitary/Te-pi_0144.jpg,pituitary,1
/content/drive/MyDrive/Brain_Tumor_CNN_Project/dataset/Epic and CSCR hospital Dataset/Train/meningioma/Tr-me_0430.jpg,meningioma,1
/content/drive/MyDrive/Brain_Tumor_CNN_Project/dataset/Epic and CSCR hospital Dataset/Train/notumor/Tr-no_0581.jpg,notumor,0
/content/drive/MyDrive/Brain_Tumor_CNN_Project/dataset/Epic and CSCR hospital Dataset/Train/glioma/G_868_VF_.jpg,glioma,1
/content/drive/MyDrive/Brain_Tumor_CNN_Project/dataset/Epic and CSCR hospital Dataset/Train/glioma/G_710.jpg,glioma,1
/content/drive/MyDrive/Brain_Tumor_CNN_Project/dataset/Epic and CSCR hospital Dataset/Train/meningioma/Tr-me_1067.jpg,meningioma,1
/content/drive/MyDrive/Brain_Tumor_CNN_Project/dataset/Epic and CSCR hospital Dataset/Train/notumor/Tr-no_0072.jpg,notumor,0
/content/drive/MyDrive/Brain_Tumor_CNN_Project/dataset/Epic and CSCR hospital Dataset/Train/glioma/Tr-gl_0527.jpg,glioma,1
/content/drive/MyDrive/Brain_Tumor_CNN_Project/dataset/Epic and CSCR hospital Dataset/Train/notumor/Tr-no_0259.jpg,notumor,0
/content/drive/MyDrive/Brain_Tumor_CNN_Project/dataset/Epic and CSCR hospital Dataset/Train/glioma/G_851_SP_.jpg,glioma,1
/content/drive/MyDrive/Brain_Tumor_CNN_Project/dataset/Epic and CSCR hospital Dataset/Train/pituitary/P_724_BR_.jpg,pituitary,1
/content/drive/MyDrive/Brain_Tumor_CNN_Project/dataset/Epic and CSCR hospital Dataset/Train/notumor/Tr-no_0359.jpg,notumor,0
/content/drive/MyDrive/Brain_Tumor_CNN_Project/dataset/Epic and CSCR hospital Dataset/Train/notumor/Tr-no_0318.jpg,notumor,0
/content/drive/MyDrive/Brain_Tumor_CNN_Project/dataset/Epic and CSCR hospital Dataset/Train/glioma/gg (342).jpg,glioma,1
/content/drive/MyDrive/Brain_Tumor_CNN_Project/dataset/Epic and CSCR hospital Dataset/Train/pituitary/P_736.jpg,pituitary,1
/content/drive/MyDrive/Brain_Tumor_CNN_Project/dataset/Epic and CSCR hospital Dataset/Train/notumor/1789.jpg,notumor,0
/content/drive/MyDrive/Brain_Tumor_CNN_Project/dataset/Epic and CSCR hospital Dataset/Train/pituitary/P_716_RO_.jpg,pituitary,1
/content/drive/MyDrive/Brain_Tumor_CNN_Project/dataset/Epic and CSCR hospital Dataset/Train/glioma/gg (496).jpg,glioma,1
/content/drive/MyDrive/Brain_Tumor_CNN_Project/dataset/Epic and CSCR hospital Dataset/Train/notumor/N_419_SP_.jpg,notumor,0
/content/drive/MyDrive/Brain_Tumor_CNN_Project/dataset/Epic and CSCR hospital Dataset/Train/pituitary/Tr-pi_0402.jpg,pituitary,1
/content/drive/MyDrive/Brain_Tumor_CNN_Project/dataset/Epic and CSCR hospital Dataset/Train/notumor/Tr-no_0577.jpg,notumor,0
/content/drive/MyDrive/Brain_Tumor_CNN_Project/dataset/Epic and CSCR hospital Dataset/Train/notumor/N_401_SP_.jpg,notumor,0
/content/drive/MyDrive/Brain_Tumor_CNN_Project/dataset/Epic and CSCR hospital Dataset/Train/meningioma/Tr-me_0210.jpg,meningioma,1
/content/drive/MyDrive/Brain_Tumor_CNN_Project/dataset/Epic and CSCR hospital Dataset/Train/glioma/Tr-gl_0227.jpg,glioma,1
/content/drive/MyDrive/Brain_Tumor_CNN_Project/dataset/Epic and CSCR hospital Dataset/Train/glioma/Te-gl_0090.jpg,glioma,1
/content/drive/MyDrive/Brain_Tumor_CNN_Project/dataset/Epic and CSCR hospital Dataset/Train/glioma/G_829.jpg,glioma,1
/content/drive/MyDrive/Brain_Tumor_CNN_Project/dataset/Epic and CSCR hospital Dataset/Train/glioma/gg (365).jpg,glioma,1
/content/drive/MyDrive/Brain_Tumor_CNN_Project/dataset/Epic and CSCR hospital Dataset/Train/notumor/Tr-no_0392.jpg,notumor,0
/content/drive/MyDrive/Brain_Tumor_CNN_Project/dataset/Epic and CSCR hospital Dataset/Train/pituitary/Tr-pi_1397.jpg,pituitary,1
/content/drive/MyDrive/Brain_Tumor_CNN_Project/dataset/Epic and CSCR hospital Dataset/Train/pituitary/P_81_BR_.jpg,pituitary,1
/content/drive/MyDrive/Brain_Tumor_CNN_Project/dataset/Epic and CSCR hospital Dataset/Train/notumor/Tr-no_0417.jpg,notumor,0
/content/drive/MyDrive/Brain_Tumor_CNN_Project/dataset/Epic and CSCR hospital Dataset/Train/pituitary/P_722_SP_.jpg,pituitary,1
/content/drive/MyDrive/Brain_Tumor_CNN_Project/dataset/Epic and CSCR hospital Dataset/Train/meningioma/M_877_BR_.jpg,meningioma,1
/content/drive/MyDrive/Brain_Tumor_CNN_Project/dataset/Epic and CSCR hospital Dataset/Train/meningioma/m2 (99).jpg,meningioma,1
/content/drive/MyDrive/Brain_Tumor_CNN_Project/dataset/Epic and CSCR hospital Dataset/Train/notumor/N_391_SP_.jpg,notumor,0
/content/drive/MyDrive/Brain_Tumor_CNN_Project/dataset/Epic and CSCR hospital Dataset/Train/pituitary/Tr-pi_1066.jpg,pituitary,1
/content/drive/MyDrive/Brain_Tumor_CNN_Project/dataset/Epic and CSCR hospital Dataset/Train/pituitary/P_801_BR_.jpg,pituitary,1
/content/drive/MyDrive/Brain_Tumor_CNN_Project/dataset/Epic and CSCR hospital Dataset/Train/glioma/Te-gl_0257.jpg,glioma,1
/content/drive/MyDrive/Brain_Tumor_CNN_Project/dataset/Epic and CSCR hospital Dataset/Train/pituitary/P_814_SP_.jpg,pituitary,1
/content/drive/MyDrive/Brain_Tumor_CNN_Project/dataset/Epic and CSCR hospital Dataset/Train/pituitary/P_726_BR_.jpg,pituitary,1
/content/drive/MyDrive/Brain_Tumor_CNN_Project/dataset/Epic and CSCR hospital Dataset/Train/meningioma/M_831_DA_.jpg,meningioma,1
/content/drive/MyDrive/Brain_Tumor_CNN_Project/dataset/Epic and CSCR hospital Dataset/Train/notumor/Te-no_0074.jpg,notumor,0
/content/drive/MyDrive/Brain_Tumor_CNN_Project/dataset/Epic and CSCR hospital Dataset/Train/pituitary/Tr-pi_0685.jpg,pituitary,1
/content/drive/MyDrive/Brain_Tumor_CNN_Project/dataset/Epic and CSCR hospital Dataset/Train/glioma/G_864_HF_.jpg,glioma,1
/content/drive/MyDrive/Brain_Tumor_CNN_Project/dataset/Epic and CSCR hospital Dataset/Train/notumor/1685.jpg,notumor,0
/content/drive/MyDrive/Brain_Tumor_CNN_Project/dataset/Epic and CSCR hospital Dataset/Train/meningioma/Tr-me_0544.jpg,meningioma,1
/content/drive/MyDrive/Brain_Tumor_CNN_Project/dataset/Epic and CSCR hospital Dataset/Train/glioma/Te-gl_0289.jpg,glioma,1
/content/drive/MyDrive/Brain_Tumor_CNN_Project/dataset/Epic and CSCR hospital Dataset/Train/notumor/Te-no_0225.jpg,notumor,0
/content/drive/MyDrive/Brain_Tumor_CNN_Project/dataset/Epic and CSCR hospital Dataset/Train/glioma/Tr-gl_0193.jpg,glioma,1
/content/drive/MyDrive/Brain_Tumor_CNN_Project/dataset/Epic and CSCR hospital Dataset/Train/meningioma/M_879_DA_.jpg,meningioma,1
/content/drive/MyDrive/Brain_Tumor_CNN_Project/dataset/Epic and CSCR hospital Dataset/Train/meningioma/Tr-me_1066.jpg,meningioma,1
/content/drive/MyDrive/Brain_Tumor_CNN_Project/dataset/Epic and CSCR hospital Dataset/Train/notumor/N21.jpg,notumor,0
/content/drive/MyDrive/Brain_Tumor_CNN_Project/dataset/Epic and CSCR hospital Dataset/Train/pituitary/Tr-pi_0511.jpg,pituitary,1
/content/drive/MyDrive/Brain_Tumor_CNN_Project/dataset/Epic and CSCR hospital Dataset/Train/glioma/Tr-gl_0327.jpg,glioma,1
/content/drive/MyDrive/Brain_Tumor_CNN_Project/dataset/Epic and CSCR hospital Dataset/Train/glioma/G_870_RO_.jpg,glioma,1
/content/drive/MyDrive/Brain_Tumor_CNN_Project/dataset/Epic and CSCR hospital Dataset/Train/glioma/G_769_SP_.jpg,glioma,1
/content/drive/MyDrive/Brain_Tumor_CNN_Project/dataset/Epic and CSCR hospital Dataset/Train/glioma/G_756_BR_.jpg,glioma,1
/content/drive/MyDrive/Brain_Tumor_CNN_Project/dataset/Epic and CSCR hospital Dataset/Train/glioma/gg (552).jpg,glioma,1
/content/drive/MyDrive/Brain_Tumor_CNN_Project/dataset/Epic and CSCR hospital Dataset/Train/pituitary/P_79_RO_.jpg,pituitary,1
/content/drive/MyDrive/Brain_Tumor_CNN_Project/dataset/Epic and CSCR hospital Dataset/Train/glioma/gg (629).jpg,glioma,1
/content/drive/MyDrive/Brain_Tumor_CNN_Project/dataset/Epic and CSCR hospital Dataset/Train/glioma/Te-gl_0245.jpg,glioma,1
/content/drive/MyDrive/Brain_Tumor_CNN_Project/dataset/Epic and CSCR hospital Dataset/Train/pituitary/Tr-pi_0164.jpg,pituitary,1
/content/drive/MyDrive/Brain_Tumor_CNN_Project/dataset/Epic and CSCR hospital Dataset/Train/notumor/N_398_RO_.jpg,notumor,0
/content/drive/MyDrive/Brain_Tumor_CNN_Project/dataset/Epic and CSCR hospital Dataset/Train/pituitary/P_711_BR_.jpg,pituitary,1
/content/drive/MyDrive/Brain_Tumor_CNN_Project/dataset/Epic and CSCR hospital Dataset/Train/pituitary/P_739_DA_.jpg,pituitary,1
/content/drive/MyDrive/Brain_Tumor_CNN_Project/dataset/Epic and CSCR hospital Dataset/Train/notumor/N_379_BR_.jpg,notumor,0
/content/drive/MyDrive/Brain_Tumor_CNN_Project/dataset/Epic and CSCR hospital Dataset/Train/notumor/Tr-no_0400.jpg,notumor,0
/content/drive/MyDrive/Brain_Tumor_CNN_Project/dataset/Epic and CSCR hospital Dataset/Train/pituitary/P_727_SP_.jpg,pituitary,1
/content/drive/MyDrive/Brain_Tumor_CNN_Project/dataset/Epic and CSCR hospital Dataset/Train/meningioma/M_838_HF_.jpg,meningioma,1
/content/drive/MyDrive/Brain_Tumor_CNN_Project/dataset/Epic and CSCR hospital Dataset/Train/pituitary/Tr-pi_1133.jpg,pituitary,1
/content/drive/MyDrive/Brain_Tumor_CNN_Project/dataset/Epic and CSCR hospital Dataset/Train/meningioma/Te-me_0092.jpg,meningioma,1
/content/drive/MyDrive/Brain_Tumor_CNN_Project/dataset/Epic and CSCR hospital Dataset/Train/glioma/Tr-gl_0362.jpg,glioma,1
/content/drive/MyDrive/Brain_Tumor_CNN_Project/dataset/Epic and CSCR hospital Dataset/Train/meningioma/M_867_SP_.jpg,meningioma,1
/content/drive/MyDrive/Brain_Tumor_CNN_Project/dataset/Epic and CSCR hospital Dataset/Train/pituitary/Tr-pi_1265.jpg,pituitary,1
/content/drive/MyDrive/Brain_Tumor_CNN_Project/dataset/Epic and CSCR hospital Dataset/Train/meningioma/M_833.jpg,meningioma,1
/content/drive/MyDrive/Brain_Tumor_CNN_Project/dataset/Epic and CSCR hospital Dataset/Train/glioma/gg (331).jpg,glioma,1
/content/drive/MyDrive/Brain_Tumor_CNN_Project/dataset/Epic and CSCR hospital Dataset/Train/pituitary/P_833_HF_.jpg,pituitary,1
/content/drive/MyDrive/Brain_Tumor_CNN_Project/dataset/Epic and CSCR hospital Dataset/Train/meningioma/Tr-me_0032.jpg,meningioma,1
/content/drive/MyDrive/Brain_Tumor_CNN_Project/dataset/Epic and CSCR hospital Dataset/Train/pituitary/Tr-pi_0358.jpg,pituitary,1
/content/drive/MyDrive/Brain_Tumor_CNN_Project/dataset/Epic and CSCR hospital Dataset/Train/meningioma/Tr-me_1147.jpg,meningioma,1
/content/drive/MyDrive/Brain_Tumor_CNN_Project/dataset/Epic and CSCR hospital Dataset/Train/meningioma/Tr-me_0849.jpg,meningioma,1
/content/drive/MyDrive/Brain_Tumor_CNN_Project/dataset/Epic and CSCR hospital Dataset/Train/notumor/image(189).jpg,notumor,0
/content/drive/MyDrive/Brain_Tumor_CNN_Project/dataset/Epic and CSCR hospital Dataset/Train/meningioma/Tr-me_1071.jpg,meningioma,1
/content/drive/MyDrive/Brain_Tumor_CNN_Project/dataset/Epic and CSCR hospital Dataset/Train/glioma/G_869_VF_.jpg,glioma,1
/content/drive/MyDrive/Brain_Tumor_CNN_Project/dataset/Epic and CSCR hospital Dataset/Train/glioma/Tr-gl_0285.jpg,glioma,1
/content/drive/MyDrive/Brain_Tumor_CNN_Project/dataset/Epic and CSCR hospital Dataset/Train/pituitary/P_716_BR_.jpg,pituitary,1
/content/drive/MyDrive/Brain_Tumor_CNN_Project/dataset/Epic and CSCR hospital Dataset/Train/meningioma/Tr-me_0073.jpg,meningioma,1
/content/drive/MyDrive/Brain_Tumor_CNN_Project/dataset/Epic and CSCR hospital Dataset/Train/glioma/gg (672).jpg,glioma,1
/content/drive/MyDrive/Brain_Tumor_CNN_Project/dataset/Epic and CSCR hospital Dataset/Train/notumor/Tr-no_0285.jpg,notumor,0
/content/drive/MyDrive/Brain_Tumor_CNN_Project/dataset/Epic and CSCR hospital Dataset/Train/pituitary/P_756_SP_.jpg,pituitary,1
/content/drive/MyDrive/Brain_Tumor_CNN_Project/dataset/Epic and CSCR hospital Dataset/Train/pituitary/Tr-pi_0510.jpg,pituitary,1
/content/drive/MyDrive/Brain_Tumor_CNN_Project/dataset/Epic and CSCR hospital Dataset/Train/notumor/Tr-no_0174.jpg,notumor,0
/content/drive/MyDrive/Brain_Tumor_CNN_Project/dataset/Epic and CSCR hospital Dataset/Train/pituitary/Tr-pi_0235.jpg,pituitary,1
/content/drive/MyDrive/Brain_Tumor_CNN_Project/dataset/Epic and CSCR hospital Dataset/Train/notumor/N_382.jpg,notumor,0
/content/drive/MyDrive/Brain_Tumor_CNN_Project/dataset/Epic and CSCR hospital Dataset/Train/notumor/N_396_VF_.jpg,notumor,0
/content/drive/MyDrive/Brain_Tumor_CNN_Project/dataset/Epic and CSCR hospital Dataset/Train/pituitary/Tr-pi_0086.jpg,pituitary,1
/content/drive/MyDrive/Brain_Tumor_CNN_Project/dataset/Epic and CSCR hospital Dataset/Train/pituitary/Tr-pi_0244.jpg,pituitary,1
/content/drive/MyDrive/Brain_Tumor_CNN_Project/dataset/Epic and CSCR hospital Dataset/Train/pituitary/P_736_RO_.jpg,pituitary,1
/content/drive/MyDrive/Brain_Tumor_CNN_Project/dataset/Epic and CSCR hospital Dataset/Train/glioma/image(26).jpg,glioma,1
/content/drive/MyDrive/Brain_Tumor_CNN_Project/dataset/Epic and CSCR hospital Dataset/Train/glioma/Tr-gl_0246.jpg,glioma,1
/content/drive/MyDrive/Brain_Tumor_CNN_Project/dataset/Epic and CSCR hospital Dataset/Train/meningioma/Tr-me_0469.jpg,meningioma,1
/content/drive/MyDrive/Brain_Tumor_CNN_Project/dataset/Epic and CSCR hospital Dataset/Train/notumor/1778.jpg,notumor,0
/content/drive/MyDrive/Brain_Tumor_CNN_Project/dataset/Epic and CSCR hospital Dataset/Train/pituitary/Tr-pi_0635.jpg,pituitary,1
/content/drive/MyDrive/Brain_Tumor_CNN_Project/dataset/Epic and CSCR hospital Dataset/Train/glioma/Tr-gl_0368.jpg,glioma,1
/content/drive/MyDrive/Brain_Tumor_CNN_Project/dataset/Epic and CSCR hospital Dataset/Train/glioma/G_846_RO_.jpg,glioma,1
/content/drive/MyDrive/Brain_Tumor_CNN_Project/dataset/Epic and CSCR hospital Dataset/Train/meningioma/m3 (16).jpg,meningioma,1
/content/drive/MyDrive/Brain_Tumor_CNN_Project/dataset/Epic and CSCR hospital Dataset/Train/glioma/Tr-gl_0969.jpg,glioma,1
/content/drive/MyDrive/Brain_Tumor_CNN_Project/dataset/Epic and CSCR hospital Dataset/Train/glioma/Tr-gl_0598.jpg,glioma,1
/content/drive/MyDrive/Brain_Tumor_CNN_Project/dataset/Epic and CSCR hospital Dataset/Train/notumor/Tr-no_0476.jpg,notumor,0
/content/drive/MyDrive/Brain_Tumor_CNN_Project/dataset/Epic and CSCR hospital Dataset/Train/glioma/G_822_BR_.jpg,glioma,1
/content/drive/MyDrive/Brain_Tumor_CNN_Project/dataset/Epic and CSCR hospital Dataset/Train/pituitary/P_777_HF_.jpg,pituitary,1
/content/drive/MyDrive/Brain_Tumor_CNN_Project/dataset/Epic and CSCR hospital Dataset/Train/pituitary/Tr-pi_0301.jpg,pituitary,1
/content/drive/MyDrive/Brain_Tumor_CNN_Project/dataset/Epic and CSCR hospital Dataset/Train/notumor/Tr-no_0516.jpg,notumor,0
/content/drive/MyDrive/Brain_Tumor_CNN_Project/dataset/Epic and CSCR hospital Dataset/Train/notumor/N_50_RO_.jpg,notumor,0
/content/drive/MyDrive/Brain_Tumor_CNN_Project/dataset/Epic and CSCR hospital Dataset/Train/notumor/N_46_SP_.jpg,notumor,0
/content/drive/MyDrive/Brain_Tumor_CNN_Project/dataset/Epic and CSCR hospital Dataset/Train/glioma/Tr-gl_0030.jpg,glioma,1
/content/drive/MyDrive/Brain_Tumor_CNN_Project/dataset/Epic and CSCR hospital Dataset/Train/meningioma/m2 (34).jpg,meningioma,1
/content/drive/MyDrive/Brain_Tumor_CNN_Project/dataset/Epic and CSCR hospital Dataset/Train/glioma/gg (452).jpg,glioma,1
/content/drive/MyDrive/Brain_Tumor_CNN_Project/dataset/Epic and CSCR hospital Dataset/Train/notumor/Tr-no_0413.jpg,notumor,0
/content/drive/MyDrive/Brain_Tumor_CNN_Project/dataset/Epic and CSCR hospital Dataset/Train/pituitary/P_805.jpg,pituitary,1
/content/drive/MyDrive/Brain_Tumor_CNN_Project/dataset/Epic and CSCR hospital Dataset/Train/pituitary/Tr-pi_0560.jpg,pituitary,1
/content/drive/MyDrive/Brain_Tumor_CNN_Project/dataset/Epic and CSCR hospital Dataset/Train/meningioma/Tr-me_1125.jpg,meningioma,1
/content/drive/MyDrive/Brain_Tumor_CNN_Project/dataset/Epic and CSCR hospital Dataset/Train/meningioma/Tr-me_1238.jpg,meningioma,1
/content/drive/MyDrive/Brain_Tumor_CNN_Project/dataset/Epic and CSCR hospital Dataset/Train/meningioma/m2 (175).jpg,meningioma,1
/content/drive/MyDrive/Brain_Tumor_CNN_Project/dataset/Epic and CSCR hospital Dataset/Train/meningioma/Te-me_0091.jpg,meningioma,1
/content/drive/MyDrive/Brain_Tumor_CNN_Project/dataset/Epic and CSCR hospital Dataset/Train/meningioma/Tr-me_0212.jpg,meningioma,1
/content/drive/MyDrive/Brain_Tumor_CNN_Project/dataset/Epic and CSCR hospital Dataset/Train/pituitary/Tr-pi_0753.jpg,pituitary,1
/content/drive/MyDrive/Brain_Tumor_CNN_Project/dataset/Epic and CSCR hospital Dataset/Train/pituitary/Tr-pi_0615.jpg,pituitary,1
/content/drive/MyDrive/Brain_Tumor_CNN_Project/dataset/Epic and CSCR hospital Dataset/Train/meningioma/M_871.jpg,meningioma,1
/content/drive/MyDrive/Brain_Tumor_CNN_Project/dataset/Epic and CSCR hospital Dataset/Train/notumor/Tr-no_0403.jpg,notumor,0
/content/drive/MyDrive/Brain_Tumor_CNN_Project/dataset/Epic and CSCR hospital Dataset/Train/notumor/Te-no_0258.jpg,notumor,0
/content/drive/MyDrive/Brain_Tumor_CNN_Project/dataset/Epic and CSCR hospital Dataset/Train/pituitary/Tr-pi_0260.jpg,pituitary,1
/content/drive/MyDrive/Brain_Tumor_CNN_Project/dataset/Epic and CSCR hospital Dataset/Train/glioma/G_786_BR_.jpg,glioma,1
/content/drive/MyDrive/Brain_Tumor_CNN_Project/dataset/Epic and CSCR hospital Dataset/Train/meningioma/m2 (174).jpg,meningioma,1
/content/drive/MyDrive/Brain_Tumor_CNN_Project/dataset/Epic and CSCR hospital Dataset/Train/meningioma/M_825_HF_.jpg,meningioma,1
/content/drive/MyDrive/Brain_Tumor_CNN_Project/dataset/Epic and CSCR hospital Dataset/Train/notumor/Te-no_0239.jpg,notumor,0
/content/drive/MyDrive/Brain_Tumor_CNN_Project/dataset/Epic and CSCR hospital Dataset/Train/notumor/Tr-no_0594.jpg,notumor,0
/content/drive/MyDrive/Brain_Tumor_CNN_Project/dataset/Epic and CSCR hospital Dataset/Train/notumor/N_408_BR_.jpg,notumor,0
/content/drive/MyDrive/Brain_Tumor_CNN_Project/dataset/Epic and CSCR hospital Dataset/Train/glioma/G_873_VF_.jpg,glioma,1
/content/drive/MyDrive/Brain_Tumor_CNN_Project/dataset/Epic and CSCR hospital Dataset/Train/meningioma/Tr-me_1098.jpg,meningioma,1
/content/drive/MyDrive/Brain_Tumor_CNN_Project/dataset/Epic and CSCR hospital Dataset/Train/meningioma/Tr-me_1055.jpg,meningioma,1
/content/drive/MyDrive/Brain_Tumor_CNN_Project/dataset/Epic and CSCR hospital Dataset/Train/glioma/Tr-gl_0092.jpg,glioma,1
/content/drive/MyDrive/Brain_Tumor_CNN_Project/dataset/Epic and CSCR hospital Dataset/Train/meningioma/Tr-me_0098.jpg,meningioma,1
/content/drive/MyDrive/Brain_Tumor_CNN_Project/dataset/Epic and CSCR hospital Dataset/Train/glioma/G_823_HF_.jpg,glioma,1
/content/drive/MyDrive/Brain_Tumor_CNN_Project/dataset/Epic and CSCR hospital Dataset/Train/glioma/G_783.jpg,glioma,1
/content/drive/MyDrive/Brain_Tumor_CNN_Project/dataset/Epic and CSCR hospital Dataset/Train/glioma/Tr-gl_0957.jpg,glioma,1
/content/drive/MyDrive/Brain_Tumor_CNN_Project/dataset/Epic and CSCR hospital Dataset/Train/notumor/N_428.jpg,notumor,0
/content/drive/MyDrive/Brain_Tumor_CNN_Project/dataset/Epic and CSCR hospital Dataset/Train/notumor/N_394_HF_.jpg,notumor,0
/content/drive/MyDrive/Brain_Tumor_CNN_Project/dataset/Epic and CSCR hospital Dataset/Train/meningioma/M_881.jpg,meningioma,1
/content/drive/MyDrive/Brain_Tumor_CNN_Project/dataset/Epic and CSCR hospital Dataset/Train/glioma/G_748.jpg,glioma,1
/content/drive/MyDrive/Brain_Tumor_CNN_Project/dataset/Epic and CSCR hospital Dataset/Train/glioma/G_737_BR_.jpg,glioma,1
/content/drive/MyDrive/Brain_Tumor_CNN_Project/dataset/Epic and CSCR hospital Dataset/Train/glioma/gg (402).jpg,glioma,1
/content/drive/MyDrive/Brain_Tumor_CNN_Project/dataset/Epic and CSCR hospital Dataset/Train/notumor/N_417_SP_.jpg,notumor,0
/content/drive/MyDrive/Brain_Tumor_CNN_Project/dataset/Epic and CSCR hospital Dataset/Train/pituitary/Te-pi_0027.jpg,pituitary,1
/content/drive/MyDrive/Brain_Tumor_CNN_Project/dataset/Epic and CSCR hospital Dataset/Train/notumor/Tr-no_0209.jpg,notumor,0
/content/drive/MyDrive/Brain_Tumor_CNN_Project/dataset/Epic and CSCR hospital Dataset/Train/meningioma/M_843.jpg,meningioma,1
/content/drive/MyDrive/Brain_Tumor_CNN_Project/dataset/Epic and CSCR hospital Dataset/Train/notumor/N_400_SP_.jpg,notumor,0
/content/drive/MyDrive/Brain_Tumor_CNN_Project/dataset/Epic and CSCR hospital Dataset/Train/notumor/Te-no_0201.jpg,notumor,0
/content/drive/MyDrive/Brain_Tumor_CNN_Project/dataset/Epic and CSCR hospital Dataset/Train/pituitary/P_807_RO_.jpg,pituitary,1
/content/drive/MyDrive/Brain_Tumor_CNN_Project/dataset/Epic and CSCR hospital Dataset/Train/glioma/G_813_VF_.jpg,glioma,1
/content/drive/MyDrive/Brain_Tumor_CNN_Project/dataset/Epic and CSCR hospital Dataset/Train/meningioma/M_836_RO_.jpg,meningioma,1
/content/drive/MyDrive/Brain_Tumor_CNN_Project/dataset/Epic and CSCR hospital Dataset/Train/pituitary/Tr-pi_0428.jpg,pituitary,1
/content/drive/MyDrive/Brain_Tumor_CNN_Project/dataset/Epic and CSCR hospital Dataset/Train/notumor/N_368.jpg,notumor,0
/content/drive/MyDrive/Brain_Tumor_CNN_Project/dataset/Epic and CSCR hospital Dataset/Train/meningioma/M_883_HF_.jpg,meningioma,1
/content/drive/MyDrive/Brain_Tumor_CNN_Project/dataset/Epic and CSCR hospital Dataset/Train/pituitary/Tr-pi_0690.jpg,pituitary,1
/content/drive/MyDrive/Brain_Tumor_CNN_Project/dataset/Epic and CSCR hospital Dataset/Train/pituitary/Tr-pi_0564.jpg,pituitary,1
/content/drive/MyDrive/Brain_Tumor_CNN_Project/dataset/Epic and CSCR hospital Dataset/Train/meningioma/Tr-me_1029.jpg,meningioma,1
/content/drive/MyDrive/Brain_Tumor_CNN_Project/dataset/Epic and CSCR hospital Dataset/Train/notumor/N_38_HF_.jpg,notumor,0
/content/drive/MyDrive/Brain_Tumor_CNN_Project/dataset/Epic and CSCR hospital Dataset/Train/meningioma/Te-me_0090.jpg,meningioma,1
/content/drive/MyDrive/Brain_Tumor_CNN_Project/dataset/Epic and CSCR hospital Dataset/Train/glioma/G_707.jpg,glioma,1
/content/drive/MyDrive/Brain_Tumor_CNN_Project/dataset/Epic and CSCR hospital Dataset/Train/glioma/G_862.jpg,glioma,1
/content/drive/MyDrive/Brain_Tumor_CNN_Project/dataset/Epic and CSCR hospital Dataset/Train/pituitary/Tr-pi_1395.jpg,pituitary,1
/content/drive/MyDrive/Brain_Tumor_CNN_Project/dataset/Epic and CSCR hospital Dataset/Train/pituitary/Tr-pi_0442.jpg,pituitary,1
/content/drive/MyDrive/Brain_Tumor_CNN_Project/dataset/Epic and CSCR hospital Dataset/Train/meningioma/Tr-me_0818.jpg,meningioma,1
/content/drive/MyDrive/Brain_Tumor_CNN_Project/dataset/Epic and CSCR hospital Dataset/Train/pituitary/P_778_HF_.jpg,pituitary,1
/content/drive/MyDrive/Brain_Tumor_CNN_Project/dataset/Epic and CSCR hospital Dataset/Train/pituitary/1182.jpg,pituitary,1
/content/drive/MyDrive/Brain_Tumor_CNN_Project/dataset/Epic and CSCR hospital Dataset/Train/pituitary/P_793_HF_.jpg,pituitary,1
/content/drive/MyDrive/Brain_Tumor_CNN_Project/dataset/Epic and CSCR hospital Dataset/Train/pituitary/Tr-pi_0246.jpg,pituitary,1
/content/drive/MyDrive/Brain_Tumor_CNN_Project/dataset/Epic and CSCR hospital Dataset/Train/notumor/N_427_DA_.jpg,notumor,0
/content/drive/MyDrive/Brain_Tumor_CNN_Project/dataset/Epic and CSCR hospital Dataset/Train/glioma/Tr-gl_1088.jpg,glioma,1
/content/drive/MyDrive/Brain_Tumor_CNN_Project/dataset/Epic and CSCR hospital Dataset/Train/meningioma/Tr-me_1016.jpg,meningioma,1
/content/drive/MyDrive/Brain_Tumor_CNN_Project/dataset/Epic and CSCR hospital Dataset/Train/notumor/1688.jpg,notumor,0
/content/drive/MyDrive/Brain_Tumor_CNN_Project/dataset/Epic and CSCR hospital Dataset/Train/glioma/Tr-gl_1011.jpg,glioma,1
/content/drive/MyDrive/Brain_Tumor_CNN_Project/dataset/Epic and CSCR hospital Dataset/Train/meningioma/Tr-me_0398.jpg,meningioma,1
/content/drive/MyDrive/Brain_Tumor_CNN_Project/dataset/Epic and CSCR hospital Dataset/Train/pituitary/Tr-pi_0457.jpg,pituitary,1
/content/drive/MyDrive/Brain_Tumor_CNN_Project/dataset/Epic and CSCR hospital Dataset/Train/glioma/Tr-gl_0531.jpg,glioma,1
/content/drive/MyDrive/Brain_Tumor_CNN_Project/dataset/Epic and CSCR hospital Dataset/Train/notumor/N_418.jpg,notumor,0
/content/drive/MyDrive/Brain_Tumor_CNN_Project/dataset/Epic and CSCR hospital Dataset/Train/meningioma/Tr-me_0537.jpg,meningioma,1
/content/drive/MyDrive/Brain_Tumor_CNN_Project/dataset/Epic and CSCR hospital Dataset/Train/meningioma/Te-me_0202.jpg,meningioma,1
/content/drive/MyDrive/Brain_Tumor_CNN_Project/dataset/Epic and CSCR hospital Dataset/Train/pituitary/Tr-pi_0955.jpg,pituitary,1
/content/drive/MyDrive/Brain_Tumor_CNN_Project/dataset/Epic and CSCR hospital Dataset/Train/meningioma/m2 (72).jpg,meningioma,1
/content/drive/MyDrive/Brain_Tumor_CNN_Project/dataset/Epic and CSCR hospital Dataset/Train/meningioma/Tr-me_0531.jpg,meningioma,1
/content/drive/MyDrive/Brain_Tumor_CNN_Project/dataset/Epic and CSCR hospital Dataset/Train/notumor/N2.JPG,notumor,0
/content/drive/MyDrive/Brain_Tumor_CNN_Project/dataset/Epic and CSCR hospital Dataset/Train/pituitary/P_798_VF_.jpg,pituitary,1
/content/drive/MyDrive/Brain_Tumor_CNN_Project/dataset/Epic and CSCR hospital Dataset/Train/meningioma/Te-me_0248.jpg,meningioma,1
/content/drive/MyDrive/Brain_Tumor_CNN_Project/dataset/Epic and CSCR hospital Dataset/Train/meningioma/Tr-me_1102.jpg,meningioma,1
/content/drive/MyDrive/Brain_Tumor_CNN_Project/dataset/Epic and CSCR hospital Dataset/Train/glioma/G_888_DA_.jpg,glioma,1
/content/drive/MyDrive/Brain_Tumor_CNN_Project/dataset/Epic and CSCR hospital Dataset/Train/pituitary/P_73_VF_.jpg,pituitary,1
/content/drive/MyDrive/Brain_Tumor_CNN_Project/dataset/Epic and CSCR hospital Dataset/Train/notumor/Te-no_0266.jpg,notumor,0
/content/drive/MyDrive/Brain_Tumor_CNN_Project/dataset/Epic and CSCR hospital Dataset/Train/glioma/G_836.jpg,glioma,1
/content/drive/MyDrive/Brain_Tumor_CNN_Project/dataset/Epic and CSCR hospital Dataset/Train/glioma/G_736.jpg,glioma,1
/content/drive/MyDrive/Brain_Tumor_CNN_Project/dataset/Epic and CSCR hospital Dataset/Train/glioma/G_739_DA_.jpg,glioma,1
/content/drive/MyDrive/Brain_Tumor_CNN_Project/dataset/Epic and CSCR hospital Dataset/Train/meningioma/Tr-me_1166.jpg,meningioma,1
/content/drive/MyDrive/Brain_Tumor_CNN_Project/dataset/Epic and CSCR hospital Dataset/Train/glioma/Te-gl_0084.jpg,glioma,1
/content/drive/MyDrive/Brain_Tumor_CNN_Project/dataset/Epic and CSCR hospital Dataset/Train/notumor/1837.jpg,notumor,0
/content/drive/MyDrive/Brain_Tumor_CNN_Project/dataset/Epic and CSCR hospital Dataset/Train/pituitary/P_73.jpg,pituitary,1
/content/drive/MyDrive/Brain_Tumor_CNN_Project/dataset/Epic and CSCR hospital Dataset/Train/glioma/G_736_BR_.jpg,glioma,1
/content/drive/MyDrive/Brain_Tumor_CNN_Project/dataset/Epic and CSCR hospital Dataset/Train/meningioma/Tr-me_0991.jpg,meningioma,1
/content/drive/MyDrive/Brain_Tumor_CNN_Project/dataset/Epic and CSCR hospital Dataset/Train/glioma/Tr-gl_0236.jpg,glioma,1
/content/drive/MyDrive/Brain_Tumor_CNN_Project/dataset/Epic and CSCR hospital Dataset/Train/notumor/N_36_BR_.jpg,notumor,0
/content/drive/MyDrive/Brain_Tumor_CNN_Project/dataset/Epic and CSCR hospital Dataset/Train/meningioma/Tr-me_0613.jpg,meningioma,1
/content/drive/MyDrive/Brain_Tumor_CNN_Project/dataset/Epic and CSCR hospital Dataset/Train/glioma/G_739.jpg,glioma,1
/content/drive/MyDrive/Brain_Tumor_CNN_Project/dataset/Epic and CSCR hospital Dataset/Train/meningioma/M_862_BR_.jpg,meningioma,1
/content/drive/MyDrive/Brain_Tumor_CNN_Project/dataset/Epic and CSCR hospital Dataset/Train/meningioma/Te-me_0080.jpg,meningioma,1
/content/drive/MyDrive/Brain_Tumor_CNN_Project/dataset/Epic and CSCR hospital Dataset/Train/meningioma/Tr-me_1043.jpg,meningioma,1
/content/drive/MyDrive/Brain_Tumor_CNN_Project/dataset/Epic and CSCR hospital Dataset/Train/glioma/Tr-gl_1227.jpg,glioma,1
/content/drive/MyDrive/Brain_Tumor_CNN_Project/dataset/Epic and CSCR hospital Dataset/Train/notumor/Te-no_0308.jpg,notumor,0
/content/drive/MyDrive/Brain_Tumor_CNN_Project/dataset/Epic and CSCR hospital Dataset/Train/pituitary/Tr-pi_0203.jpg,pituitary,1
/content/drive/MyDrive/Brain_Tumor_CNN_Project/dataset/Epic and CSCR hospital Dataset/Train/meningioma/Te-me_0118.jpg,meningioma,1
/content/drive/MyDrive/Brain_Tumor_CNN_Project/dataset/Epic and CSCR hospital Dataset/Train/meningioma/M_863.jpg,meningioma,1
/content/drive/MyDrive/Brain_Tumor_CNN_Project/dataset/Epic and CSCR hospital Dataset/Train/meningioma/m3 (174).jpg,meningioma,1
/content/drive/MyDrive/Brain_Tumor_CNN_Project/dataset/Epic and CSCR hospital Dataset/Train/glioma/Tr-gl_1164.jpg,glioma,1
/content/drive/MyDrive/Brain_Tumor_CNN_Project/dataset/Epic and CSCR hospital Dataset/Train/glioma/gg (41).jpg,glioma,1
/content/drive/MyDrive/Brain_Tumor_CNN_Project/dataset/Epic and CSCR hospital Dataset/Train/meningioma/Te-me_0222.jpg,meningioma,1
/content/drive/MyDrive/Brain_Tumor_CNN_Project/dataset/Epic and CSCR hospital Dataset/Train/meningioma/Tr-me_0836.jpg,meningioma,1
/content/drive/MyDrive/Brain_Tumor_CNN_Project/dataset/Epic and CSCR hospital Dataset/Train/meningioma/M_842.jpg,meningioma,1
/content/drive/MyDrive/Brain_Tumor_CNN_Project/dataset/Epic and CSCR hospital Dataset/Train/pituitary/p (506).jpg,pituitary,1
/content/drive/MyDrive/Brain_Tumor_CNN_Project/dataset/Epic and CSCR hospital Dataset/Train/pituitary/P_831_BR_.jpg,pituitary,1
/content/drive/MyDrive/Brain_Tumor_CNN_Project/dataset/Epic and CSCR hospital Dataset/Train/glioma/Tr-gl_0172.jpg,glioma,1
/content/drive/MyDrive/Brain_Tumor_CNN_Project/dataset/Epic and CSCR hospital Dataset/Train/pituitary/Tr-pi_1221.jpg,pituitary,1
/content/drive/MyDrive/Brain_Tumor_CNN_Project/dataset/Epic and CSCR hospital Dataset/Train/glioma/G_727_RO_.jpg,glioma,1
/content/drive/MyDrive/Brain_Tumor_CNN_Project/dataset/Epic and CSCR hospital Dataset/Train/glioma/Te-gl_0190.jpg,glioma,1
/content/drive/MyDrive/Brain_Tumor_CNN_Project/dataset/Epic and CSCR hospital Dataset/Train/meningioma/m3 (132).jpg,meningioma,1
/content/drive/MyDrive/Brain_Tumor_CNN_Project/dataset/Epic and CSCR hospital Dataset/Train/glioma/G_828_HF_.jpg,glioma,1
/content/drive/MyDrive/Brain_Tumor_CNN_Project/dataset/Epic and CSCR hospital Dataset/Train/glioma/G_751.jpg,glioma,1
/content/drive/MyDrive/Brain_Tumor_CNN_Project/dataset/Epic and CSCR hospital Dataset/Train/pituitary/P_841.jpg,pituitary,1
/content/drive/MyDrive/Brain_Tumor_CNN_Project/dataset/Epic and CSCR hospital Dataset/Train/glioma/G_88_RO_.jpg,glioma,1
/content/drive/MyDrive/Brain_Tumor_CNN_Project/dataset/Epic and CSCR hospital Dataset/Train/glioma/Tr-gl_0419.jpg,glioma,1
/content/drive/MyDrive/Brain_Tumor_CNN_Project/dataset/Epic and CSCR hospital Dataset/Train/glioma/Tr-gl_0853.jpg,glioma,1
/content/drive/MyDrive/Brain_Tumor_CNN_Project/dataset/Epic and CSCR hospital Dataset/Train/meningioma/1427.jpg,meningioma,1
/content/drive/MyDrive/Brain_Tumor_CNN_Project/dataset/Epic and CSCR hospital Dataset/Train/pituitary/P_714_HF_.jpg,pituitary,1
/content/drive/MyDrive/Brain_Tumor_CNN_Project/dataset/Epic and CSCR hospital Dataset/Train/glioma/Tr-gl_1060.jpg,glioma,1
/content/drive/MyDrive/Brain_Tumor_CNN_Project/dataset/Epic and CSCR hospital Dataset/Train/pituitary/Tr-pi_0803.jpg,pituitary,1
/content/drive/MyDrive/Brain_Tumor_CNN_Project/dataset/Epic and CSCR hospital Dataset/Train/meningioma/Tr-me_1335.jpg,meningioma,1
/content/drive/MyDrive/Brain_Tumor_CNN_Project/dataset/Epic and CSCR hospital Dataset/Train/glioma/gg (677).jpg,glioma,1
/content/drive/MyDrive/Brain_Tumor_CNN_Project/dataset/Epic and CSCR hospital Dataset/Train/pituitary/Tr-pi_0316.jpg,pituitary,1
/content/drive/MyDrive/Brain_Tumor_CNN_Project/dataset/Epic and CSCR hospital Dataset/Train/pituitary/p (599).jpg,pituitary,1
/content/drive/MyDrive/Brain_Tumor_CNN_Project/dataset/Epic and CSCR hospital Dataset/Train/pituitary/P_719_BR_.jpg,pituitary,1
/content/drive/MyDrive/Brain_Tumor_CNN_Project/dataset/Epic and CSCR hospital Dataset/Train/glioma/Tr-gl_0571.jpg,glioma,1
/content/drive/MyDrive/Brain_Tumor_CNN_Project/dataset/Epic and CSCR hospital Dataset/Train/glioma/Tr-gl_0492.jpg,glioma,1
/content/drive/MyDrive/Brain_Tumor_CNN_Project/dataset/Epic and CSCR hospital Dataset/Train/glioma/Te-gl_0172.jpg,glioma,1
/content/drive/MyDrive/Brain_Tumor_CNN_Project/dataset/Epic and CSCR hospital Dataset/Train/glioma/Tr-gl_0943.jpg,glioma,1
/content/drive/MyDrive/Brain_Tumor_CNN_Project/dataset/Epic and CSCR hospital Dataset/Train/pituitary/Tr-pi_0737.jpg,pituitary,1
/content/drive/MyDrive/Brain_Tumor_CNN_Project/dataset/Epic and CSCR hospital Dataset/Train/pituitary/Tr-pi_1052.jpg,pituitary,1
/content/drive/MyDrive/Brain_Tumor_CNN_Project/dataset/Epic and CSCR hospital Dataset/Train/glioma/G_825_DA_.jpg,glioma,1
/content/drive/MyDrive/Brain_Tumor_CNN_Project/dataset/Epic and CSCR hospital Dataset/Train/notumor/Tr-no_0517.jpg,notumor,0
/content/drive/MyDrive/Brain_Tumor_CNN_Project/dataset/Epic and CSCR hospital Dataset/Train/pituitary/Tr-pi_0401.jpg,pituitary,1
/content/drive/MyDrive/Brain_Tumor_CNN_Project/dataset/Epic and CSCR hospital Dataset/Train/notumor/2 no.jpeg,notumor,0
/content/drive/MyDrive/Brain_Tumor_CNN_Project/dataset/Epic and CSCR hospital Dataset/Train/meningioma/Tr-me_0234.jpg,meningioma,1
/content/drive/MyDrive/Brain_Tumor_CNN_Project/dataset/Epic and CSCR hospital Dataset/Train/notumor/N_435_SP_.jpg,notumor,0
/content/drive/MyDrive/Brain_Tumor_CNN_Project/dataset/Epic and CSCR hospital Dataset/Train/pituitary/P_776_SP_.jpg,pituitary,1
/content/drive/MyDrive/Brain_Tumor_CNN_Project/dataset/Epic and CSCR hospital Dataset/Train/glioma/Tr-gl_0909.jpg,glioma,1
/content/drive/MyDrive/Brain_Tumor_CNN_Project/dataset/Epic and CSCR hospital Dataset/Train/glioma/Tr-gl_0197.jpg,glioma,1
/content/drive/MyDrive/Brain_Tumor_CNN_Project/dataset/Epic and CSCR hospital Dataset/Train/glioma/G_835_SP_.jpg,glioma,1
/content/drive/MyDrive/Brain_Tumor_CNN_Project/dataset/Epic and CSCR hospital Dataset/Train/pituitary/P_757_RO_.jpg,pituitary,1
/content/drive/MyDrive/Brain_Tumor_CNN_Project/dataset/Epic and CSCR hospital Dataset/Train/glioma/G_757_DA_.jpg,glioma,1
/content/drive/MyDrive/Brain_Tumor_CNN_Project/dataset/Epic and CSCR hospital Dataset/Train/glioma/Tr-gl_0910.jpg,glioma,1
/content/drive/MyDrive/Brain_Tumor_CNN_Project/dataset/Epic and CSCR hospital Dataset/Train/meningioma/Tr-me_1290.jpg,meningioma,1
/content/drive/MyDrive/Brain_Tumor_CNN_Project/dataset/Epic and CSCR hospital Dataset/Train/notumor/Tr-no_0064.jpg,notumor,0
/content/drive/MyDrive/Brain_Tumor_CNN_Project/dataset/Epic and CSCR hospital Dataset/Train/pituitary/Tr-pi_0156.jpg,pituitary,1
/content/drive/MyDrive/Brain_Tumor_CNN_Project/dataset/Epic and CSCR hospital Dataset/Train/notumor/Te-no_0209.jpg,notumor,0
/content/drive/MyDrive/Brain_Tumor_CNN_Project/dataset/Epic and CSCR hospital Dataset/Train/notumor/1827.jpg,notumor,0
/content/drive/MyDrive/Brain_Tumor_CNN_Project/dataset/Epic and CSCR hospital Dataset/Train/meningioma/Tr-me_0855.jpg,meningioma,1
/content/drive/MyDrive/Brain_Tumor_CNN_Project/dataset/Epic and CSCR hospital Dataset/Train/notumor/Tr-no_0020.jpg,notumor,0
/content/drive/MyDrive/Brain_Tumor_CNN_Project/dataset/Epic and CSCR hospital Dataset/Train/pituitary/Tr-pi_0282.jpg,pituitary,1
/content/drive/MyDrive/Brain_Tumor_CNN_Project/dataset/Epic and CSCR hospital Dataset/Train/meningioma/Tr-me_0426.jpg,meningioma,1
/content/drive/MyDrive/Brain_Tumor_CNN_Project/dataset/Epic and CSCR hospital Dataset/Train/meningioma/Tr-me_1162.jpg,meningioma,1
/content/drive/MyDrive/Brain_Tumor_CNN_Project/dataset/Epic and CSCR hospital Dataset/Train/glioma/gg (510).jpg,glioma,1
/content/drive/MyDrive/Brain_Tumor_CNN_Project/dataset/Epic and CSCR hospital Dataset/Train/glioma/gg (424).jpg,glioma,1
/content/drive/MyDrive/Brain_Tumor_CNN_Project/dataset/Epic and CSCR hospital Dataset/Train/notumor/image(12).jpg,notumor,0
/content/drive/MyDrive/Brain_Tumor_CNN_Project/dataset/Epic and CSCR hospital Dataset/Train/pituitary/P_741_VF_.jpg,pituitary,1
/content/drive/MyDrive/Brain_Tumor_CNN_Project/dataset/Epic and CSCR hospital Dataset/Train/glioma/G_765_VF_.jpg,glioma,1
/content/drive/MyDrive/Brain_Tumor_CNN_Project/dataset/Epic and CSCR hospital Dataset/Train/notumor/Te-no_0299.jpg,notumor,0
/content/drive/MyDrive/Brain_Tumor_CNN_Project/dataset/Epic and CSCR hospital Dataset/Train/notumor/Te-no_0307.jpg,notumor,0
/content/drive/MyDrive/Brain_Tumor_CNN_Project/dataset/Epic and CSCR hospital Dataset/Train/meningioma/M_850.jpg,meningioma,1
/content/drive/MyDrive/Brain_Tumor_CNN_Project/dataset/Epic and CSCR hospital Dataset/Train/glioma/G_747_BR_.jpg,glioma,1
/content/drive/MyDrive/Brain_Tumor_CNN_Project/dataset/Epic and CSCR hospital Dataset/Train/pituitary/P_798_RO_.jpg,pituitary,1
/content/drive/MyDrive/Brain_Tumor_CNN_Project/dataset/Epic and CSCR hospital Dataset/Train/pituitary/Te-pi_0100.jpg,pituitary,1
/content/drive/MyDrive/Brain_Tumor_CNN_Project/dataset/Epic and CSCR hospital Dataset/Train/pituitary/Tr-pi_0794.jpg,pituitary,1
/content/drive/MyDrive/Brain_Tumor_CNN_Project/dataset/Epic and CSCR hospital Dataset/Train/notumor/Te-no_0128.jpg,notumor,0
/content/drive/MyDrive/Brain_Tumor_CNN_Project/dataset/Epic and CSCR hospital Dataset/Train/pituitary/P_796_DA_.jpg,pituitary,1
/content/drive/MyDrive/Brain_Tumor_CNN_Project/dataset/Epic and CSCR hospital Dataset/Train/meningioma/Tr-me_0316.jpg,meningioma,1
/content/drive/MyDrive/Brain_Tumor_CNN_Project/dataset/Epic and CSCR hospital Dataset/Train/meningioma/m2 (79).jpg,meningioma,1
/content/drive/MyDrive/Brain_Tumor_CNN_Project/dataset/Epic and CSCR hospital Dataset/Train/glioma/image(74).jpg,glioma,1
/content/drive/MyDrive/Brain_Tumor_CNN_Project/dataset/Epic and CSCR hospital Dataset/Train/pituitary/Tr-pi_1044.jpg,pituitary,1
/content/drive/MyDrive/Brain_Tumor_CNN_Project/dataset/Epic and CSCR hospital Dataset/Train/notumor/1682.jpg,notumor,0
/content/drive/MyDrive/Brain_Tumor_CNN_Project/dataset/Epic and CSCR hospital Dataset/Train/meningioma/Tr-me_0943.jpg,meningioma,1
/content/drive/MyDrive/Brain_Tumor_CNN_Project/dataset/Epic and CSCR hospital Dataset/Train/glioma/G_791_BR_.jpg,glioma,1
/content/drive/MyDrive/Brain_Tumor_CNN_Project/dataset/Epic and CSCR hospital Dataset/Train/pituitary/Tr-pi_0570.jpg,pituitary,1
/content/drive/MyDrive/Brain_Tumor_CNN_Project/dataset/Epic and CSCR hospital Dataset/Train/glioma/Tr-gl_0561.jpg,glioma,1
/content/drive/MyDrive/Brain_Tumor_CNN_Project/dataset/Epic and CSCR hospital Dataset/Train/pituitary/P_738_SP_.jpg,pituitary,1
/content/drive/MyDrive/Brain_Tumor_CNN_Project/dataset/Epic and CSCR hospital Dataset/Train/glioma/Tr-gl_0188.jpg,glioma,1
/content/drive/MyDrive/Brain_Tumor_CNN_Project/dataset/Epic and CSCR hospital Dataset/Train/pituitary/Tr-pi_1217.jpg,pituitary,1
/content/drive/MyDrive/Brain_Tumor_CNN_Project/dataset/Epic and CSCR hospital Dataset/Train/glioma/G_86_VF_.jpg,glioma,1
/content/drive/MyDrive/Brain_Tumor_CNN_Project/dataset/Epic and CSCR hospital Dataset/Train/pituitary/Tr-pi_0544.jpg,pituitary,1
/content/drive/MyDrive/Brain_Tumor_CNN_Project/dataset/Epic and CSCR hospital Dataset/Train/meningioma/Tr-me_1214.jpg,meningioma,1
/content/drive/MyDrive/Brain_Tumor_CNN_Project/dataset/Epic and CSCR hospital Dataset/Train/meningioma/Tr-me_0888.jpg,meningioma,1
/content/drive/MyDrive/Brain_Tumor_CNN_Project/dataset/Epic and CSCR hospital Dataset/Train/pituitary/Tr-pi_0236.jpg,pituitary,1
/content/drive/MyDrive/Brain_Tumor_CNN_Project/dataset/Epic and CSCR hospital Dataset/Train/notumor/N_40_SP_.jpg,notumor,0
/content/drive/MyDrive/Brain_Tumor_CNN_Project/dataset/Epic and CSCR hospital Dataset/Train/glioma/G_843_RO_.jpg,glioma,1
/content/drive/MyDrive/Brain_Tumor_CNN_Project/dataset/Epic and CSCR hospital Dataset/Train/meningioma/1356.jpg,meningioma,1
/content/drive/MyDrive/Brain_Tumor_CNN_Project/dataset/Epic and CSCR hospital Dataset/Train/glioma/image(20).jpg,glioma,1
/content/drive/MyDrive/Brain_Tumor_CNN_Project/dataset/Epic and CSCR hospital Dataset/Train/pituitary/P_76_VF_.jpg,pituitary,1
/content/drive/MyDrive/Brain_Tumor_CNN_Project/dataset/Epic and CSCR hospital Dataset/Train/glioma/Tr-gl_0601.jpg,glioma,1
/content/drive/MyDrive/Brain_Tumor_CNN_Project/dataset/Epic and CSCR hospital Dataset/Train/glioma/gg (59).jpg,glioma,1
/content/drive/MyDrive/Brain_Tumor_CNN_Project/dataset/Epic and CSCR hospital Dataset/Train/glioma/G_729_HF_.jpg,glioma,1
/content/drive/MyDrive/Brain_Tumor_CNN_Project/dataset/Epic and CSCR hospital Dataset/Train/meningioma/1331.jpg,meningioma,1
/content/drive/MyDrive/Brain_Tumor_CNN_Project/dataset/Epic and CSCR hospital Dataset/Train/meningioma/Tr-me_0451.jpg,meningioma,1
/content/drive/MyDrive/Brain_Tumor_CNN_Project/dataset/Epic and CSCR hospital Dataset/Train/meningioma/m3 (178).jpg,meningioma,1
/content/drive/MyDrive/Brain_Tumor_CNN_Project/dataset/Epic and CSCR hospital Dataset/Train/glioma/G_709_RO_.jpg,glioma,1
/content/drive/MyDrive/Brain_Tumor_CNN_Project/dataset/Epic and CSCR hospital Dataset/Train/notumor/Tr-no_0133.jpg,notumor,0
/content/drive/MyDrive/Brain_Tumor_CNN_Project/dataset/Epic and CSCR hospital Dataset/Train/notumor/Te-no_0282.jpg,notumor,0
/content/drive/MyDrive/Brain_Tumor_CNN_Project/dataset/Epic and CSCR hospital Dataset/Train/pituitary/P_737_RO_.jpg,pituitary,1
/content/drive/MyDrive/Brain_Tumor_CNN_Project/dataset/Epic and CSCR hospital Dataset/Train/meningioma/M_864_RO_.jpg,meningioma,1
/content/drive/MyDrive/Brain_Tumor_CNN_Project/dataset/Epic and CSCR hospital Dataset/Train/glioma/Tr-gl_0181.jpg,glioma,1
/content/drive/MyDrive/Brain_Tumor_CNN_Project/dataset/Epic and CSCR hospital Dataset/Train/glioma/Tr-gl_0949.jpg,glioma,1
/content/drive/MyDrive/Brain_Tumor_CNN_Project/dataset/Epic and CSCR hospital Dataset/Train/glioma/G_840_SP_.jpg,glioma,1
/content/drive/MyDrive/Brain_Tumor_CNN_Project/dataset/Epic and CSCR hospital Dataset/Train/glioma/Tr-gl_0583.jpg,glioma,1
/content/drive/MyDrive/Brain_Tumor_CNN_Project/dataset/Epic and CSCR hospital Dataset/Train/pituitary/p (553).jpg,pituitary,1
/content/drive/MyDrive/Brain_Tumor_CNN_Project/dataset/Epic and CSCR hospital Dataset/Train/pituitary/Tr-pi_1242.jpg,pituitary,1
/content/drive/MyDrive/Brain_Tumor_CNN_Project/dataset/Epic and CSCR hospital Dataset/Train/pituitary/Tr-pi_0563.jpg,pituitary,1
/content/drive/MyDrive/Brain_Tumor_CNN_Project/dataset/Epic and CSCR hospital Dataset/Train/pituitary/Tr-pi_0671.jpg,pituitary,1
/content/drive/MyDrive/Brain_Tumor_CNN_Project/dataset/Epic and CSCR hospital Dataset/Train/glioma/Tr-gl_0558.jpg,glioma,1
/content/drive/MyDrive/Brain_Tumor_CNN_Project/dataset/Epic and CSCR hospital Dataset/Train/glioma/G_853_RO_.jpg,glioma,1
/content/drive/MyDrive/Brain_Tumor_CNN_Project/dataset/Epic and CSCR hospital Dataset/Train/notumor/Te-no_0275.jpg,notumor,0
/content/drive/MyDrive/Brain_Tumor_CNN_Project/dataset/Epic and CSCR hospital Dataset/Train/glioma/G_761_BR_.jpg,glioma,1
/content/drive/MyDrive/Brain_Tumor_CNN_Project/dataset/Epic and CSCR hospital Dataset/Train/meningioma/Tr-me_0765.jpg,meningioma,1
/content/drive/MyDrive/Brain_Tumor_CNN_Project/dataset/Epic and CSCR hospital Dataset/Train/notumor/no.jpg,notumor,0
/content/drive/MyDrive/Brain_Tumor_CNN_Project/dataset/Epic and CSCR hospital Dataset/Train/pituitary/P_823.jpg,pituitary,1
/content/drive/MyDrive/Brain_Tumor_CNN_Project/dataset/Epic and CSCR hospital Dataset/Train/glioma/gg (639).jpg,glioma,1
/content/drive/MyDrive/Brain_Tumor_CNN_Project/dataset/Epic and CSCR hospital Dataset/Train/pituitary/P_790.jpg,pituitary,1
/content/drive/MyDrive/Brain_Tumor_CNN_Project/dataset/Epic and CSCR hospital Dataset/Train/pituitary/P_711.jpg,pituitary,1
/content/drive/MyDrive/Brain_Tumor_CNN_Project/dataset/Epic and CSCR hospital Dataset/Train/pituitary/P_834_RO_.jpg,pituitary,1
/content/drive/MyDrive/Brain_Tumor_CNN_Project/dataset/Epic and CSCR hospital Dataset/Train/pituitary/P_812_DA_.jpg,pituitary,1
/content/drive/MyDrive/Brain_Tumor_CNN_Project/dataset/Epic and CSCR hospital Dataset/Train/glioma/G_871_BR_.jpg,glioma,1
/content/drive/MyDrive/Brain_Tumor_CNN_Project/dataset/Epic and CSCR hospital Dataset/Train/pituitary/1187.jpg,pituitary,1
/content/drive/MyDrive/Brain_Tumor_CNN_Project/dataset/Epic and CSCR hospital Dataset/Train/notumor/Te-no_0081.jpg,notumor,0
/content/drive/MyDrive/Brain_Tumor_CNN_Project/dataset/Epic and CSCR hospital Dataset/Train/meningioma/Tr-me_0945.jpg,meningioma,1
/content/drive/MyDrive/Brain_Tumor_CNN_Project/dataset/Epic and CSCR hospital Dataset/Train/notumor/Tr-no_0618.jpg,notumor,0
/content/drive/MyDrive/Brain_Tumor_CNN_Project/dataset/Epic and CSCR hospital Dataset/Train/pituitary/P_820_BR_.jpg,pituitary,1
/content/drive/MyDrive/Brain_Tumor_CNN_Project/dataset/Epic and CSCR hospital Dataset/Train/pituitary/P_833_SP_.jpg,pituitary,1
/content/drive/MyDrive/Brain_Tumor_CNN_Project/dataset/Epic and CSCR hospital Dataset/Train/glioma/Tr-gl_0258.jpg,glioma,1
/content/drive/MyDrive/Brain_Tumor_CNN_Project/dataset/Epic and CSCR hospital Dataset/Train/glioma/gg (410).jpg,glioma,1
/content/drive/MyDrive/Brain_Tumor_CNN_Project/dataset/Epic and CSCR hospital Dataset/Train/pituitary/Tr-pi_0722.jpg,pituitary,1
/content/drive/MyDrive/Brain_Tumor_CNN_Project/dataset/Epic and CSCR hospital Dataset/Train/meningioma/M_884_VF_.jpg,meningioma,1
/content/drive/MyDrive/Brain_Tumor_CNN_Project/dataset/Epic and CSCR hospital Dataset/Train/glioma/Tr-gl_0995.jpg,glioma,1
/content/drive/MyDrive/Brain_Tumor_CNN_Project/dataset/Epic and CSCR hospital Dataset/Train/notumor/Tr-no_0397.jpg,notumor,0
/content/drive/MyDrive/Brain_Tumor_CNN_Project/dataset/Epic and CSCR hospital Dataset/Train/notumor/Tr-no_0103.jpg,notumor,0
/content/drive/MyDrive/Brain_Tumor_CNN_Project/dataset/Epic and CSCR hospital Dataset/Train/pituitary/P_818_RO_.jpg,pituitary,1
/content/drive/MyDrive/Brain_Tumor_CNN_Project/dataset/Epic and CSCR hospital Dataset/Train/pituitary/P_70_BR_.jpg,pituitary,1
/content/drive/MyDrive/Brain_Tumor_CNN_Project/dataset/Epic and CSCR hospital Dataset/Train/pituitary/P_738_VF_.jpg,pituitary,1
/content/drive/MyDrive/Brain_Tumor_CNN_Project/dataset/Epic and CSCR hospital Dataset/Train/notumor/Te-no_0140.jpg,notumor,0
/content/drive/MyDrive/Brain_Tumor_CNN_Project/dataset/Epic and CSCR hospital Dataset/Train/notumor/Te-no_0129.jpg,notumor,0
/content/drive/MyDrive/Brain_Tumor_CNN_Project/dataset/Epic and CSCR hospital Dataset/Train/pituitary/P_711_DA_.jpg,pituitary,1
/content/drive/MyDrive/Brain_Tumor_CNN_Project/dataset/Epic and CSCR hospital Dataset/Train/pituitary/P_711_VF_.jpg,pituitary,1
/content/drive/MyDrive/Brain_Tumor_CNN_Project/dataset/Epic and CSCR hospital Dataset/Train/glioma/Te-gl_0121.jpg,glioma,1
/content/drive/MyDrive/Brain_Tumor_CNN_Project/dataset/Epic and CSCR hospital Dataset/Train/glioma/G_732_VF_.jpg,glioma,1
/content/drive/MyDrive/Brain_Tumor_CNN_Project/dataset/Epic and CSCR hospital Dataset/Train/meningioma/Tr-me_0431.jpg,meningioma,1
/content/drive/MyDrive/Brain_Tumor_CNN_Project/dataset/Epic and CSCR hospital Dataset/Train/notumor/N_428_SP_.jpg,notumor,0
/content/drive/MyDrive/Brain_Tumor_CNN_Project/dataset/Epic and CSCR hospital Dataset/Train/notumor/1711.jpg,notumor,0
/content/drive/MyDrive/Brain_Tumor_CNN_Project/dataset/Epic and CSCR hospital Dataset/Train/pituitary/Tr-pi_0994.jpg,pituitary,1
/content/drive/MyDrive/Brain_Tumor_CNN_Project/dataset/Epic and CSCR hospital Dataset/Train/meningioma/m3 (134).jpg,meningioma,1
/content/drive/MyDrive/Brain_Tumor_CNN_Project/dataset/Epic and CSCR hospital Dataset/Train/pituitary/Tr-pi_0136.jpg,pituitary,1
/content/drive/MyDrive/Brain_Tumor_CNN_Project/dataset/Epic and CSCR hospital Dataset/Train/pituitary/P_83_DA_.jpg,pituitary,1
/content/drive/MyDrive/Brain_Tumor_CNN_Project/dataset/Epic and CSCR hospital Dataset/Train/meningioma/Te-me_0262.jpg,meningioma,1
/content/drive/MyDrive/Brain_Tumor_CNN_Project/dataset/Epic and CSCR hospital Dataset/Train/pituitary/Te-pi_0141.jpg,pituitary,1
/content/drive/MyDrive/Brain_Tumor_CNN_Project/dataset/Epic and CSCR hospital Dataset/Train/notumor/N_418_HF_.jpg,notumor,0
/content/drive/MyDrive/Brain_Tumor_CNN_Project/dataset/Epic and CSCR hospital Dataset/Train/notumor/Tr-no_0696.jpg,notumor,0
/content/drive/MyDrive/Brain_Tumor_CNN_Project/dataset/Epic and CSCR hospital Dataset/Train/glioma/G_768_RO_.jpg,glioma,1
/content/drive/MyDrive/Brain_Tumor_CNN_Project/dataset/Epic and CSCR hospital Dataset/Train/glioma/Te-gl_0162.jpg,glioma,1
/content/drive/MyDrive/Brain_Tumor_CNN_Project/dataset/Epic and CSCR hospital Dataset/Train/glioma/G_815_VF_.jpg,glioma,1
/content/drive/MyDrive/Brain_Tumor_CNN_Project/dataset/Epic and CSCR hospital Dataset/Train/glioma/G_735_HF_.jpg,glioma,1
/content/drive/MyDrive/Brain_Tumor_CNN_Project/dataset/Epic and CSCR hospital Dataset/Train/glioma/Tr-gl_1073.jpg,glioma,1
/content/drive/MyDrive/Brain_Tumor_CNN_Project/dataset/Epic and CSCR hospital Dataset/Train/notumor/N_436_SP_.jpg,notumor,0
/content/drive/MyDrive/Brain_Tumor_CNN_Project/dataset/Epic and CSCR hospital Dataset/Train/notumor/Tr-no_0085.jpg,notumor,0
/content/drive/MyDrive/Brain_Tumor_CNN_Project/dataset/Epic and CSCR hospital Dataset/Train/pituitary/P_83_BR_.jpg,pituitary,1
/content/drive/MyDrive/Brain_Tumor_CNN_Project/dataset/Epic and CSCR hospital Dataset/Train/meningioma/Tr-me_0397.jpg,meningioma,1
/content/drive/MyDrive/Brain_Tumor_CNN_Project/dataset/Epic and CSCR hospital Dataset/Train/pituitary/P_711_RO_.jpg,pituitary,1
/content/drive/MyDrive/Brain_Tumor_CNN_Project/dataset/Epic and CSCR hospital Dataset/Train/notumor/N_417_DA_.jpg,notumor,0
/content/drive/MyDrive/Brain_Tumor_CNN_Project/dataset/Epic and CSCR hospital Dataset/Train/glioma/G_754.jpg,glioma,1
/content/drive/MyDrive/Brain_Tumor_CNN_Project/dataset/Epic and CSCR hospital Dataset/Train/notumor/Tr-no_0560.jpg,notumor,0
/content/drive/MyDrive/Brain_Tumor_CNN_Project/dataset/Epic and CSCR hospital Dataset/Train/pituitary/P_737.jpg,pituitary,1
/content/drive/MyDrive/Brain_Tumor_CNN_Project/dataset/Epic and CSCR hospital Dataset/Train/meningioma/Te-me_0124.jpg,meningioma,1
/content/drive/MyDrive/Brain_Tumor_CNN_Project/dataset/Epic and CSCR hospital Dataset/Train/glioma/Tr-gl_0826.jpg,glioma,1
/content/drive/MyDrive/Brain_Tumor_CNN_Project/dataset/Epic and CSCR hospital Dataset/Train/glioma/Tr-gl_0940.jpg,glioma,1
/content/drive/MyDrive/Brain_Tumor_CNN_Project/dataset/Epic and CSCR hospital Dataset/Train/pituitary/Tr-pi_0206.jpg,pituitary,1
/content/drive/MyDrive/Brain_Tumor_CNN_Project/dataset/Epic and CSCR hospital Dataset/Train/glioma/Tr-gl_0321.jpg,glioma,1
/content/drive/MyDrive/Brain_Tumor_CNN_Project/dataset/Epic and CSCR hospital Dataset/Train/pituitary/p (500).jpg,pituitary,1
/content/drive/MyDrive/Brain_Tumor_CNN_Project/dataset/Epic and CSCR hospital Dataset/Train/meningioma/Tr-me_1153.jpg,meningioma,1
/content/drive/MyDrive/Brain_Tumor_CNN_Project/dataset/Epic and CSCR hospital Dataset/Train/notumor/Tr-no_0669.jpg,notumor,0
/content/drive/MyDrive/Brain_Tumor_CNN_Project/dataset/Epic and CSCR hospital Dataset/Train/notumor/Tr-no_0559.jpg,notumor,0
/content/drive/MyDrive/Brain_Tumor_CNN_Project/dataset/Epic and CSCR hospital Dataset/Train/meningioma/M_828_VF_.jpg,meningioma,1
/content/drive/MyDrive/Brain_Tumor_CNN_Project/dataset/Epic and CSCR hospital Dataset/Train/glioma/G_771_BR_.jpg,glioma,1
/content/drive/MyDrive/Brain_Tumor_CNN_Project/dataset/Epic and CSCR hospital Dataset/Train/notumor/N_418_BR_.jpg,notumor,0
/content/drive/MyDrive/Brain_Tumor_CNN_Project/dataset/Epic and CSCR hospital Dataset/Train/notumor/1672.jpg,notumor,0
/content/drive/MyDrive/Brain_Tumor_CNN_Project/dataset/Epic and CSCR hospital Dataset/Train/meningioma/M_848_VF_.jpg,meningioma,1
/content/drive/MyDrive/Brain_Tumor_CNN_Project/dataset/Epic and CSCR hospital Dataset/Train/meningioma/Tr-me_0884.jpg,meningioma,1
/content/drive/MyDrive/Brain_Tumor_CNN_Project/dataset/Epic and CSCR hospital Dataset/Train/pituitary/p (549).jpg,pituitary,1
/content/drive/MyDrive/Brain_Tumor_CNN_Project/dataset/Epic and CSCR hospital Dataset/Train/glioma/Te-gl_0176.jpg,glioma,1
/content/drive/MyDrive/Brain_Tumor_CNN_Project/dataset/Epic and CSCR hospital Dataset/Train/notumor/N_5.jpg,notumor,0
/content/drive/MyDrive/Brain_Tumor_CNN_Project/dataset/Epic and CSCR hospital Dataset/Train/glioma/G_857_BR_.jpg,glioma,1
/content/drive/MyDrive/Brain_Tumor_CNN_Project/dataset/Epic and CSCR hospital Dataset/Train/pituitary/Tr-pi_1088.jpg,pituitary,1
/content/drive/MyDrive/Brain_Tumor_CNN_Project/dataset/Epic and CSCR hospital Dataset/Train/pituitary/1193.jpg,pituitary,1
/content/drive/MyDrive/Brain_Tumor_CNN_Project/dataset/Epic and CSCR hospital Dataset/Train/notumor/Tr-no_0551.jpg,notumor,0
/content/drive/MyDrive/Brain_Tumor_CNN_Project/dataset/Epic and CSCR hospital Dataset/Train/pituitary/Tr-pi_0096.jpg,pituitary,1
/content/drive/MyDrive/Brain_Tumor_CNN_Project/dataset/Epic and CSCR hospital Dataset/Train/pituitary/P_813_HF_.jpg,pituitary,1
/content/drive/MyDrive/Brain_Tumor_CNN_Project/dataset/Epic and CSCR hospital Dataset/Train/pituitary/P_794_SP_.jpg,pituitary,1
/content/drive/MyDrive/Brain_Tumor_CNN_Project/dataset/Epic and CSCR hospital Dataset/Train/pituitary/Tr-pi_0517.jpg,pituitary,1
/content/drive/MyDrive/Brain_Tumor_CNN_Project/dataset/Epic and CSCR hospital Dataset/Train/notumor/Tr-no_0450.jpg,notumor,0
/content/drive/MyDrive/Brain_Tumor_CNN_Project/dataset/Epic and CSCR hospital Dataset/Train/meningioma/m2 (148).jpg,meningioma,1
/content/drive/MyDrive/Brain_Tumor_CNN_Project/dataset/Epic and CSCR hospital Dataset/Train/glioma/Tr-gl_0143.jpg,glioma,1
/content/drive/MyDrive/Brain_Tumor_CNN_Project/dataset/Epic and CSCR hospital Dataset/Train/glioma/Tr-gl_0870.jpg,glioma,1
/content/drive/MyDrive/Brain_Tumor_CNN_Project/dataset/Epic and CSCR hospital Dataset/Train/glioma/G_826.jpg,glioma,1
/content/drive/MyDrive/Brain_Tumor_CNN_Project/dataset/Epic and CSCR hospital Dataset/Train/notumor/Tr-no_0387.jpg,notumor,0
/content/drive/MyDrive/Brain_Tumor_CNN_Project/dataset/Epic and CSCR hospital Dataset/Train/glioma/G_728_VF_.jpg,glioma,1
/content/drive/MyDrive/Brain_Tumor_CNN_Project/dataset/Epic and CSCR hospital Dataset/Train/pituitary/P_803_HF_.jpg,pituitary,1
/content/drive/MyDrive/Brain_Tumor_CNN_Project/dataset/Epic and CSCR hospital Dataset/Train/notumor/Tr-no_0320.jpg,notumor,0
/content/drive/MyDrive/Brain_Tumor_CNN_Project/dataset/Epic and CSCR hospital Dataset/Train/meningioma/Te-me_0214.jpg,meningioma,1
/content/drive/MyDrive/Brain_Tumor_CNN_Project/dataset/Epic and CSCR hospital Dataset/Train/glioma/G_767_HF_.jpg,glioma,1
/content/drive/MyDrive/Brain_Tumor_CNN_Project/dataset/Epic and CSCR hospital Dataset/Train/pituitary/P_761_BR_.jpg,pituitary,1
/content/drive/MyDrive/Brain_Tumor_CNN_Project/dataset/Epic and CSCR hospital Dataset/Train/glioma/G_884_RO_.jpg,glioma,1
/content/drive/MyDrive/Brain_Tumor_CNN_Project/dataset/Epic and CSCR hospital Dataset/Train/notumor/1783.jpg,notumor,0
/content/drive/MyDrive/Brain_Tumor_CNN_Project/dataset/Epic and CSCR hospital Dataset/Train/glioma/G_776_RO_.jpg,glioma,1
/content/drive/MyDrive/Brain_Tumor_CNN_Project/dataset/Epic and CSCR hospital Dataset/Train/meningioma/M_880_DA_.jpg,meningioma,1
/content/drive/MyDrive/Brain_Tumor_CNN_Project/dataset/Epic and CSCR hospital Dataset/Train/pituitary/P_838_DA_.jpg,pituitary,1
/content/drive/MyDrive/Brain_Tumor_CNN_Project/dataset/Epic and CSCR hospital Dataset/Train/glioma/gg (472).jpg,glioma,1
/content/drive/MyDrive/Brain_Tumor_CNN_Project/dataset/Epic and CSCR hospital Dataset/Train/pituitary/P_738_RO_.jpg,pituitary,1
/content/drive/MyDrive/Brain_Tumor_CNN_Project/dataset/Epic and CSCR hospital Dataset/Train/glioma/G_721_DA_.jpg,glioma,1
/content/drive/MyDrive/Brain_Tumor_CNN_Project/dataset/Epic and CSCR hospital Dataset/Train/notumor/N_42_HF_.jpg,notumor,0
/content/drive/MyDrive/Brain_Tumor_CNN_Project/dataset/Epic and CSCR hospital Dataset/Train/pituitary/Tr-pi_1369.jpg,pituitary,1
/content/drive/MyDrive/Brain_Tumor_CNN_Project/dataset/Epic and CSCR hospital Dataset/Train/pituitary/P_817_BR_.jpg,pituitary,1
/content/drive/MyDrive/Brain_Tumor_CNN_Project/dataset/Epic and CSCR hospital Dataset/Train/notumor/Te-no_0289.jpg,notumor,0
/content/drive/MyDrive/Brain_Tumor_CNN_Project/dataset/Epic and CSCR hospital Dataset/Train/pituitary/Tr-pi_0176.jpg,pituitary,1
/content/drive/MyDrive/Brain_Tumor_CNN_Project/dataset/Epic and CSCR hospital Dataset/Train/pituitary/Tr-pi_0755.jpg,pituitary,1
/content/drive/MyDrive/Brain_Tumor_CNN_Project/dataset/Epic and CSCR hospital Dataset/Train/meningioma/Te-me_0237.jpg,meningioma,1
/content/drive/MyDrive/Brain_Tumor_CNN_Project/dataset/Epic and CSCR hospital Dataset/Train/meningioma/m1(81).jpg,meningioma,1
/content/drive/MyDrive/Brain_Tumor_CNN_Project/dataset/Epic and CSCR hospital Dataset/Train/pituitary/P_831_HF_.jpg,pituitary,1
/content/drive/MyDrive/Brain_Tumor_CNN_Project/dataset/Epic and CSCR hospital Dataset/Train/notumor/N_39_BR_.jpg,notumor,0
/content/drive/MyDrive/Brain_Tumor_CNN_Project/dataset/Epic and CSCR hospital Dataset/Train/pituitary/Tr-pi_1023.jpg,pituitary,1
/content/drive/MyDrive/Brain_Tumor_CNN_Project/dataset/Epic and CSCR hospital Dataset/Train/notumor/1659.jpg,notumor,0
/content/drive/MyDrive/Brain_Tumor_CNN_Project/dataset/Epic and CSCR hospital Dataset/Train/glioma/Tr-gl_0280.jpg,glioma,1
/content/drive/MyDrive/Brain_Tumor_CNN_Project/dataset/Epic and CSCR hospital Dataset/Train/meningioma/m2 (170).jpg,meningioma,1
/content/drive/MyDrive/Brain_Tumor_CNN_Project/dataset/Epic and CSCR hospital Dataset/Train/meningioma/Tr-me_0203.jpg,meningioma,1
/content/drive/MyDrive/Brain_Tumor_CNN_Project/dataset/Epic and CSCR hospital Dataset/Train/glioma/G_872_HF_.jpg,glioma,1
/content/drive/MyDrive/Brain_Tumor_CNN_Project/dataset/Epic and CSCR hospital Dataset/Train/glioma/Tr-gl_0925.jpg,glioma,1
/content/drive/MyDrive/Brain_Tumor_CNN_Project/dataset/Epic and CSCR hospital Dataset/Train/glioma/G_864.jpg,glioma,1
/content/drive/MyDrive/Brain_Tumor_CNN_Project/dataset/Epic and CSCR hospital Dataset/Train/pituitary/Tr-pi_0775.jpg,pituitary,1
/content/drive/MyDrive/Brain_Tumor_CNN_Project/dataset/Epic and CSCR hospital Dataset/Train/notumor/N_405_SP_.jpg,notumor,0
/content/drive/MyDrive/Brain_Tumor_CNN_Project/dataset/Epic and CSCR hospital Dataset/Train/meningioma/Tr-me_0194.jpg,meningioma,1
/content/drive/MyDrive/Brain_Tumor_CNN_Project/dataset/Epic and CSCR hospital Dataset/Train/notumor/Te-no_0188.jpg,notumor,0
/content/drive/MyDrive/Brain_Tumor_CNN_Project/dataset/Epic and CSCR hospital Dataset/Train/pituitary/P_727.jpg,pituitary,1
/content/drive/MyDrive/Brain_Tumor_CNN_Project/dataset/Epic and CSCR hospital Dataset/Train/meningioma/Tr-me_0559.jpg,meningioma,1
/content/drive/MyDrive/Brain_Tumor_CNN_Project/dataset/Epic and CSCR hospital Dataset/Train/notumor/N_398_BR_.jpg,notumor,0
/content/drive/MyDrive/Brain_Tumor_CNN_Project/dataset/Epic and CSCR hospital Dataset/Train/pituitary/P_803_SP_.jpg,pituitary,1
/content/drive/MyDrive/Brain_Tumor_CNN_Project/dataset/Epic and CSCR hospital Dataset/Train/notumor/Te-no_0089.jpg,notumor,0
/content/drive/MyDrive/Brain_Tumor_CNN_Project/dataset/Epic and CSCR hospital Dataset/Train/pituitary/P_77_DA_.jpg,pituitary,1
/content/drive/MyDrive/Brain_Tumor_CNN_Project/dataset/Epic and CSCR hospital Dataset/Train/glioma/G_840_VF_.jpg,glioma,1
/content/drive/MyDrive/Brain_Tumor_CNN_Project/dataset/Epic and CSCR hospital Dataset/Train/meningioma/M_844_BR_.jpg,meningioma,1
/content/drive/MyDrive/Brain_Tumor_CNN_Project/dataset/Epic and CSCR hospital Dataset/Train/meningioma/M_874_BR_.jpg,meningioma,1
/content/drive/MyDrive/Brain_Tumor_CNN_Project/dataset/Epic and CSCR hospital Dataset/Train/glioma/gg (664).jpg,glioma,1
/content/drive/MyDrive/Brain_Tumor_CNN_Project/dataset/Epic and CSCR hospital Dataset/Train/glioma/G_780_DA_.jpg,glioma,1
/content/drive/MyDrive/Brain_Tumor_CNN_Project/dataset/Epic and CSCR hospital Dataset/Train/meningioma/m2 (28).jpg,meningioma,1
/content/drive/MyDrive/Brain_Tumor_CNN_Project/dataset/Epic and CSCR hospital Dataset/Train/meningioma/M_886_VF_.jpg,meningioma,1
/content/drive/MyDrive/Brain_Tumor_CNN_Project/dataset/Epic and CSCR hospital Dataset/Train/notumor/Tr-no_0319.jpg,notumor,0
/content/drive/MyDrive/Brain_Tumor_CNN_Project/dataset/Epic and CSCR hospital Dataset/Train/pituitary/P_800_HF_.jpg,pituitary,1
/content/drive/MyDrive/Brain_Tumor_CNN_Project/dataset/Epic and CSCR hospital Dataset/Train/glioma/G_764_DA_.jpg,glioma,1
/content/drive/MyDrive/Brain_Tumor_CNN_Project/dataset/Epic and CSCR hospital Dataset/Train/pituitary/P_79.jpg,pituitary,1
/content/drive/MyDrive/Brain_Tumor_CNN_Project/dataset/Epic and CSCR hospital Dataset/Train/notumor/1792.jpg,notumor,0
/content/drive/MyDrive/Brain_Tumor_CNN_Project/dataset/Epic and CSCR hospital Dataset/Train/meningioma/Tr-me_0289.jpg,meningioma,1
/content/drive/MyDrive/Brain_Tumor_CNN_Project/dataset/Epic and CSCR hospital Dataset/Train/glioma/G_848_SP_.jpg,glioma,1
/content/drive/MyDrive/Brain_Tumor_CNN_Project/dataset/Epic and CSCR hospital Dataset/Train/glioma/G_705_RO_.jpg,glioma,1
/content/drive/MyDrive/Brain_Tumor_CNN_Project/dataset/Epic and CSCR hospital Dataset/Train/meningioma/M_845_RO_.jpg,meningioma,1
/content/drive/MyDrive/Brain_Tumor_CNN_Project/dataset/Epic and CSCR hospital Dataset/Train/pituitary/Tr-pi_0699.jpg,pituitary,1
/content/drive/MyDrive/Brain_Tumor_CNN_Project/dataset/Epic and CSCR hospital Dataset/Train/glioma/Tr-gl_0276.jpg,glioma,1
/content/drive/MyDrive/Brain_Tumor_CNN_Project/dataset/Epic and CSCR hospital Dataset/Train/pituitary/Tr-pi_0848.jpg,pituitary,1
/content/drive/MyDrive/Brain_Tumor_CNN_Project/dataset/Epic and CSCR hospital Dataset/Train/pituitary/Tr-pi_1263.jpg,pituitary,1
/content/drive/MyDrive/Brain_Tumor_CNN_Project/dataset/Epic and CSCR hospital Dataset/Train/meningioma/Tr-me_0825.jpg,meningioma,1
/content/drive/MyDrive/Brain_Tumor_CNN_Project/dataset/Epic and CSCR hospital Dataset/Train/meningioma/Tr-me_0112.jpg,meningioma,1
/content/drive/MyDrive/Brain_Tumor_CNN_Project/dataset/Epic and CSCR hospital Dataset/Train/pituitary/P_782_BR_.jpg,pituitary,1
/content/drive/MyDrive/Brain_Tumor_CNN_Project/dataset/Epic and CSCR hospital Dataset/Train/pituitary/P_733_SP_.jpg,pituitary,1
/content/drive/MyDrive/Brain_Tumor_CNN_Project/dataset/Epic and CSCR hospital Dataset/Train/pituitary/p (560).jpg,pituitary,1
/content/drive/MyDrive/Brain_Tumor_CNN_Project/dataset/Epic and CSCR hospital Dataset/Train/pituitary/P_771_HF_.jpg,pituitary,1
/content/drive/MyDrive/Brain_Tumor_CNN_Project/dataset/Epic and CSCR hospital Dataset/Train/pituitary/Te-pi_0138.jpg,pituitary,1
/content/drive/MyDrive/Brain_Tumor_CNN_Project/dataset/Epic and CSCR hospital Dataset/Train/pituitary/Tr-pi_1209.jpg,pituitary,1
/content/drive/MyDrive/Brain_Tumor_CNN_Project/dataset/Epic and CSCR hospital Dataset/Train/pituitary/P_773.jpg,pituitary,1
/content/drive/MyDrive/Brain_Tumor_CNN_Project/dataset/Epic and CSCR hospital Dataset/Train/pituitary/p (555).jpg,pituitary,1
/content/drive/MyDrive/Brain_Tumor_CNN_Project/dataset/Epic and CSCR hospital Dataset/Train/pituitary/P_837_SP_.jpg,pituitary,1
/content/drive/MyDrive/Brain_Tumor_CNN_Project/dataset/Epic and CSCR hospital Dataset/Train/pituitary/Tr-pi_1144.jpg,pituitary,1
/content/drive/MyDrive/Brain_Tumor_CNN_Project/dataset/Epic and CSCR hospital Dataset/Train/pituitary/Tr-pi_0587.jpg,pituitary,1
/content/drive/MyDrive/Brain_Tumor_CNN_Project/dataset/Epic and CSCR hospital Dataset/Train/meningioma/M_863_DA_.jpg,meningioma,1
/content/drive/MyDrive/Brain_Tumor_CNN_Project/dataset/Epic and CSCR hospital Dataset/Train/pituitary/P_775_HF_.jpg,pituitary,1
/content/drive/MyDrive/Brain_Tumor_CNN_Project/dataset/Epic and CSCR hospital Dataset/Train/pituitary/P_761_HF_.jpg,pituitary,1
/content/drive/MyDrive/Brain_Tumor_CNN_Project/dataset/Epic and CSCR hospital Dataset/Train/pituitary/Tr-pi_0565.jpg,pituitary,1
/content/drive/MyDrive/Brain_Tumor_CNN_Project/dataset/Epic and CSCR hospital Dataset/Train/glioma/Tr-gl_0441.jpg,glioma,1
/content/drive/MyDrive/Brain_Tumor_CNN_Project/dataset/Epic and CSCR hospital Dataset/Train/pituitary/P_838.jpg,pituitary,1
/content/drive/MyDrive/Brain_Tumor_CNN_Project/dataset/Epic and CSCR hospital Dataset/Train/meningioma/Tr-me_0034.jpg,meningioma,1
/content/drive/MyDrive/Brain_Tumor_CNN_Project/dataset/Epic and CSCR hospital Dataset/Train/pituitary/P_802_BR_.jpg,pituitary,1
/content/drive/MyDrive/Brain_Tumor_CNN_Project/dataset/Epic and CSCR hospital Dataset/Train/notumor/N_401_DA_.jpg,notumor,0
/content/drive/MyDrive/Brain_Tumor_CNN_Project/dataset/Epic and CSCR hospital Dataset/Train/notumor/N_419_RO_.jpg,notumor,0
/content/drive/MyDrive/Brain_Tumor_CNN_Project/dataset/Epic and CSCR hospital Dataset/Train/notumor/Tr-no_0493.jpg,notumor,0
/content/drive/MyDrive/Brain_Tumor_CNN_Project/dataset/Epic and CSCR hospital Dataset/Train/glioma/gg (631).jpg,glioma,1
/content/drive/MyDrive/Brain_Tumor_CNN_Project/dataset/Epic and CSCR hospital Dataset/Train/glioma/G_794.jpg,glioma,1
/content/drive/MyDrive/Brain_Tumor_CNN_Project/dataset/Epic and CSCR hospital Dataset/Train/glioma/G_791.jpg,glioma,1
/content/drive/MyDrive/Brain_Tumor_CNN_Project/dataset/Epic and CSCR hospital Dataset/Train/pituitary/Tr-pi_0431.jpg,pituitary,1
/content/drive/MyDrive/Brain_Tumor_CNN_Project/dataset/Epic and CSCR hospital Dataset/Train/pituitary/P_816_HF_.jpg,pituitary,1
/content/drive/MyDrive/Brain_Tumor_CNN_Project/dataset/Epic and CSCR hospital Dataset/Train/meningioma/M_837_RO_.jpg,meningioma,1
/content/drive/MyDrive/Brain_Tumor_CNN_Project/dataset/Epic and CSCR hospital Dataset/Train/glioma/G_741_HF_.jpg,glioma,1
/content/drive/MyDrive/Brain_Tumor_CNN_Project/dataset/Epic and CSCR hospital Dataset/Train/pituitary/Tr-pi_1028.jpg,pituitary,1
/content/drive/MyDrive/Brain_Tumor_CNN_Project/dataset/Epic and CSCR hospital Dataset/Train/glioma/G_842_DA_.jpg,glioma,1
/content/drive/MyDrive/Brain_Tumor_CNN_Project/dataset/Epic and CSCR hospital Dataset/Train/notumor/Tr-no_0637.jpg,notumor,0
/content/drive/MyDrive/Brain_Tumor_CNN_Project/dataset/Epic and CSCR hospital Dataset/Train/glioma/Tr-gl_0515.jpg,glioma,1
/content/drive/MyDrive/Brain_Tumor_CNN_Project/dataset/Epic and CSCR hospital Dataset/Train/pituitary/Tr-pi_1157.jpg,pituitary,1
/content/drive/MyDrive/Brain_Tumor_CNN_Project/dataset/Epic and CSCR hospital Dataset/Train/glioma/G_704_VF_.jpg,glioma,1
/content/drive/MyDrive/Brain_Tumor_CNN_Project/dataset/Epic and CSCR hospital Dataset/Train/notumor/Tr-no_0212.jpg,notumor,0
/content/drive/MyDrive/Brain_Tumor_CNN_Project/dataset/Epic and CSCR hospital Dataset/Train/glioma/G_749_RO_.jpg,glioma,1
/content/drive/MyDrive/Brain_Tumor_CNN_Project/dataset/Epic and CSCR hospital Dataset/Train/meningioma/Tr-me_1164.jpg,meningioma,1
/content/drive/MyDrive/Brain_Tumor_CNN_Project/dataset/Epic and CSCR hospital Dataset/Train/pituitary/Tr-pi_0394.jpg,pituitary,1
/content/drive/MyDrive/Brain_Tumor_CNN_Project/dataset/Epic and CSCR hospital Dataset/Train/meningioma/1371.jpg,meningioma,1
/content/drive/MyDrive/Brain_Tumor_CNN_Project/dataset/Epic and CSCR hospital Dataset/Train/pituitary/P_793.jpg,pituitary,1
/content/drive/MyDrive/Brain_Tumor_CNN_Project/dataset/Epic and CSCR hospital Dataset/Train/meningioma/Tr-me_0600.jpg,meningioma,1
/content/drive/MyDrive/Brain_Tumor_CNN_Project/dataset/Epic and CSCR hospital Dataset/Train/meningioma/Tr-me_0452.jpg,meningioma,1
/content/drive/MyDrive/Brain_Tumor_CNN_Project/dataset/Epic and CSCR hospital Dataset/Train/notumor/N_392_SP_.jpg,notumor,0
/content/drive/MyDrive/Brain_Tumor_CNN_Project/dataset/Epic and CSCR hospital Dataset/Train/glioma/Tr-gl_0403.jpg,glioma,1
/content/drive/MyDrive/Brain_Tumor_CNN_Project/dataset/Epic and CSCR hospital Dataset/Train/glioma/G_870_HF_.jpg,glioma,1
/content/drive/MyDrive/Brain_Tumor_CNN_Project/dataset/Epic and CSCR hospital Dataset/Train/pituitary/P_800_BR_.jpg,pituitary,1
/content/drive/MyDrive/Brain_Tumor_CNN_Project/dataset/Epic and CSCR hospital Dataset/Train/notumor/N_43_BR_.jpg,notumor,0
/content/drive/MyDrive/Brain_Tumor_CNN_Project/dataset/Epic and CSCR hospital Dataset/Train/glioma/G_779_BR_.jpg,glioma,1
/content/drive/MyDrive/Brain_Tumor_CNN_Project/dataset/Epic and CSCR hospital Dataset/Train/notumor/Tr-no_0254.jpg,notumor,0
/content/drive/MyDrive/Brain_Tumor_CNN_Project/dataset/Epic and CSCR hospital Dataset/Train/meningioma/Te-me_0125.jpg,meningioma,1
/content/drive/MyDrive/Brain_Tumor_CNN_Project/dataset/Epic and CSCR hospital Dataset/Train/meningioma/Tr-me_0132.jpg,meningioma,1
/content/drive/MyDrive/Brain_Tumor_CNN_Project/dataset/Epic and CSCR hospital Dataset/Train/pituitary/Tr-pi_0455.jpg,pituitary,1
/content/drive/MyDrive/Brain_Tumor_CNN_Project/dataset/Epic and CSCR hospital Dataset/Train/notumor/N_399.jpg,notumor,0
/content/drive/MyDrive/Brain_Tumor_CNN_Project/dataset/Epic and CSCR hospital Dataset/Train/glioma/Tr-gl_1106.jpg,glioma,1
/content/drive/MyDrive/Brain_Tumor_CNN_Project/dataset/Epic and CSCR hospital Dataset/Train/pituitary/P_70_VF_.jpg,pituitary,1
/content/drive/MyDrive/Brain_Tumor_CNN_Project/dataset/Epic and CSCR hospital Dataset/Train/pituitary/P_749_SP_.jpg,pituitary,1
/content/drive/MyDrive/Brain_Tumor_CNN_Project/dataset/Epic and CSCR hospital Dataset/Train/meningioma/M_870.jpg,meningioma,1
/content/drive/MyDrive/Brain_Tumor_CNN_Project/dataset/Epic and CSCR hospital Dataset/Train/glioma/G_770_BR_.jpg,glioma,1
/content/drive/MyDrive/Brain_Tumor_CNN_Project/dataset/Epic and CSCR hospital Dataset/Train/meningioma/m2 (1).jpg,meningioma,1
/content/drive/MyDrive/Brain_Tumor_CNN_Project/dataset/Epic and CSCR hospital Dataset/Train/meningioma/Tr-me_1190.jpg,meningioma,1
/content/drive/MyDrive/Brain_Tumor_CNN_Project/dataset/Epic and CSCR hospital Dataset/Train/pituitary/P_77.jpg,pituitary,1
/content/drive/MyDrive/Brain_Tumor_CNN_Project/dataset/Epic and CSCR hospital Dataset/Train/glioma/G_813_RO_.jpg,glioma,1
/content/drive/MyDrive/Brain_Tumor_CNN_Project/dataset/Epic and CSCR hospital Dataset/Train/pituitary/Tr-pi_0440.jpg,pituitary,1
/content/drive/MyDrive/Brain_Tumor_CNN_Project/dataset/Epic and CSCR hospital Dataset/Train/notumor/N_425_RO_.jpg,notumor,0
/content/drive/MyDrive/Brain_Tumor_CNN_Project/dataset/Epic and CSCR hospital Dataset/Train/glioma/G_733_RO_.jpg,glioma,1
/content/drive/MyDrive/Brain_Tumor_CNN_Project/dataset/Epic and CSCR hospital Dataset/Train/glioma/G_751_DA_.jpg,glioma,1
/content/drive/MyDrive/Brain_Tumor_CNN_Project/dataset/Epic and CSCR hospital Dataset/Train/glioma/Tr-gl_0942.jpg,glioma,1
/content/drive/MyDrive/Brain_Tumor_CNN_Project/dataset/Epic and CSCR hospital Dataset/Train/meningioma/m2 (102).jpg,meningioma,1
/content/drive/MyDrive/Brain_Tumor_CNN_Project/dataset/Epic and CSCR hospital Dataset/Train/meningioma/m1(99).jpg,meningioma,1
/content/drive/MyDrive/Brain_Tumor_CNN_Project/dataset/Epic and CSCR hospital Dataset/Train/notumor/Tr-no_0161.jpg,notumor,0
/content/drive/MyDrive/Brain_Tumor_CNN_Project/dataset/Epic and CSCR hospital Dataset/Train/notumor/Tr-no_0057.jpg,notumor,0
/content/drive/MyDrive/Brain_Tumor_CNN_Project/dataset/Epic and CSCR hospital Dataset/Train/notumor/Tr-no_0348.jpg,notumor,0
/content/drive/MyDrive/Brain_Tumor_CNN_Project/dataset/Epic and CSCR hospital Dataset/Train/pituitary/Tr-pi_0108.jpg,pituitary,1
/content/drive/MyDrive/Brain_Tumor_CNN_Project/dataset/Epic and CSCR hospital Dataset/Train/glioma/Te-gl_0130.jpg,glioma,1
/content/drive/MyDrive/Brain_Tumor_CNN_Project/dataset/Epic and CSCR hospital Dataset/Train/meningioma/M_872_DA_.jpg,meningioma,1
/content/drive/MyDrive/Brain_Tumor_CNN_Project/dataset/Epic and CSCR hospital Dataset/Train/meningioma/1400.jpg,meningioma,1
/content/drive/MyDrive/Brain_Tumor_CNN_Project/dataset/Epic and CSCR hospital Dataset/Train/notumor/1693.jpg,notumor,0
/content/drive/MyDrive/Brain_Tumor_CNN_Project/dataset/Epic and CSCR hospital Dataset/Train/glioma/G_856_RO_.jpg,glioma,1
/content/drive/MyDrive/Brain_Tumor_CNN_Project/dataset/Epic and CSCR hospital Dataset/Train/glioma/Tr-gl_1127.jpg,glioma,1
/content/drive/MyDrive/Brain_Tumor_CNN_Project/dataset/Epic and CSCR hospital Dataset/Train/notumor/Tr-no_0406.jpg,notumor,0
/content/drive/MyDrive/Brain_Tumor_CNN_Project/dataset/Epic and CSCR hospital Dataset/Train/meningioma/Tr-me_0530.jpg,meningioma,1
/content/drive/MyDrive/Brain_Tumor_CNN_Project/dataset/Epic and CSCR hospital Dataset/Train/notumor/1790.jpg,notumor,0
/content/drive/MyDrive/Brain_Tumor_CNN_Project/dataset/Epic and CSCR hospital Dataset/Train/pituitary/Te-pi_0026.jpg,pituitary,1
/content/drive/MyDrive/Brain_Tumor_CNN_Project/dataset/Epic and CSCR hospital Dataset/Train/glioma/gg (482).jpg,glioma,1
/content/drive/MyDrive/Brain_Tumor_CNN_Project/dataset/Epic and CSCR hospital Dataset/Train/glioma/gg (428).jpg,glioma,1
/content/drive/MyDrive/Brain_Tumor_CNN_Project/dataset/Epic and CSCR hospital Dataset/Train/glioma/Tr-gl_0976.jpg,glioma,1
/content/drive/MyDrive/Brain_Tumor_CNN_Project/dataset/Epic and CSCR hospital Dataset/Train/notumor/Tr-no_0595.jpg,notumor,0
/content/drive/MyDrive/Brain_Tumor_CNN_Project/dataset/Epic and CSCR hospital Dataset/Train/notumor/Te-no_0226.jpg,notumor,0
/content/drive/MyDrive/Brain_Tumor_CNN_Project/dataset/Epic and CSCR hospital Dataset/Train/pituitary/Tr-pi_0998.jpg,pituitary,1
/content/drive/MyDrive/Brain_Tumor_CNN_Project/dataset/Epic and CSCR hospital Dataset/Train/notumor/Tr-no_0203.jpg,notumor,0
/content/drive/MyDrive/Brain_Tumor_CNN_Project/dataset/Epic and CSCR hospital Dataset/Train/pituitary/Tr-pi_0614.jpg,pituitary,1
/content/drive/MyDrive/Brain_Tumor_CNN_Project/dataset/Epic and CSCR hospital Dataset/Train/notumor/Tr-no_0250.jpg,notumor,0
/content/drive/MyDrive/Brain_Tumor_CNN_Project/dataset/Epic and CSCR hospital Dataset/Train/glioma/G_724_SP_.jpg,glioma,1
/content/drive/MyDrive/Brain_Tumor_CNN_Project/dataset/Epic and CSCR hospital Dataset/Train/glioma/G_846_SP_.jpg,glioma,1
/content/drive/MyDrive/Brain_Tumor_CNN_Project/dataset/Epic and CSCR hospital Dataset/Train/glioma/Tr-gl_1102.jpg,glioma,1
/content/drive/MyDrive/Brain_Tumor_CNN_Project/dataset/Epic and CSCR hospital Dataset/Train/glioma/G_797_SP_.jpg,glioma,1
/content/drive/MyDrive/Brain_Tumor_CNN_Project/dataset/Epic and CSCR hospital Dataset/Train/notumor/Te-no_0067.jpg,notumor,0
/content/drive/MyDrive/Brain_Tumor_CNN_Project/dataset/Epic and CSCR hospital Dataset/Train/glioma/Tr-gl_0072.jpg,glioma,1
/content/drive/MyDrive/Brain_Tumor_CNN_Project/dataset/Epic and CSCR hospital Dataset/Train/meningioma/Tr-me_0222.jpg,meningioma,1
/content/drive/MyDrive/Brain_Tumor_CNN_Project/dataset/Epic and CSCR hospital Dataset/Train/pituitary/Tr-pi_1240.jpg,pituitary,1
/content/drive/MyDrive/Brain_Tumor_CNN_Project/dataset/Epic and CSCR hospital Dataset/Train/glioma/gg (370).jpg,glioma,1
/content/drive/MyDrive/Brain_Tumor_CNN_Project/dataset/Epic and CSCR hospital Dataset/Train/pituitary/Tr-pi_0784.jpg,pituitary,1
/content/drive/MyDrive/Brain_Tumor_CNN_Project/dataset/Epic and CSCR hospital Dataset/Train/notumor/N_416.jpg,notumor,0
/content/drive/MyDrive/Brain_Tumor_CNN_Project/dataset/Epic and CSCR hospital Dataset/Train/meningioma/Tr-me_0376.jpg,meningioma,1
/content/drive/MyDrive/Brain_Tumor_CNN_Project/dataset/Epic and CSCR hospital Dataset/Train/glioma/G_727_HF_.jpg,glioma,1
/content/drive/MyDrive/Brain_Tumor_CNN_Project/dataset/Epic and CSCR hospital Dataset/Train/pituitary/P_732_HF_.jpg,pituitary,1
/content/drive/MyDrive/Brain_Tumor_CNN_Project/dataset/Epic and CSCR hospital Dataset/Train/pituitary/Tr-pi_0557.jpg,pituitary,1
/content/drive/MyDrive/Brain_Tumor_CNN_Project/dataset/Epic and CSCR hospital Dataset/Train/notumor/N_47_BR_.jpg,notumor,0
/content/drive/MyDrive/Brain_Tumor_CNN_Project/dataset/Epic and CSCR hospital Dataset/Train/glioma/G_755_DA_.jpg,glioma,1
/content/drive/MyDrive/Brain_Tumor_CNN_Project/dataset/Epic and CSCR hospital Dataset/Train/meningioma/Tr-me_0081.jpg,meningioma,1
/content/drive/MyDrive/Brain_Tumor_CNN_Project/dataset/Epic and CSCR hospital Dataset/Train/pituitary/P_773_DA_.jpg,pituitary,1
/content/drive/MyDrive/Brain_Tumor_CNN_Project/dataset/Epic and CSCR hospital Dataset/Train/pituitary/Tr-pi_0160.jpg,pituitary,1
/content/drive/MyDrive/Brain_Tumor_CNN_Project/dataset/Epic and CSCR hospital Dataset/Train/notumor/N_384.jpg,notumor,0
/content/drive/MyDrive/Brain_Tumor_CNN_Project/dataset/Epic and CSCR hospital Dataset/Train/pituitary/Te-pi_0133.jpg,pituitary,1
/content/drive/MyDrive/Brain_Tumor_CNN_Project/dataset/Epic and CSCR hospital Dataset/Train/meningioma/Tr-me_0421.jpg,meningioma,1
/content/drive/MyDrive/Brain_Tumor_CNN_Project/dataset/Epic and CSCR hospital Dataset/Train/notumor/Tr-no_0642.jpg,notumor,0
/content/drive/MyDrive/Brain_Tumor_CNN_Project/dataset/Epic and CSCR hospital Dataset/Train/glioma/Tr-gl_0557.jpg,glioma,1
/content/drive/MyDrive/Brain_Tumor_CNN_Project/dataset/Epic and CSCR hospital Dataset/Train/meningioma/M_837_DA_.jpg,meningioma,1
/content/drive/MyDrive/Brain_Tumor_CNN_Project/dataset/Epic and CSCR hospital Dataset/Train/meningioma/M_853_BR_.jpg,meningioma,1
/content/drive/MyDrive/Brain_Tumor_CNN_Project/dataset/Epic and CSCR hospital Dataset/Train/meningioma/M_838_RO_.jpg,meningioma,1
/content/drive/MyDrive/Brain_Tumor_CNN_Project/dataset/Epic and CSCR hospital Dataset/Train/pituitary/P_764_RO_.jpg,pituitary,1
/content/drive/MyDrive/Brain_Tumor_CNN_Project/dataset/Epic and CSCR hospital Dataset/Train/glioma/gg (553).jpg,glioma,1
/content/drive/MyDrive/Brain_Tumor_CNN_Project/dataset/Epic and CSCR hospital Dataset/Train/meningioma/Tr-me_0928.jpg,meningioma,1
/content/drive/MyDrive/Brain_Tumor_CNN_Project/dataset/Epic and CSCR hospital Dataset/Train/meningioma/Tr-me_1171.jpg,meningioma,1
/content/drive/MyDrive/Brain_Tumor_CNN_Project/dataset/Epic and CSCR hospital Dataset/Train/glioma/Tr-gl_0423.jpg,glioma,1
/content/drive/MyDrive/Brain_Tumor_CNN_Project/dataset/Epic and CSCR hospital Dataset/Train/pituitary/Tr-pi_0602.jpg,pituitary,1
/content/drive/MyDrive/Brain_Tumor_CNN_Project/dataset/Epic and CSCR hospital Dataset/Train/pituitary/p (516).jpg,pituitary,1
/content/drive/MyDrive/Brain_Tumor_CNN_Project/dataset/Epic and CSCR hospital Dataset/Train/pituitary/Tr-pi_0846.jpg,pituitary,1
/content/drive/MyDrive/Brain_Tumor_CNN_Project/dataset/Epic and CSCR hospital Dataset/Train/notumor/1627.jpg,notumor,0
/content/drive/MyDrive/Brain_Tumor_CNN_Project/dataset/Epic and CSCR hospital Dataset/Train/glioma/G_777_RO_.jpg,glioma,1
/content/drive/MyDrive/Brain_Tumor_CNN_Project/dataset/Epic and CSCR hospital Dataset/Train/meningioma/m3 (113).jpg,meningioma,1
/content/drive/MyDrive/Brain_Tumor_CNN_Project/dataset/Epic and CSCR hospital Dataset/Train/glioma/G_738_SP_.jpg,glioma,1
/content/drive/MyDrive/Brain_Tumor_CNN_Project/dataset/Epic and CSCR hospital Dataset/Train/meningioma/Te-me_0129.jpg,meningioma,1
/content/drive/MyDrive/Brain_Tumor_CNN_Project/dataset/Epic and CSCR hospital Dataset/Train/glioma/Te-gl_0095.jpg,glioma,1
/content/drive/MyDrive/Brain_Tumor_CNN_Project/dataset/Epic and CSCR hospital Dataset/Train/glioma/gg (454).jpg,glioma,1
/content/drive/MyDrive/Brain_Tumor_CNN_Project/dataset/Epic and CSCR hospital Dataset/Train/glioma/gg (594).jpg,glioma,1
/content/drive/MyDrive/Brain_Tumor_CNN_Project/dataset/Epic and CSCR hospital Dataset/Train/pituitary/P_756_VF_.jpg,pituitary,1
/content/drive/MyDrive/Brain_Tumor_CNN_Project/dataset/Epic and CSCR hospital Dataset/Train/meningioma/Te-me_0200.jpg,meningioma,1
/content/drive/MyDrive/Brain_Tumor_CNN_Project/dataset/Epic and CSCR hospital Dataset/Train/pituitary/Tr-pi_0167.jpg,pituitary,1
/content/drive/MyDrive/Brain_Tumor_CNN_Project/dataset/Epic and CSCR hospital Dataset/Train/notumor/Tr-no_0584.jpg,notumor,0
/content/drive/MyDrive/Brain_Tumor_CNN_Project/dataset/Epic and CSCR hospital Dataset/Train/glioma/Tr-gl_0090.jpg,glioma,1
/content/drive/MyDrive/Brain_Tumor_CNN_Project/dataset/Epic and CSCR hospital Dataset/Train/notumor/N_47_RO_.jpg,notumor,0
/content/drive/MyDrive/Brain_Tumor_CNN_Project/dataset/Epic and CSCR hospital Dataset/Train/glioma/Te-gl_0212.jpg,glioma,1
/content/drive/MyDrive/Brain_Tumor_CNN_Project/dataset/Epic and CSCR hospital Dataset/Train/notumor/Tr-no_0338.jpg,notumor,0
/content/drive/MyDrive/Brain_Tumor_CNN_Project/dataset/Epic and CSCR hospital Dataset/Train/glioma/G_767_BR_.jpg,glioma,1
/content/drive/MyDrive/Brain_Tumor_CNN_Project/dataset/Epic and CSCR hospital Dataset/Train/notumor/1614.jpg,notumor,0
/content/drive/MyDrive/Brain_Tumor_CNN_Project/dataset/Epic and CSCR hospital Dataset/Train/notumor/Te-no_0095.jpg,notumor,0
/content/drive/MyDrive/Brain_Tumor_CNN_Project/dataset/Epic and CSCR hospital Dataset/Train/glioma/G_746_DA_.jpg,glioma,1
/content/drive/MyDrive/Brain_Tumor_CNN_Project/dataset/Epic and CSCR hospital Dataset/Train/pituitary/Tr-pi_1213.jpg,pituitary,1
/content/drive/MyDrive/Brain_Tumor_CNN_Project/dataset/Epic and CSCR hospital Dataset/Train/pituitary/P_718_HF_.jpg,pituitary,1
/content/drive/MyDrive/Brain_Tumor_CNN_Project/dataset/Epic and CSCR hospital Dataset/Train/meningioma/M_882.jpg,meningioma,1
/content/drive/MyDrive/Brain_Tumor_CNN_Project/dataset/Epic and CSCR hospital Dataset/Train/notumor/1777.jpg,notumor,0
/content/drive/MyDrive/Brain_Tumor_CNN_Project/dataset/Epic and CSCR hospital Dataset/Train/notumor/Tr-no_0277.jpg,notumor,0
/content/drive/MyDrive/Brain_Tumor_CNN_Project/dataset/Epic and CSCR hospital Dataset/Train/notumor/Te-no_0315.jpg,notumor,0
/content/drive/MyDrive/Brain_Tumor_CNN_Project/dataset/Epic and CSCR hospital Dataset/Train/pituitary/Te-pi_0095.jpg,pituitary,1
/content/drive/MyDrive/Brain_Tumor_CNN_Project/dataset/Epic and CSCR hospital Dataset/Train/meningioma/m2 (37).jpg,meningioma,1
/content/drive/MyDrive/Brain_Tumor_CNN_Project/dataset/Epic and CSCR hospital Dataset/Train/glioma/G_840_BR_.jpg,glioma,1
/content/drive/MyDrive/Brain_Tumor_CNN_Project/dataset/Epic and CSCR hospital Dataset/Train/pituitary/P_786_BR_.jpg,pituitary,1
/content/drive/MyDrive/Brain_Tumor_CNN_Project/dataset/Epic and CSCR hospital Dataset/Train/meningioma/M_856.jpg,meningioma,1
/content/drive/MyDrive/Brain_Tumor_CNN_Project/dataset/Epic and CSCR hospital Dataset/Train/meningioma/M_856_BR_.jpg,meningioma,1
/content/drive/MyDrive/Brain_Tumor_CNN_Project/dataset/Epic and CSCR hospital Dataset/Train/pituitary/p (607).jpg,pituitary,1
/content/drive/MyDrive/Brain_Tumor_CNN_Project/dataset/Epic and CSCR hospital Dataset/Train/pituitary/P_808_SP_.jpg,pituitary,1
/content/drive/MyDrive/Brain_Tumor_CNN_Project/dataset/Epic and CSCR hospital Dataset/Train/pituitary/Tr-pi_0399.jpg,pituitary,1
/content/drive/MyDrive/Brain_Tumor_CNN_Project/dataset/Epic and CSCR hospital Dataset/Train/meningioma/Te-me_0227.jpg,meningioma,1
/content/drive/MyDrive/Brain_Tumor_CNN_Project/dataset/Epic and CSCR hospital Dataset/Train/notumor/1665.jpg,notumor,0
/content/drive/MyDrive/Brain_Tumor_CNN_Project/dataset/Epic and CSCR hospital Dataset/Train/meningioma/m2 (5).jpg,meningioma,1
/content/drive/MyDrive/Brain_Tumor_CNN_Project/dataset/Epic and CSCR hospital Dataset/Train/glioma/Tr-gl_1241.jpg,glioma,1
/content/drive/MyDrive/Brain_Tumor_CNN_Project/dataset/Epic and CSCR hospital Dataset/Train/meningioma/Tr-me_0166.jpg,meningioma,1
/content/drive/MyDrive/Brain_Tumor_CNN_Project/dataset/Epic and CSCR hospital Dataset/Train/glioma/Tr-gl_0304.jpg,glioma,1
/content/drive/MyDrive/Brain_Tumor_CNN_Project/dataset/Epic and CSCR hospital Dataset/Train/meningioma/m3 (135).jpg,meningioma,1
/content/drive/MyDrive/Brain_Tumor_CNN_Project/dataset/Epic and CSCR hospital Dataset/Train/glioma/G_845_SP_.jpg,glioma,1
/content/drive/MyDrive/Brain_Tumor_CNN_Project/dataset/Epic and CSCR hospital Dataset/Train/notumor/4 no.jpg,notumor,0
/content/drive/MyDrive/Brain_Tumor_CNN_Project/dataset/Epic and CSCR hospital Dataset/Train/pituitary/Te-pi_0193.jpg,pituitary,1
/content/drive/MyDrive/Brain_Tumor_CNN_Project/dataset/Epic and CSCR hospital Dataset/Train/glioma/Tr-gl_1226.jpg,glioma,1
/content/drive/MyDrive/Brain_Tumor_CNN_Project/dataset/Epic and CSCR hospital Dataset/Train/meningioma/Tr-me_0622.jpg,meningioma,1
/content/drive/MyDrive/Brain_Tumor_CNN_Project/dataset/Epic and CSCR hospital Dataset/Train/glioma/Te-gl_0147.jpg,glioma,1
/content/drive/MyDrive/Brain_Tumor_CNN_Project/dataset/Epic and CSCR hospital Dataset/Train/pituitary/Te-pi_0124.jpg,pituitary,1
/content/drive/MyDrive/Brain_Tumor_CNN_Project/dataset/Epic and CSCR hospital Dataset/Train/notumor/N_380_SP_.jpg,notumor,0
/content/drive/MyDrive/Brain_Tumor_CNN_Project/dataset/Epic and CSCR hospital Dataset/Train/glioma/Tr-gl_0357.jpg,glioma,1
/content/drive/MyDrive/Brain_Tumor_CNN_Project/dataset/Epic and CSCR hospital Dataset/Train/meningioma/Tr-me_0811.jpg,meningioma,1
/content/drive/MyDrive/Brain_Tumor_CNN_Project/dataset/Epic and CSCR hospital Dataset/Train/notumor/Tr-no_0634.jpg,notumor,0
/content/drive/MyDrive/Brain_Tumor_CNN_Project/dataset/Epic and CSCR hospital Dataset/Train/glioma/Tr-gl_0170.jpg,glioma,1
/content/drive/MyDrive/Brain_Tumor_CNN_Project/dataset/Epic and CSCR hospital Dataset/Train/meningioma/Tr-me_1184.jpg,meningioma,1
/content/drive/MyDrive/Brain_Tumor_CNN_Project/dataset/Epic and CSCR hospital Dataset/Train/meningioma/Tr-me_0202.jpg,meningioma,1
/content/drive/MyDrive/Brain_Tumor_CNN_Project/dataset/Epic and CSCR hospital Dataset/Train/glioma/gg (555).jpg,glioma,1
/content/drive/MyDrive/Brain_Tumor_CNN_Project/dataset/Epic and CSCR hospital Dataset/Train/notumor/Te-no_0277.jpg,notumor,0
/content/drive/MyDrive/Brain_Tumor_CNN_Project/dataset/Epic and CSCR hospital Dataset/Train/meningioma/M_838_VF_.jpg,meningioma,1
/content/drive/MyDrive/Brain_Tumor_CNN_Project/dataset/Epic and CSCR hospital Dataset/Train/meningioma/Tr-me_0133.jpg,meningioma,1
/content/drive/MyDrive/Brain_Tumor_CNN_Project/dataset/Epic and CSCR hospital Dataset/Train/pituitary/Tr-pi_1303.jpg,pituitary,1
/content/drive/MyDrive/Brain_Tumor_CNN_Project/dataset/Epic and CSCR hospital Dataset/Train/pituitary/Tr-pi_0302.jpg,pituitary,1
/content/drive/MyDrive/Brain_Tumor_CNN_Project/dataset/Epic and CSCR hospital Dataset/Train/glioma/G_742_DA_.jpg,glioma,1
/content/drive/MyDrive/Brain_Tumor_CNN_Project/dataset/Epic and CSCR hospital Dataset/Train/glioma/image(21).jpg,glioma,1
/content/drive/MyDrive/Brain_Tumor_CNN_Project/dataset/Epic and CSCR hospital Dataset/Train/pituitary/P_842_SP_.jpg,pituitary,1
/content/drive/MyDrive/Brain_Tumor_CNN_Project/dataset/Epic and CSCR hospital Dataset/Train/pituitary/p (536).jpg,pituitary,1
/content/drive/MyDrive/Brain_Tumor_CNN_Project/dataset/Epic and CSCR hospital Dataset/Train/pituitary/Tr-pi_0790.jpg,pituitary,1
/content/drive/MyDrive/Brain_Tumor_CNN_Project/dataset/Epic and CSCR hospital Dataset/Train/meningioma/m3 (182).jpg,meningioma,1
/content/drive/MyDrive/Brain_Tumor_CNN_Project/dataset/Epic and CSCR hospital Dataset/Train/meningioma/M_865_DA_.jpg,meningioma,1
/content/drive/MyDrive/Brain_Tumor_CNN_Project/dataset/Epic and CSCR hospital Dataset/Train/pituitary/Tr-pi_0554.jpg,pituitary,1
/content/drive/MyDrive/Brain_Tumor_CNN_Project/dataset/Epic and CSCR hospital Dataset/Train/glioma/G_879_VF_.jpg,glioma,1
/content/drive/MyDrive/Brain_Tumor_CNN_Project/dataset/Epic and CSCR hospital Dataset/Train/pituitary/P_776_DA_.jpg,pituitary,1
/content/drive/MyDrive/Brain_Tumor_CNN_Project/dataset/Epic and CSCR hospital Dataset/Train/meningioma/M_872_BR_.jpg,meningioma,1
/content/drive/MyDrive/Brain_Tumor_CNN_Project/dataset/Epic and CSCR hospital Dataset/Train/meningioma/Tr-me_0250.jpg,meningioma,1
/content/drive/MyDrive/Brain_Tumor_CNN_Project/dataset/Epic and CSCR hospital Dataset/Train/pituitary/Tr-pi_0497.jpg,pituitary,1
/content/drive/MyDrive/Brain_Tumor_CNN_Project/dataset/Epic and CSCR hospital Dataset/Train/meningioma/Tr-me_0333.jpg,meningioma,1
/content/drive/MyDrive/Brain_Tumor_CNN_Project/dataset/Epic and CSCR hospital Dataset/Train/glioma/Tr-gl_1163.jpg,glioma,1
/content/drive/MyDrive/Brain_Tumor_CNN_Project/dataset/Epic and CSCR hospital Dataset/Train/glioma/image(60).jpg,glioma,1
/content/drive/MyDrive/Brain_Tumor_CNN_Project/dataset/Epic and CSCR hospital Dataset/Train/meningioma/m2 (118).jpg,meningioma,1
/content/drive/MyDrive/Brain_Tumor_CNN_Project/dataset/Epic and CSCR hospital Dataset/Train/notumor/Tr-no_0136.jpg,notumor,0
/content/drive/MyDrive/Brain_Tumor_CNN_Project/dataset/Epic and CSCR hospital Dataset/Train/meningioma/m2 (165).jpg,meningioma,1
/content/drive/MyDrive/Brain_Tumor_CNN_Project/dataset/Epic and CSCR hospital Dataset/Train/pituitary/Tr-pi_0531.jpg,pituitary,1
/content/drive/MyDrive/Brain_Tumor_CNN_Project/dataset/Epic and CSCR hospital Dataset/Train/meningioma/M_854_DA_.jpg,meningioma,1
/content/drive/MyDrive/Brain_Tumor_CNN_Project/dataset/Epic and CSCR hospital Dataset/Train/glioma/Tr-gl_0851.jpg,glioma,1
/content/drive/MyDrive/Brain_Tumor_CNN_Project/dataset/Epic and CSCR hospital Dataset/Train/pituitary/p (514).jpg,pituitary,1
/content/drive/MyDrive/Brain_Tumor_CNN_Project/dataset/Epic and CSCR hospital Dataset/Train/pituitary/Tr-pi_1087.jpg,pituitary,1
/content/drive/MyDrive/Brain_Tumor_CNN_Project/dataset/Epic and CSCR hospital Dataset/Train/meningioma/Tr-me_0907.jpg,meningioma,1
/content/drive/MyDrive/Brain_Tumor_CNN_Project/dataset/Epic and CSCR hospital Dataset/Train/pituitary/P_81_DA_.jpg,pituitary,1
/content/drive/MyDrive/Brain_Tumor_CNN_Project/dataset/Epic and CSCR hospital Dataset/Train/glioma/gg (369).jpg,glioma,1
/content/drive/MyDrive/Brain_Tumor_CNN_Project/dataset/Epic and CSCR hospital Dataset/Train/meningioma/Tr-me_0475.jpg,meningioma,1
/content/drive/MyDrive/Brain_Tumor_CNN_Project/dataset/Epic and CSCR hospital Dataset/Train/meningioma/M_837_SP_.jpg,meningioma,1
/content/drive/MyDrive/Brain_Tumor_CNN_Project/dataset/Epic and CSCR hospital Dataset/Train/pituitary/Tr-pi_1143.jpg,pituitary,1
/content/drive/MyDrive/Brain_Tumor_CNN_Project/dataset/Epic and CSCR hospital Dataset/Train/glioma/G_852_DA_.jpg,glioma,1
/content/drive/MyDrive/Brain_Tumor_CNN_Project/dataset/Epic and CSCR hospital Dataset/Train/pituitary/Tr-pi_0423.jpg,pituitary,1
/content/drive/MyDrive/Brain_Tumor_CNN_Project/dataset/Epic and CSCR hospital Dataset/Train/notumor/1747.jpg,notumor,0
/content/drive/MyDrive/Brain_Tumor_CNN_Project/dataset/Epic and CSCR hospital Dataset/Train/glioma/Te-gl_0092.jpg,glioma,1
/content/drive/MyDrive/Brain_Tumor_CNN_Project/dataset/Epic and CSCR hospital Dataset/Train/pituitary/p (531).jpg,pituitary,1
/content/drive/MyDrive/Brain_Tumor_CNN_Project/dataset/Epic and CSCR hospital Dataset/Train/meningioma/M_859_RO_.jpg,meningioma,1
/content/drive/MyDrive/Brain_Tumor_CNN_Project/dataset/Epic and CSCR hospital Dataset/Train/pituitary/Tr-pi_1086.jpg,pituitary,1
/content/drive/MyDrive/Brain_Tumor_CNN_Project/dataset/Epic and CSCR hospital Dataset/Train/pituitary/Tr-pi_0996.jpg,pituitary,1
/content/drive/MyDrive/Brain_Tumor_CNN_Project/dataset/Epic and CSCR hospital Dataset/Train/pituitary/Tr-pi_1260.jpg,pituitary,1
/content/drive/MyDrive/Brain_Tumor_CNN_Project/dataset/Epic and CSCR hospital Dataset/Train/notumor/Tr-no_0535.jpg,notumor,0
/content/drive/MyDrive/Brain_Tumor_CNN_Project/dataset/Epic and CSCR hospital Dataset/Train/notumor/N_56_VF_.jpg,notumor,0
/content/drive/MyDrive/Brain_Tumor_CNN_Project/dataset/Epic and CSCR hospital Dataset/Train/meningioma/Tr-me_0835.jpg,meningioma,1
/content/drive/MyDrive/Brain_Tumor_CNN_Project/dataset/Epic and CSCR hospital Dataset/Train/meningioma/Te-me_0260.jpg,meningioma,1
/content/drive/MyDrive/Brain_Tumor_CNN_Project/dataset/Epic and CSCR hospital Dataset/Train/notumor/Te-no_0163.jpg,notumor,0
/content/drive/MyDrive/Brain_Tumor_CNN_Project/dataset/Epic and CSCR hospital Dataset/Train/pituitary/P_742.jpg,pituitary,1
/content/drive/MyDrive/Brain_Tumor_CNN_Project/dataset/Epic and CSCR hospital Dataset/Train/meningioma/Tr-me_1258.jpg,meningioma,1
/content/drive/MyDrive/Brain_Tumor_CNN_Project/dataset/Epic and CSCR hospital Dataset/Train/pituitary/Tr-pi_0197.jpg,pituitary,1
/content/drive/MyDrive/Brain_Tumor_CNN_Project/dataset/Epic and CSCR hospital Dataset/Train/meningioma/Tr-me_0330.jpg,meningioma,1
/content/drive/MyDrive/Brain_Tumor_CNN_Project/dataset/Epic and CSCR hospital Dataset/Train/notumor/Tr-no_0629.jpg,notumor,0
/content/drive/MyDrive/Brain_Tumor_CNN_Project/dataset/Epic and CSCR hospital Dataset/Train/notumor/Tr-no_0563.jpg,notumor,0
/content/drive/MyDrive/Brain_Tumor_CNN_Project/dataset/Epic and CSCR hospital Dataset/Train/pituitary/P_770_BR_.jpg,pituitary,1
/content/drive/MyDrive/Brain_Tumor_CNN_Project/dataset/Epic and CSCR hospital Dataset/Train/notumor/1637.jpg,notumor,0
/content/drive/MyDrive/Brain_Tumor_CNN_Project/dataset/Epic and CSCR hospital Dataset/Train/glioma/Tr-gl_0349.jpg,glioma,1
/content/drive/MyDrive/Brain_Tumor_CNN_Project/dataset/Epic and CSCR hospital Dataset/Train/glioma/G_804_SP_.jpg,glioma,1
/content/drive/MyDrive/Brain_Tumor_CNN_Project/dataset/Epic and CSCR hospital Dataset/Train/pituitary/Tr-pi_0321.jpg,pituitary,1
/content/drive/MyDrive/Brain_Tumor_CNN_Project/dataset/Epic and CSCR hospital Dataset/Train/pituitary/Tr-pi_0464.jpg,pituitary,1
/content/drive/MyDrive/Brain_Tumor_CNN_Project/dataset/Epic and CSCR hospital Dataset/Train/glioma/gg (521).jpg,glioma,1
/content/drive/MyDrive/Brain_Tumor_CNN_Project/dataset/Epic and CSCR hospital Dataset/Train/pituitary/P_805_SP_.jpg,pituitary,1
/content/drive/MyDrive/Brain_Tumor_CNN_Project/dataset/Epic and CSCR hospital Dataset/Train/pituitary/P_740_DA_.jpg,pituitary,1
/content/drive/MyDrive/Brain_Tumor_CNN_Project/dataset/Epic and CSCR hospital Dataset/Train/glioma/G_731_SP_.jpg,glioma,1
/content/drive/MyDrive/Brain_Tumor_CNN_Project/dataset/Epic and CSCR hospital Dataset/Train/glioma/Tr-gl_0398.jpg,glioma,1
/content/drive/MyDrive/Brain_Tumor_CNN_Project/dataset/Epic and CSCR hospital Dataset/Train/pituitary/P_844_RO_.jpg,pituitary,1
/content/drive/MyDrive/Brain_Tumor_CNN_Project/dataset/Epic and CSCR hospital Dataset/Train/pituitary/Tr-pi_0761.jpg,pituitary,1
/content/drive/MyDrive/Brain_Tumor_CNN_Project/dataset/Epic and CSCR hospital Dataset/Train/notumor/N_434_RO_.jpg,notumor,0
/content/drive/MyDrive/Brain_Tumor_CNN_Project/dataset/Epic and CSCR hospital Dataset/Train/glioma/G_743_HF_.jpg,glioma,1
/content/drive/MyDrive/Brain_Tumor_CNN_Project/dataset/Epic and CSCR hospital Dataset/Train/glioma/Tr-gl_0426.jpg,glioma,1
/content/drive/MyDrive/Brain_Tumor_CNN_Project/dataset/Epic and CSCR hospital Dataset/Train/pituitary/Tr-pi_0781.jpg,pituitary,1
/content/drive/MyDrive/Brain_Tumor_CNN_Project/dataset/Epic and CSCR hospital Dataset/Train/pituitary/Tr-pi_0111.jpg,pituitary,1
/content/drive/MyDrive/Brain_Tumor_CNN_Project/dataset/Epic and CSCR hospital Dataset/Train/glioma/Tr-gl_0174.jpg,glioma,1
/content/drive/MyDrive/Brain_Tumor_CNN_Project/dataset/Epic and CSCR hospital Dataset/Train/glioma/Tr-gl_0637.jpg,glioma,1
/content/drive/MyDrive/Brain_Tumor_CNN_Project/dataset/Epic and CSCR hospital Dataset/Train/meningioma/Tr-me_0079.jpg,meningioma,1
/content/drive/MyDrive/Brain_Tumor_CNN_Project/dataset/Epic and CSCR hospital Dataset/Train/meningioma/Tr-me_1175.jpg,meningioma,1
/content/drive/MyDrive/Brain_Tumor_CNN_Project/dataset/Epic and CSCR hospital Dataset/Train/glioma/G_764_BR_.jpg,glioma,1
/content/drive/MyDrive/Brain_Tumor_CNN_Project/dataset/Epic and CSCR hospital Dataset/Train/pituitary/Tr-pi_0308.jpg,pituitary,1
/content/drive/MyDrive/Brain_Tumor_CNN_Project/dataset/Epic and CSCR hospital Dataset/Train/glioma/Tr-gl_0934.jpg,glioma,1
/content/drive/MyDrive/Brain_Tumor_CNN_Project/dataset/Epic and CSCR hospital Dataset/Train/notumor/N22.JPG,notumor,0
/content/drive/MyDrive/Brain_Tumor_CNN_Project/dataset/Epic and CSCR hospital Dataset/Train/notumor/Te-no_0168.jpg,notumor,0
/content/drive/MyDrive/Brain_Tumor_CNN_Project/dataset/Epic and CSCR hospital Dataset/Train/glioma/Tr-gl_0297.jpg,glioma,1
/content/drive/MyDrive/Brain_Tumor_CNN_Project/dataset/Epic and CSCR hospital Dataset/Train/pituitary/P_821_HF_.jpg,pituitary,1
/content/drive/MyDrive/Brain_Tumor_CNN_Project/dataset/Epic and CSCR hospital Dataset/Train/glioma/Tr-gl_0951.jpg,glioma,1
/content/drive/MyDrive/Brain_Tumor_CNN_Project/dataset/Epic and CSCR hospital Dataset/Train/meningioma/Tr-me_0446.jpg,meningioma,1
/content/drive/MyDrive/Brain_Tumor_CNN_Project/dataset/Epic and CSCR hospital Dataset/Train/meningioma/Tr-me_0391.jpg,meningioma,1
/content/drive/MyDrive/Brain_Tumor_CNN_Project/dataset/Epic and CSCR hospital Dataset/Train/meningioma/Tr-me_0378.jpg,meningioma,1
/content/drive/MyDrive/Brain_Tumor_CNN_Project/dataset/Epic and CSCR hospital Dataset/Train/pituitary/P_7_VF_.jpg,pituitary,1
/content/drive/MyDrive/Brain_Tumor_CNN_Project/dataset/Epic and CSCR hospital Dataset/Train/meningioma/1444.jpg,meningioma,1
/content/drive/MyDrive/Brain_Tumor_CNN_Project/dataset/Epic and CSCR hospital Dataset/Train/pituitary/p (486).jpg,pituitary,1
/content/drive/MyDrive/Brain_Tumor_CNN_Project/dataset/Epic and CSCR hospital Dataset/Train/pituitary/Tr-pi_0189.jpg,pituitary,1
/content/drive/MyDrive/Brain_Tumor_CNN_Project/dataset/Epic and CSCR hospital Dataset/Train/notumor/Te-no_0218.jpg,notumor,0
/content/drive/MyDrive/Brain_Tumor_CNN_Project/dataset/Epic and CSCR hospital Dataset/Train/glioma/Te-gl_0180.jpg,glioma,1
/content/drive/MyDrive/Brain_Tumor_CNN_Project/dataset/Epic and CSCR hospital Dataset/Train/meningioma/M_878_SP_.jpg,meningioma,1
/content/drive/MyDrive/Brain_Tumor_CNN_Project/dataset/Epic and CSCR hospital Dataset/Train/glioma/Tr-gl_0607.jpg,glioma,1
/content/drive/MyDrive/Brain_Tumor_CNN_Project/dataset/Epic and CSCR hospital Dataset/Train/meningioma/1303.jpg,meningioma,1
/content/drive/MyDrive/Brain_Tumor_CNN_Project/dataset/Epic and CSCR hospital Dataset/Train/glioma/G_728_BR_.jpg,glioma,1
/content/drive/MyDrive/Brain_Tumor_CNN_Project/dataset/Epic and CSCR hospital Dataset/Train/glioma/Tr-gl_0985.jpg,glioma,1
/content/drive/MyDrive/Brain_Tumor_CNN_Project/dataset/Epic and CSCR hospital Dataset/Train/notumor/N_51_RO_.jpg,notumor,0
/content/drive/MyDrive/Brain_Tumor_CNN_Project/dataset/Epic and CSCR hospital Dataset/Train/notumor/Tr-no_0191.jpg,notumor,0
/content/drive/MyDrive/Brain_Tumor_CNN_Project/dataset/Epic and CSCR hospital Dataset/Train/glioma/G_785_SP_.jpg,glioma,1
/content/drive/MyDrive/Brain_Tumor_CNN_Project/dataset/Epic and CSCR hospital Dataset/Train/glioma/G_840.jpg,glioma,1
/content/drive/MyDrive/Brain_Tumor_CNN_Project/dataset/Epic and CSCR hospital Dataset/Train/notumor/N_378_RO_.jpg,notumor,0
/content/drive/MyDrive/Brain_Tumor_CNN_Project/dataset/Epic and CSCR hospital Dataset/Train/meningioma/m2 (76).jpg,meningioma,1
/content/drive/MyDrive/Brain_Tumor_CNN_Project/dataset/Epic and CSCR hospital Dataset/Train/notumor/Te-no_0231.jpg,notumor,0
/content/drive/MyDrive/Brain_Tumor_CNN_Project/dataset/Epic and CSCR hospital Dataset/Train/pituitary/Tr-pi_0344.jpg,pituitary,1
/content/drive/MyDrive/Brain_Tumor_CNN_Project/dataset/Epic and CSCR hospital Dataset/Train/meningioma/M_824_DA_.jpg,meningioma,1
/content/drive/MyDrive/Brain_Tumor_CNN_Project/dataset/Epic and CSCR hospital Dataset/Train/pituitary/P_76_HF_.jpg,pituitary,1
/content/drive/MyDrive/Brain_Tumor_CNN_Project/dataset/Epic and CSCR hospital Dataset/Train/glioma/G_889_RO_.jpg,glioma,1
/content/drive/MyDrive/Brain_Tumor_CNN_Project/dataset/Epic and CSCR hospital Dataset/Train/notumor/N_386_BR_.jpg,notumor,0
/content/drive/MyDrive/Brain_Tumor_CNN_Project/dataset/Epic and CSCR hospital Dataset/Train/notumor/N_394_RO_.jpg,notumor,0
/content/drive/MyDrive/Brain_Tumor_CNN_Project/dataset/Epic and CSCR hospital Dataset/Train/pituitary/P_713_RO_.jpg,pituitary,1
/content/drive/MyDrive/Brain_Tumor_CNN_Project/dataset/Epic and CSCR hospital Dataset/Train/glioma/Tr-gl_0471.jpg,glioma,1
/content/drive/MyDrive/Brain_Tumor_CNN_Project/dataset/Epic and CSCR hospital Dataset/Train/pituitary/Tr-pi_0106.jpg,pituitary,1
/content/drive/MyDrive/Brain_Tumor_CNN_Project/dataset/Epic and CSCR hospital Dataset/Train/pituitary/Te-pi_0119.jpg,pituitary,1
/content/drive/MyDrive/Brain_Tumor_CNN_Project/dataset/Epic and CSCR hospital Dataset/Train/meningioma/M_886_HF_.jpg,meningioma,1
/content/drive/MyDrive/Brain_Tumor_CNN_Project/dataset/Epic and CSCR hospital Dataset/Train/glioma/gg (63).jpg,glioma,1
/content/drive/MyDrive/Brain_Tumor_CNN_Project/dataset/Epic and CSCR hospital Dataset/Train/glioma/gg (539).jpg,glioma,1
/content/drive/MyDrive/Brain_Tumor_CNN_Project/dataset/Epic and CSCR hospital Dataset/Train/glioma/Tr-gl_1220.jpg,glioma,1
/content/drive/MyDrive/Brain_Tumor_CNN_Project/dataset/Epic and CSCR hospital Dataset/Train/pituitary/Tr-pi_1118.jpg,pituitary,1
/content/drive/MyDrive/Brain_Tumor_CNN_Project/dataset/Epic and CSCR hospital Dataset/Train/glioma/Tr-gl_0330.jpg,glioma,1
/content/drive/MyDrive/Brain_Tumor_CNN_Project/dataset/Epic and CSCR hospital Dataset/Train/notumor/Tr-no_0151.jpg,notumor,0
/content/drive/MyDrive/Brain_Tumor_CNN_Project/dataset/Epic and CSCR hospital Dataset/Train/glioma/G_860_DA_.jpg,glioma,1
/content/drive/MyDrive/Brain_Tumor_CNN_Project/dataset/Epic and CSCR hospital Dataset/Train/glioma/G_890_VF_.jpg,glioma,1
/content/drive/MyDrive/Brain_Tumor_CNN_Project/dataset/Epic and CSCR hospital Dataset/Train/notumor/Tr-no_0639.jpg,notumor,0
/content/drive/MyDrive/Brain_Tumor_CNN_Project/dataset/Epic and CSCR hospital Dataset/Train/meningioma/Te-me_0213.jpg,meningioma,1
/content/drive/MyDrive/Brain_Tumor_CNN_Project/dataset/Epic and CSCR hospital Dataset/Train/glioma/Tr-gl_0363.jpg,glioma,1
/content/drive/MyDrive/Brain_Tumor_CNN_Project/dataset/Epic and CSCR hospital Dataset/Train/glioma/G_712_SP_.jpg,glioma,1
/content/drive/MyDrive/Brain_Tumor_CNN_Project/dataset/Epic and CSCR hospital Dataset/Train/notumor/Tr-no_0601.jpg,notumor,0
/content/drive/MyDrive/Brain_Tumor_CNN_Project/dataset/Epic and CSCR hospital Dataset/Train/pituitary/Tr-pi_0520.jpg,pituitary,1
/content/drive/MyDrive/Brain_Tumor_CNN_Project/dataset/Epic and CSCR hospital Dataset/Train/meningioma/Tr-me_0226.jpg,meningioma,1
/content/drive/MyDrive/Brain_Tumor_CNN_Project/dataset/Epic and CSCR hospital Dataset/Train/glioma/G_895_VF_.jpg,glioma,1
/content/drive/MyDrive/Brain_Tumor_CNN_Project/dataset/Epic and CSCR hospital Dataset/Train/pituitary/P_755.jpg,pituitary,1
/content/drive/MyDrive/Brain_Tumor_CNN_Project/dataset/Epic and CSCR hospital Dataset/Train/glioma/G_786.jpg,glioma,1
/content/drive/MyDrive/Brain_Tumor_CNN_Project/dataset/Epic and CSCR hospital Dataset/Train/glioma/G_832.jpg,glioma,1
/content/drive/MyDrive/Brain_Tumor_CNN_Project/dataset/Epic and CSCR hospital Dataset/Train/pituitary/Tr-pi_0324.jpg,pituitary,1
/content/drive/MyDrive/Brain_Tumor_CNN_Project/dataset/Epic and CSCR hospital Dataset/Train/notumor/N_387_HF_.jpg,notumor,0
/content/drive/MyDrive/Brain_Tumor_CNN_Project/dataset/Epic and CSCR hospital Dataset/Train/meningioma/Tr-me_0621.jpg,meningioma,1
/content/drive/MyDrive/Brain_Tumor_CNN_Project/dataset/Epic and CSCR hospital Dataset/Train/glioma/G_890.jpg,glioma,1
/content/drive/MyDrive/Brain_Tumor_CNN_Project/dataset/Epic and CSCR hospital Dataset/Train/notumor/1611.jpg,notumor,0
/content/drive/MyDrive/Brain_Tumor_CNN_Project/dataset/Epic and CSCR hospital Dataset/Train/pituitary/Tr-pi_1309.jpg,pituitary,1
/content/drive/MyDrive/Brain_Tumor_CNN_Project/dataset/Epic and CSCR hospital Dataset/Train/pituitary/Tr-pi_0669.jpg,pituitary,1
/content/drive/MyDrive/Brain_Tumor_CNN_Project/dataset/Epic and CSCR hospital Dataset/Train/glioma/G_878_VF_.jpg,glioma,1
/content/drive/MyDrive/Brain_Tumor_CNN_Project/dataset/Epic and CSCR hospital Dataset/Train/pituitary/Te-pi_0102.jpg,pituitary,1
/content/drive/MyDrive/Brain_Tumor_CNN_Project/dataset/Epic and CSCR hospital Dataset/Train/pituitary/P_782_SP_.jpg,pituitary,1
/content/drive/MyDrive/Brain_Tumor_CNN_Project/dataset/Epic and CSCR hospital Dataset/Train/pituitary/P_823_HF_.jpg,pituitary,1
/content/drive/MyDrive/Brain_Tumor_CNN_Project/dataset/Epic and CSCR hospital Dataset/Train/notumor/N_49_SP_.jpg,notumor,0
/content/drive/MyDrive/Brain_Tumor_CNN_Project/dataset/Epic and CSCR hospital Dataset/Train/glioma/gg (569).jpg,glioma,1
/content/drive/MyDrive/Brain_Tumor_CNN_Project/dataset/Epic and CSCR hospital Dataset/Train/meningioma/Tr-me_1144.jpg,meningioma,1
/content/drive/MyDrive/Brain_Tumor_CNN_Project/dataset/Epic and CSCR hospital Dataset/Train/meningioma/M_833_SP_.jpg,meningioma,1
/content/drive/MyDrive/Brain_Tumor_CNN_Project/dataset/Epic and CSCR hospital Dataset/Train/glioma/G_820_SP_.jpg,glioma,1
/content/drive/MyDrive/Brain_Tumor_CNN_Project/dataset/Epic and CSCR hospital Dataset/Train/meningioma/Tr-me_1040.jpg,meningioma,1
/content/drive/MyDrive/Brain_Tumor_CNN_Project/dataset/Epic and CSCR hospital Dataset/Train/meningioma/Tr-me_1186.jpg,meningioma,1
/content/drive/MyDrive/Brain_Tumor_CNN_Project/dataset/Epic and CSCR hospital Dataset/Train/notumor/N_432_RO_.jpg,notumor,0
/content/drive/MyDrive/Brain_Tumor_CNN_Project/dataset/Epic and CSCR hospital Dataset/Train/pituitary/Tr-pi_1406.jpg,pituitary,1
/content/drive/MyDrive/Brain_Tumor_CNN_Project/dataset/Epic and CSCR hospital Dataset/Train/pituitary/Tr-pi_0251.jpg,pituitary,1
/content/drive/MyDrive/Brain_Tumor_CNN_Project/dataset/Epic and CSCR hospital Dataset/Train/notumor/N_52_HF_.jpg,notumor,0
/content/drive/MyDrive/Brain_Tumor_CNN_Project/dataset/Epic and CSCR hospital Dataset/Train/meningioma/Tr-me_0082.jpg,meningioma,1
/content/drive/MyDrive/Brain_Tumor_CNN_Project/dataset/Epic and CSCR hospital Dataset/Train/meningioma/Tr-me_0829.jpg,meningioma,1
/content/drive/MyDrive/Brain_Tumor_CNN_Project/dataset/Epic and CSCR hospital Dataset/Train/meningioma/Tr-me_0262.jpg,meningioma,1
/content/drive/MyDrive/Brain_Tumor_CNN_Project/dataset/Epic and CSCR hospital Dataset/Train/notumor/Tr-no_0292.jpg,notumor,0
/content/drive/MyDrive/Brain_Tumor_CNN_Project/dataset/Epic and CSCR hospital Dataset/Train/glioma/G_771.jpg,glioma,1
/content/drive/MyDrive/Brain_Tumor_CNN_Project/dataset/Epic and CSCR hospital Dataset/Train/meningioma/m3 (116).jpg,meningioma,1
/content/drive/MyDrive/Brain_Tumor_CNN_Project/dataset/Epic and CSCR hospital Dataset/Train/pituitary/Tr-pi_0732.jpg,pituitary,1
/content/drive/MyDrive/Brain_Tumor_CNN_Project/dataset/Epic and CSCR hospital Dataset/Train/pituitary/P_764.jpg,pituitary,1
/content/drive/MyDrive/Brain_Tumor_CNN_Project/dataset/Epic and CSCR hospital Dataset/Train/notumor/N_384_RO_.jpg,notumor,0
/content/drive/MyDrive/Brain_Tumor_CNN_Project/dataset/Epic and CSCR hospital Dataset/Train/pituitary/P_826_HF_.jpg,pituitary,1
/content/drive/MyDrive/Brain_Tumor_CNN_Project/dataset/Epic and CSCR hospital Dataset/Train/glioma/Tr-gl_0365.jpg,glioma,1
/content/drive/MyDrive/Brain_Tumor_CNN_Project/dataset/Epic and CSCR hospital Dataset/Train/pituitary/P_732_RO_.jpg,pituitary,1
/content/drive/MyDrive/Brain_Tumor_CNN_Project/dataset/Epic and CSCR hospital Dataset/Train/glioma/G_807_BR_.jpg,glioma,1
/content/drive/MyDrive/Brain_Tumor_CNN_Project/dataset/Epic and CSCR hospital Dataset/Train/meningioma/Te-me_0172.jpg,meningioma,1
/content/drive/MyDrive/Brain_Tumor_CNN_Project/dataset/Epic and CSCR hospital Dataset/Train/glioma/G_760_DA_.jpg,glioma,1
/content/drive/MyDrive/Brain_Tumor_CNN_Project/dataset/Epic and CSCR hospital Dataset/Train/notumor/Te-no_0255.jpg,notumor,0
/content/drive/MyDrive/Brain_Tumor_CNN_Project/dataset/Epic and CSCR hospital Dataset/Train/glioma/Te-gl_0218.jpg,glioma,1
/content/drive/MyDrive/Brain_Tumor_CNN_Project/dataset/Epic and CSCR hospital Dataset/Train/glioma/Tr-gl_0081.jpg,glioma,1
/content/drive/MyDrive/Brain_Tumor_CNN_Project/dataset/Epic and CSCR hospital Dataset/Train/glioma/G_797_HF_.jpg,glioma,1
/content/drive/MyDrive/Brain_Tumor_CNN_Project/dataset/Epic and CSCR hospital Dataset/Train/glioma/G_895_SP_.jpg,glioma,1
/content/drive/MyDrive/Brain_Tumor_CNN_Project/dataset/Epic and CSCR hospital Dataset/Train/meningioma/Tr-me_0344.jpg,meningioma,1
/content/drive/MyDrive/Brain_Tumor_CNN_Project/dataset/Epic and CSCR hospital Dataset/Train/glioma/Tr-gl_0797.jpg,glioma,1
/content/drive/MyDrive/Brain_Tumor_CNN_Project/dataset/Epic and CSCR hospital Dataset/Train/pituitary/Tr-pi_1021.jpg,pituitary,1
/content/drive/MyDrive/Brain_Tumor_CNN_Project/dataset/Epic and CSCR hospital Dataset/Train/glioma/G_873_SP_.jpg,glioma,1
/content/drive/MyDrive/Brain_Tumor_CNN_Project/dataset/Epic and CSCR hospital Dataset/Train/glioma/Te-gl_0217.jpg,glioma,1
/content/drive/MyDrive/Brain_Tumor_CNN_Project/dataset/Epic and CSCR hospital Dataset/Train/glioma/image(65).jpg,glioma,1
/content/drive/MyDrive/Brain_Tumor_CNN_Project/dataset/Epic and CSCR hospital Dataset/Train/pituitary/Tr-pi_0684.jpg,pituitary,1
/content/drive/MyDrive/Brain_Tumor_CNN_Project/dataset/Epic and CSCR hospital Dataset/Train/meningioma/Tr-me_0833.jpg,meningioma,1
/content/drive/MyDrive/Brain_Tumor_CNN_Project/dataset/Epic and CSCR hospital Dataset/Train/pituitary/Tr-pi_0403.jpg,pituitary,1
/content/drive/MyDrive/Brain_Tumor_CNN_Project/dataset/Epic and CSCR hospital Dataset/Train/glioma/G_801_BR_.jpg,glioma,1
/content/drive/MyDrive/Brain_Tumor_CNN_Project/dataset/Epic and CSCR hospital Dataset/Train/notumor/N_36_SP_.jpg,notumor,0
/content/drive/MyDrive/Brain_Tumor_CNN_Project/dataset/Epic and CSCR hospital Dataset/Train/glioma/gg (38).jpg,glioma,1
/content/drive/MyDrive/Brain_Tumor_CNN_Project/dataset/Epic and CSCR hospital Dataset/Train/glioma/gg (571).jpg,glioma,1
/content/drive/MyDrive/Brain_Tumor_CNN_Project/dataset/Epic and CSCR hospital Dataset/Train/pituitary/P_842_HF_.jpg,pituitary,1
/content/drive/MyDrive/Brain_Tumor_CNN_Project/dataset/Epic and CSCR hospital Dataset/Train/pituitary/P_775_RO_.jpg,pituitary,1
/content/drive/MyDrive/Brain_Tumor_CNN_Project/dataset/Epic and CSCR hospital Dataset/Train/meningioma/Tr-me_0342.jpg,meningioma,1
/content/drive/MyDrive/Brain_Tumor_CNN_Project/dataset/Epic and CSCR hospital Dataset/Train/pituitary/Tr-pi_0339.jpg,pituitary,1
/content/drive/MyDrive/Brain_Tumor_CNN_Project/dataset/Epic and CSCR hospital Dataset/Train/notumor/Tr-no_0315.jpg,notumor,0
/content/drive/MyDrive/Brain_Tumor_CNN_Project/dataset/Epic and CSCR hospital Dataset/Train/notumor/N_378.jpg,notumor,0
/content/drive/MyDrive/Brain_Tumor_CNN_Project/dataset/Epic and CSCR hospital Dataset/Train/pituitary/P_815_BR_.jpg,pituitary,1
/content/drive/MyDrive/Brain_Tumor_CNN_Project/dataset/Epic and CSCR hospital Dataset/Train/notumor/N_4_VF_.jpg,notumor,0
/content/drive/MyDrive/Brain_Tumor_CNN_Project/dataset/Epic and CSCR hospital Dataset/Train/glioma/gg (419).jpg,glioma,1
/content/drive/MyDrive/Brain_Tumor_CNN_Project/dataset/Epic and CSCR hospital Dataset/Train/notumor/Te-no_0362.jpg,notumor,0
/content/drive/MyDrive/Brain_Tumor_CNN_Project/dataset/Epic and CSCR hospital Dataset/Train/glioma/image(85).jpg,glioma,1
/content/drive/MyDrive/Brain_Tumor_CNN_Project/dataset/Epic and CSCR hospital Dataset/Train/glioma/gg (60).jpg,glioma,1
/content/drive/MyDrive/Brain_Tumor_CNN_Project/dataset/Epic and CSCR hospital Dataset/Train/notumor/Tr-no_0167.jpg,notumor,0
/content/drive/MyDrive/Brain_Tumor_CNN_Project/dataset/Epic and CSCR hospital Dataset/Train/glioma/G_866_RO_.jpg,glioma,1
/content/drive/MyDrive/Brain_Tumor_CNN_Project/dataset/Epic and CSCR hospital Dataset/Train/glioma/G_791_HF_.jpg,glioma,1
/content/drive/MyDrive/Brain_Tumor_CNN_Project/dataset/Epic and CSCR hospital Dataset/Train/glioma/G_878_BR_.jpg,glioma,1
/content/drive/MyDrive/Brain_Tumor_CNN_Project/dataset/Epic and CSCR hospital Dataset/Train/pituitary/Tr-pi_0590.jpg,pituitary,1
/content/drive/MyDrive/Brain_Tumor_CNN_Project/dataset/Epic and CSCR hospital Dataset/Train/pituitary/Tr-pi_0114.jpg,pituitary,1
/content/drive/MyDrive/Brain_Tumor_CNN_Project/dataset/Epic and CSCR hospital Dataset/Train/pituitary/Tr-pi_0194.jpg,pituitary,1
/content/drive/MyDrive/Brain_Tumor_CNN_Project/dataset/Epic and CSCR hospital Dataset/Train/notumor/no 90.jpg,notumor,0
/content/drive/MyDrive/Brain_Tumor_CNN_Project/dataset/Epic and CSCR hospital Dataset/Train/meningioma/M_854.jpg,meningioma,1
/content/drive/MyDrive/Brain_Tumor_CNN_Project/dataset/Epic and CSCR hospital Dataset/Train/meningioma/Tr-me_0184.jpg,meningioma,1
/content/drive/MyDrive/Brain_Tumor_CNN_Project/dataset/Epic and CSCR hospital Dataset/Train/glioma/G_787_SP_.jpg,glioma,1
/content/drive/MyDrive/Brain_Tumor_CNN_Project/dataset/Epic and CSCR hospital Dataset/Train/glioma/Te-gl_0288.jpg,glioma,1
/content/drive/MyDrive/Brain_Tumor_CNN_Project/dataset/Epic and CSCR hospital Dataset/Train/glioma/Tr-gl_0984.jpg,glioma,1
/content/drive/MyDrive/Brain_Tumor_CNN_Project/dataset/Epic and CSCR hospital Dataset/Train/glioma/Tr-gl_0031.jpg,glioma,1
/content/drive/MyDrive/Brain_Tumor_CNN_Project/dataset/Epic and CSCR hospital Dataset/Train/meningioma/M_851_DA_.jpg,meningioma,1
/content/drive/MyDrive/Brain_Tumor_CNN_Project/dataset/Epic and CSCR hospital Dataset/Train/meningioma/M_892_DA_.jpg,meningioma,1
/content/drive/MyDrive/Brain_Tumor_CNN_Project/dataset/Epic and CSCR hospital Dataset/Train/pituitary/Tr-pi_1071.jpg,pituitary,1
/content/drive/MyDrive/Brain_Tumor_CNN_Project/dataset/Epic and CSCR hospital Dataset/Train/pituitary/Tr-pi_0847.jpg,pituitary,1
/content/drive/MyDrive/Brain_Tumor_CNN_Project/dataset/Epic and CSCR hospital Dataset/Train/glioma/G_833_HF_.jpg,glioma,1
/content/drive/MyDrive/Brain_Tumor_CNN_Project/dataset/Epic and CSCR hospital Dataset/Train/notumor/N_381_SP_.jpg,notumor,0
/content/drive/MyDrive/Brain_Tumor_CNN_Project/dataset/Epic and CSCR hospital Dataset/Train/notumor/1736.jpg,notumor,0
/content/drive/MyDrive/Brain_Tumor_CNN_Project/dataset/Epic and CSCR hospital Dataset/Train/glioma/G_827_DA_.jpg,glioma,1
/content/drive/MyDrive/Brain_Tumor_CNN_Project/dataset/Epic and CSCR hospital Dataset/Train/notumor/Te-no_0230.jpg,notumor,0
/content/drive/MyDrive/Brain_Tumor_CNN_Project/dataset/Epic and CSCR hospital Dataset/Train/pituitary/Tr-pi_0345.jpg,pituitary,1
/content/drive/MyDrive/Brain_Tumor_CNN_Project/dataset/Epic and CSCR hospital Dataset/Train/glioma/gg (501).jpg,glioma,1
/content/drive/MyDrive/Brain_Tumor_CNN_Project/dataset/Epic and CSCR hospital Dataset/Train/meningioma/m3 (133).jpg,meningioma,1
/content/drive/MyDrive/Brain_Tumor_CNN_Project/dataset/Epic and CSCR hospital Dataset/Train/meningioma/Tr-me_0821.jpg,meningioma,1
/content/drive/MyDrive/Brain_Tumor_CNN_Project/dataset/Epic and CSCR hospital Dataset/Train/meningioma/M_846_VF_.jpg,meningioma,1
/content/drive/MyDrive/Brain_Tumor_CNN_Project/dataset/Epic and CSCR hospital Dataset/Train/glioma/G_759_DA_.jpg,glioma,1
/content/drive/MyDrive/Brain_Tumor_CNN_Project/dataset/Epic and CSCR hospital Dataset/Train/glioma/Tr-gl_1265.jpg,glioma,1
/content/drive/MyDrive/Brain_Tumor_CNN_Project/dataset/Epic and CSCR hospital Dataset/Train/glioma/G_794_VF_.jpg,glioma,1
/content/drive/MyDrive/Brain_Tumor_CNN_Project/dataset/Epic and CSCR hospital Dataset/Train/pituitary/P_732_SP_.jpg,pituitary,1
/content/drive/MyDrive/Brain_Tumor_CNN_Project/dataset/Epic and CSCR hospital Dataset/Train/notumor/Tr-no_0367.jpg,notumor,0
/content/drive/MyDrive/Brain_Tumor_CNN_Project/dataset/Epic and CSCR hospital Dataset/Train/glioma/G_852_RO_.jpg,glioma,1
/content/drive/MyDrive/Brain_Tumor_CNN_Project/dataset/Epic and CSCR hospital Dataset/Train/notumor/N_380_RO_.jpg,notumor,0
/content/drive/MyDrive/Brain_Tumor_CNN_Project/dataset/Epic and CSCR hospital Dataset/Train/glioma/Tr-gl_0038.jpg,glioma,1
/content/drive/MyDrive/Brain_Tumor_CNN_Project/dataset/Epic and CSCR hospital Dataset/Train/pituitary/P_83_RO_.jpg,pituitary,1
/content/drive/MyDrive/Brain_Tumor_CNN_Project/dataset/Epic and CSCR hospital Dataset/Train/pituitary/P_844_BR_.jpg,pituitary,1
/content/drive/MyDrive/Brain_Tumor_CNN_Project/dataset/Epic and CSCR hospital Dataset/Train/pituitary/Tr-pi_0130.jpg,pituitary,1
/content/drive/MyDrive/Brain_Tumor_CNN_Project/dataset/Epic and CSCR hospital Dataset/Train/notumor/Tr-no_0631.jpg,notumor,0
/content/drive/MyDrive/Brain_Tumor_CNN_Project/dataset/Epic and CSCR hospital Dataset/Train/glioma/gg (541).jpg,glioma,1
/content/drive/MyDrive/Brain_Tumor_CNN_Project/dataset/Epic and CSCR hospital Dataset/Train/pituitary/Tr-pi_0636.jpg,pituitary,1
/content/drive/MyDrive/Brain_Tumor_CNN_Project/dataset/Epic and CSCR hospital Dataset/Train/meningioma/Te-me_0166.jpg,meningioma,1
/content/drive/MyDrive/Brain_Tumor_CNN_Project/dataset/Epic and CSCR hospital Dataset/Train/glioma/Tr-gl_0545.jpg,glioma,1
/content/drive/MyDrive/Brain_Tumor_CNN_Project/dataset/Epic and CSCR hospital Dataset/Train/pituitary/P_841_VF_.jpg,pituitary,1
/content/drive/MyDrive/Brain_Tumor_CNN_Project/dataset/Epic and CSCR hospital Dataset/Train/notumor/image(148).jpg,notumor,0
/content/drive/MyDrive/Brain_Tumor_CNN_Project/dataset/Epic and CSCR hospital Dataset/Train/meningioma/m3 (108).jpg,meningioma,1
/content/drive/MyDrive/Brain_Tumor_CNN_Project/dataset/Epic and CSCR hospital Dataset/Train/glioma/G_887_DA_.jpg,glioma,1
/content/drive/MyDrive/Brain_Tumor_CNN_Project/dataset/Epic and CSCR hospital Dataset/Train/glioma/Te-gl_0119.jpg,glioma,1
/content/drive/MyDrive/Brain_Tumor_CNN_Project/dataset/Epic and CSCR hospital Dataset/Train/pituitary/P_721_SP_.jpg,pituitary,1
/content/drive/MyDrive/Brain_Tumor_CNN_Project/dataset/Epic and CSCR hospital Dataset/Train/glioma/Tr-gl_0803.jpg,glioma,1
/content/drive/MyDrive/Brain_Tumor_CNN_Project/dataset/Epic and CSCR hospital Dataset/Train/pituitary/Te-pi_0151.jpg,pituitary,1
/content/drive/MyDrive/Brain_Tumor_CNN_Project/dataset/Epic and CSCR hospital Dataset/Train/pituitary/p (574).jpg,pituitary,1
/content/drive/MyDrive/Brain_Tumor_CNN_Project/dataset/Epic and CSCR hospital Dataset/Train/meningioma/Te-me_0142.jpg,meningioma,1
/content/drive/MyDrive/Brain_Tumor_CNN_Project/dataset/Epic and CSCR hospital Dataset/Train/glioma/G_880_SP_.jpg,glioma,1
/content/drive/MyDrive/Brain_Tumor_CNN_Project/dataset/Epic and CSCR hospital Dataset/Train/glioma/Tr-gl_0268.jpg,glioma,1
/content/drive/MyDrive/Brain_Tumor_CNN_Project/dataset/Epic and CSCR hospital Dataset/Train/glioma/G_728_SP_.jpg,glioma,1
/content/drive/MyDrive/Brain_Tumor_CNN_Project/dataset/Epic and CSCR hospital Dataset/Train/glioma/G_797_RO_.jpg,glioma,1
/content/drive/MyDrive/Brain_Tumor_CNN_Project/dataset/Epic and CSCR hospital Dataset/Train/meningioma/Tr-me_0506.jpg,meningioma,1
/content/drive/MyDrive/Brain_Tumor_CNN_Project/dataset/Epic and CSCR hospital Dataset/Train/glioma/gg (609).jpg,glioma,1
/content/drive/MyDrive/Brain_Tumor_CNN_Project/dataset/Epic and CSCR hospital Dataset/Train/glioma/Te-gl_0085.jpg,glioma,1
/content/drive/MyDrive/Brain_Tumor_CNN_Project/dataset/Epic and CSCR hospital Dataset/Train/glioma/G_809_VF_.jpg,glioma,1
/content/drive/MyDrive/Brain_Tumor_CNN_Project/dataset/Epic and CSCR hospital Dataset/Train/meningioma/M_857_BR_.jpg,meningioma,1
/content/drive/MyDrive/Brain_Tumor_CNN_Project/dataset/Epic and CSCR hospital Dataset/Train/notumor/Tr-no_0217.jpg,notumor,0
/content/drive/MyDrive/Brain_Tumor_CNN_Project/dataset/Epic and CSCR hospital Dataset/Train/pituitary/p (490).jpg,pituitary,1
/content/drive/MyDrive/Brain_Tumor_CNN_Project/dataset/Epic and CSCR hospital Dataset/Train/pituitary/Tr-pi_0222.jpg,pituitary,1
/content/drive/MyDrive/Brain_Tumor_CNN_Project/dataset/Epic and CSCR hospital Dataset/Train/glioma/G_858_DA_.jpg,glioma,1
/content/drive/MyDrive/Brain_Tumor_CNN_Project/dataset/Epic and CSCR hospital Dataset/Train/meningioma/M_831_RO_.jpg,meningioma,1
/content/drive/MyDrive/Brain_Tumor_CNN_Project/dataset/Epic and CSCR hospital Dataset/Train/pituitary/P_759_BR_.jpg,pituitary,1
/content/drive/MyDrive/Brain_Tumor_CNN_Project/dataset/Epic and CSCR hospital Dataset/Train/glioma/gg (371).jpg,glioma,1
/content/drive/MyDrive/Brain_Tumor_CNN_Project/dataset/Epic and CSCR hospital Dataset/Train/notumor/1810.jpg,notumor,0
/content/drive/MyDrive/Brain_Tumor_CNN_Project/dataset/Epic and CSCR hospital Dataset/Train/glioma/Tr-gl_0271.jpg,glioma,1
/content/drive/MyDrive/Brain_Tumor_CNN_Project/dataset/Epic and CSCR hospital Dataset/Train/meningioma/M_876_BR_.jpg,meningioma,1
/content/drive/MyDrive/Brain_Tumor_CNN_Project/dataset/Epic and CSCR hospital Dataset/Train/glioma/Te-gl_0177.jpg,glioma,1
/content/drive/MyDrive/Brain_Tumor_CNN_Project/dataset/Epic and CSCR hospital Dataset/Train/glioma/G_802_HF_.jpg,glioma,1
/content/drive/MyDrive/Brain_Tumor_CNN_Project/dataset/Epic and CSCR hospital Dataset/Train/meningioma/m2 (75).jpg,meningioma,1
/content/drive/MyDrive/Brain_Tumor_CNN_Project/dataset/Epic and CSCR hospital Dataset/Train/notumor/Te-no_0176.jpg,notumor,0
/content/drive/MyDrive/Brain_Tumor_CNN_Project/dataset/Epic and CSCR hospital Dataset/Train/notumor/Te-no_0237.jpg,notumor,0
/content/drive/MyDrive/Brain_Tumor_CNN_Project/dataset/Epic and CSCR hospital Dataset/Train/notumor/1843.jpg,notumor,0
/content/drive/MyDrive/Brain_Tumor_CNN_Project/dataset/Epic and CSCR hospital Dataset/Train/notumor/N_57_DA_.jpg,notumor,0
/content/drive/MyDrive/Brain_Tumor_CNN_Project/dataset/Epic and CSCR hospital Dataset/Train/meningioma/Tr-me_1028.jpg,meningioma,1
/content/drive/MyDrive/Brain_Tumor_CNN_Project/dataset/Epic and CSCR hospital Dataset/Train/pituitary/P_791_HF_.jpg,pituitary,1
/content/drive/MyDrive/Brain_Tumor_CNN_Project/dataset/Epic and CSCR hospital Dataset/Train/glioma/gg (40).jpg,glioma,1
/content/drive/MyDrive/Brain_Tumor_CNN_Project/dataset/Epic and CSCR hospital Dataset/Train/pituitary/P_822_VF_.jpg,pituitary,1
/content/drive/MyDrive/Brain_Tumor_CNN_Project/dataset/Epic and CSCR hospital Dataset/Train/pituitary/Tr-pi_0477.jpg,pituitary,1
/content/drive/MyDrive/Brain_Tumor_CNN_Project/dataset/Epic and CSCR hospital Dataset/Train/glioma/gg (580).jpg,glioma,1
/content/drive/MyDrive/Brain_Tumor_CNN_Project/dataset/Epic and CSCR hospital Dataset/Train/meningioma/m3 (146).jpg,meningioma,1
/content/drive/MyDrive/Brain_Tumor_CNN_Project/dataset/Epic and CSCR hospital Dataset/Train/pituitary/1196.jpg,pituitary,1
/content/drive/MyDrive/Brain_Tumor_CNN_Project/dataset/Epic and CSCR hospital Dataset/Train/meningioma/Tr-me_0759.jpg,meningioma,1
/content/drive/MyDrive/Brain_Tumor_CNN_Project/dataset/Epic and CSCR hospital Dataset/Train/pituitary/P_819_VF_.jpg,pituitary,1
/content/drive/MyDrive/Brain_Tumor_CNN_Project/dataset/Epic and CSCR hospital Dataset/Train/pituitary/Tr-pi_0115.jpg,pituitary,1
/content/drive/MyDrive/Brain_Tumor_CNN_Project/dataset/Epic and CSCR hospital Dataset/Train/glioma/Tr-gl_0122.jpg,glioma,1
/content/drive/MyDrive/Brain_Tumor_CNN_Project/dataset/Epic and CSCR hospital Dataset/Train/glioma/Tr-gl_1043.jpg,glioma,1
/content/drive/MyDrive/Brain_Tumor_CNN_Project/dataset/Epic and CSCR hospital Dataset/Train/meningioma/Tr-me_0902.jpg,meningioma,1
/content/drive/MyDrive/Brain_Tumor_CNN_Project/dataset/Epic and CSCR hospital Dataset/Train/pituitary/P_753_RO_.jpg,pituitary,1
/content/drive/MyDrive/Brain_Tumor_CNN_Project/dataset/Epic and CSCR hospital Dataset/Train/glioma/Tr-gl_1142.jpg,glioma,1
/content/drive/MyDrive/Brain_Tumor_CNN_Project/dataset/Epic and CSCR hospital Dataset/Train/notumor/Te-no_0154.jpg,notumor,0
/content/drive/MyDrive/Brain_Tumor_CNN_Project/dataset/Epic and CSCR hospital Dataset/Train/glioma/Tr-gl_0535.jpg,glioma,1
/content/drive/MyDrive/Brain_Tumor_CNN_Project/dataset/Epic and CSCR hospital Dataset/Train/pituitary/Tr-pi_0256.jpg,pituitary,1
/content/drive/MyDrive/Brain_Tumor_CNN_Project/dataset/Epic and CSCR hospital Dataset/Train/glioma/G_875_HF_.jpg,glioma,1
/content/drive/MyDrive/Brain_Tumor_CNN_Project/dataset/Epic and CSCR hospital Dataset/Train/notumor/Tr-no_0391.jpg,notumor,0
/content/drive/MyDrive/Brain_Tumor_CNN_Project/dataset/Epic and CSCR hospital Dataset/Train/pituitary/Tr-pi_0492.jpg,pituitary,1
/content/drive/MyDrive/Brain_Tumor_CNN_Project/dataset/Epic and CSCR hospital Dataset/Train/pituitary/P_792_HF_.jpg,pituitary,1
/content/drive/MyDrive/Brain_Tumor_CNN_Project/dataset/Epic and CSCR hospital Dataset/Train/notumor/Tr-no_0078.jpg,notumor,0
/content/drive/MyDrive/Brain_Tumor_CNN_Project/dataset/Epic and CSCR hospital Dataset/Train/pituitary/Tr-pi_0261.jpg,pituitary,1
/content/drive/MyDrive/Brain_Tumor_CNN_Project/dataset/Epic and CSCR hospital Dataset/Train/glioma/gg (517).jpg,glioma,1
/content/drive/MyDrive/Brain_Tumor_CNN_Project/dataset/Epic and CSCR hospital Dataset/Train/meningioma/Tr-me_0876.jpg,meningioma,1
/content/drive/MyDrive/Brain_Tumor_CNN_Project/dataset/Epic and CSCR hospital Dataset/Train/notumor/Te-no_0248.jpg,notumor,0
/content/drive/MyDrive/Brain_Tumor_CNN_Project/dataset/Epic and CSCR hospital Dataset/Train/meningioma/Tr-me_0520.jpg,meningioma,1
/content/drive/MyDrive/Brain_Tumor_CNN_Project/dataset/Epic and CSCR hospital Dataset/Train/pituitary/P_83.jpg,pituitary,1
/content/drive/MyDrive/Brain_Tumor_CNN_Project/dataset/Epic and CSCR hospital Dataset/Train/pituitary/P_808_RO_.jpg,pituitary,1
/content/drive/MyDrive/Brain_Tumor_CNN_Project/dataset/Epic and CSCR hospital Dataset/Train/pituitary/Tr-pi_0289.jpg,pituitary,1
/content/drive/MyDrive/Brain_Tumor_CNN_Project/dataset/Epic and CSCR hospital Dataset/Train/notumor/1609.jpg,notumor,0
/content/drive/MyDrive/Brain_Tumor_CNN_Project/dataset/Epic and CSCR hospital Dataset/Train/notumor/1925.jpg,notumor,0
/content/drive/MyDrive/Brain_Tumor_CNN_Project/dataset/Epic and CSCR hospital Dataset/Train/pituitary/P_840_HF_.jpg,pituitary,1
/content/drive/MyDrive/Brain_Tumor_CNN_Project/dataset/Epic and CSCR hospital Dataset/Train/pituitary/Tr-pi_0298.jpg,pituitary,1
/content/drive/MyDrive/Brain_Tumor_CNN_Project/dataset/Epic and CSCR hospital Dataset/Train/glioma/G_756_HF_.jpg,glioma,1
/content/drive/MyDrive/Brain_Tumor_CNN_Project/dataset/Epic and CSCR hospital Dataset/Train/glioma/G_731_DA_.jpg,glioma,1
/content/drive/MyDrive/Brain_Tumor_CNN_Project/dataset/Epic and CSCR hospital Dataset/Train/meningioma/m1(6).jpg,meningioma,1
/content/drive/MyDrive/Brain_Tumor_CNN_Project/dataset/Epic and CSCR hospital Dataset/Train/glioma/gg (550).jpg,glioma,1
/content/drive/MyDrive/Brain_Tumor_CNN_Project/dataset/Epic and CSCR hospital Dataset/Train/notumor/N_373_BR_.jpg,notumor,0
/content/drive/MyDrive/Brain_Tumor_CNN_Project/dataset/Epic and CSCR hospital Dataset/Train/glioma/gg (590).jpg,glioma,1
/content/drive/MyDrive/Brain_Tumor_CNN_Project/dataset/Epic and CSCR hospital Dataset/Train/meningioma/1432.jpg,meningioma,1
/content/drive/MyDrive/Brain_Tumor_CNN_Project/dataset/Epic and CSCR hospital Dataset/Train/notumor/1878.jpg,notumor,0
/content/drive/MyDrive/Brain_Tumor_CNN_Project/dataset/Epic and CSCR hospital Dataset/Train/glioma/gg (505).jpg,glioma,1
/content/drive/MyDrive/Brain_Tumor_CNN_Project/dataset/Epic and CSCR hospital Dataset/Train/glioma/G_720_DA_.jpg,glioma,1
/content/drive/MyDrive/Brain_Tumor_CNN_Project/dataset/Epic and CSCR hospital Dataset/Train/notumor/Tr-no_0578.jpg,notumor,0
/content/drive/MyDrive/Brain_Tumor_CNN_Project/dataset/Epic and CSCR hospital Dataset/Train/pituitary/Tr-pi_0180.jpg,pituitary,1
/content/drive/MyDrive/Brain_Tumor_CNN_Project/dataset/Epic and CSCR hospital Dataset/Train/pituitary/p (565).jpg,pituitary,1
/content/drive/MyDrive/Brain_Tumor_CNN_Project/dataset/Epic and CSCR hospital Dataset/Train/pituitary/Tr-pi_1399.jpg,pituitary,1
/content/drive/MyDrive/Brain_Tumor_CNN_Project/dataset/Epic and CSCR hospital Dataset/Train/notumor/image(187).jpg,notumor,0
/content/drive/MyDrive/Brain_Tumor_CNN_Project/dataset/Epic and CSCR hospital Dataset/Train/meningioma/M_844_DA_.jpg,meningioma,1
/content/drive/MyDrive/Brain_Tumor_CNN_Project/dataset/Epic and CSCR hospital Dataset/Train/glioma/Te-gl_0294.jpg,glioma,1
/content/drive/MyDrive/Brain_Tumor_CNN_Project/dataset/Epic and CSCR hospital Dataset/Train/pituitary/p (502).jpg,pituitary,1
/content/drive/MyDrive/Brain_Tumor_CNN_Project/dataset/Epic and CSCR hospital Dataset/Train/pituitary/P_75_BR_.jpg,pituitary,1
/content/drive/MyDrive/Brain_Tumor_CNN_Project/dataset/Epic and CSCR hospital Dataset/Train/meningioma/Tr-me_0930.jpg,meningioma,1
/content/drive/MyDrive/Brain_Tumor_CNN_Project/dataset/Epic and CSCR hospital Dataset/Train/pituitary/P_754_VF_.jpg,pituitary,1
/content/drive/MyDrive/Brain_Tumor_CNN_Project/dataset/Epic and CSCR hospital Dataset/Train/notumor/N_421_SP_.jpg,notumor,0
/content/drive/MyDrive/Brain_Tumor_CNN_Project/dataset/Epic and CSCR hospital Dataset/Train/meningioma/Tr-me_0546.jpg,meningioma,1
/content/drive/MyDrive/Brain_Tumor_CNN_Project/dataset/Epic and CSCR hospital Dataset/Train/glioma/Tr-gl_0232.jpg,glioma,1
/content/drive/MyDrive/Brain_Tumor_CNN_Project/dataset/Epic and CSCR hospital Dataset/Train/pituitary/P_768_BR_.jpg,pituitary,1
/content/drive/MyDrive/Brain_Tumor_CNN_Project/dataset/Epic and CSCR hospital Dataset/Train/notumor/Tr-no_0438.jpg,notumor,0
/content/drive/MyDrive/Brain_Tumor_CNN_Project/dataset/Epic and CSCR hospital Dataset/Train/glioma/G_877_HF_.jpg,glioma,1
/content/drive/MyDrive/Brain_Tumor_CNN_Project/dataset/Epic and CSCR hospital Dataset/Train/pituitary/p (575).jpg,pituitary,1
/content/drive/MyDrive/Brain_Tumor_CNN_Project/dataset/Epic and CSCR hospital Dataset/Train/notumor/1730.jpg,notumor,0
/content/drive/MyDrive/Brain_Tumor_CNN_Project/dataset/Epic and CSCR hospital Dataset/Train/pituitary/P_826.jpg,pituitary,1
/content/drive/MyDrive/Brain_Tumor_CNN_Project/dataset/Epic and CSCR hospital Dataset/Train/pituitary/Te-pi_0145.jpg,pituitary,1
/content/drive/MyDrive/Brain_Tumor_CNN_Project/dataset/Epic and CSCR hospital Dataset/Train/meningioma/Tr-me_0886.jpg,meningioma,1
/content/drive/MyDrive/Brain_Tumor_CNN_Project/dataset/Epic and CSCR hospital Dataset/Train/notumor/N_43_RO_.jpg,notumor,0
/content/drive/MyDrive/Brain_Tumor_CNN_Project/dataset/Epic and CSCR hospital Dataset/Train/glioma/Tr-gl_0446.jpg,glioma,1
/content/drive/MyDrive/Brain_Tumor_CNN_Project/dataset/Epic and CSCR hospital Dataset/Train/glioma/G_807_SP_.jpg,glioma,1
/content/drive/MyDrive/Brain_Tumor_CNN_Project/dataset/Epic and CSCR hospital Dataset/Train/meningioma/M_865_BR_.jpg,meningioma,1
/content/drive/MyDrive/Brain_Tumor_CNN_Project/dataset/Epic and CSCR hospital Dataset/Train/notumor/image(158).jpg,notumor,0
/content/drive/MyDrive/Brain_Tumor_CNN_Project/dataset/Epic and CSCR hospital Dataset/Train/glioma/G_736_SP_.jpg,glioma,1
/content/drive/MyDrive/Brain_Tumor_CNN_Project/dataset/Epic and CSCR hospital Dataset/Train/glioma/Tr-gl_0424.jpg,glioma,1
/content/drive/MyDrive/Brain_Tumor_CNN_Project/dataset/Epic and CSCR hospital Dataset/Train/meningioma/Te-me_0075.jpg,meningioma,1
/content/drive/MyDrive/Brain_Tumor_CNN_Project/dataset/Epic and CSCR hospital Dataset/Train/pituitary/Tr-pi_0382.jpg,pituitary,1
/content/drive/MyDrive/Brain_Tumor_CNN_Project/dataset/Epic and CSCR hospital Dataset/Train/meningioma/m2 (167).jpg,meningioma,1
/content/drive/MyDrive/Brain_Tumor_CNN_Project/dataset/Epic and CSCR hospital Dataset/Train/notumor/Tr-no_0214.jpg,notumor,0
/content/drive/MyDrive/Brain_Tumor_CNN_Project/dataset/Epic and CSCR hospital Dataset/Train/meningioma/Tr-me_0247.jpg,meningioma,1
/content/drive/MyDrive/Brain_Tumor_CNN_Project/dataset/Epic and CSCR hospital Dataset/Train/pituitary/Tr-pi_1337.jpg,pituitary,1
/content/drive/MyDrive/Brain_Tumor_CNN_Project/dataset/Epic and CSCR hospital Dataset/Train/notumor/image(149).jpg,notumor,0
/content/drive/MyDrive/Brain_Tumor_CNN_Project/dataset/Epic and CSCR hospital Dataset/Train/pituitary/Tr-pi_0486.jpg,pituitary,1
/content/drive/MyDrive/Brain_Tumor_CNN_Project/dataset/Epic and CSCR hospital Dataset/Train/pituitary/Tr-pi_1230.jpg,pituitary,1
/content/drive/MyDrive/Brain_Tumor_CNN_Project/dataset/Epic and CSCR hospital Dataset/Train/meningioma/1301.jpg,meningioma,1
/content/drive/MyDrive/Brain_Tumor_CNN_Project/dataset/Epic and CSCR hospital Dataset/Train/pituitary/Tr-pi_1129.jpg,pituitary,1
/content/drive/MyDrive/Brain_Tumor_CNN_Project/dataset/Epic and CSCR hospital Dataset/Train/glioma/Tr-gl_0890.jpg,glioma,1
/content/drive/MyDrive/Brain_Tumor_CNN_Project/dataset/Epic and CSCR hospital Dataset/Train/glioma/G_769_DA_.jpg,glioma,1
/content/drive/MyDrive/Brain_Tumor_CNN_Project/dataset/Epic and CSCR hospital Dataset/Train/glioma/G_806.jpg,glioma,1
/content/drive/MyDrive/Brain_Tumor_CNN_Project/dataset/Epic and CSCR hospital Dataset/Train/glioma/G_869_RO_.jpg,glioma,1
/content/drive/MyDrive/Brain_Tumor_CNN_Project/dataset/Epic and CSCR hospital Dataset/Train/notumor/N_57.jpg,notumor,0
/content/drive/MyDrive/Brain_Tumor_CNN_Project/dataset/Epic and CSCR hospital Dataset/Train/notumor/1613.jpg,notumor,0
/content/drive/MyDrive/Brain_Tumor_CNN_Project/dataset/Epic and CSCR hospital Dataset/Train/notumor/N_421_RO_.jpg,notumor,0
/content/drive/MyDrive/Brain_Tumor_CNN_Project/dataset/Epic and CSCR hospital Dataset/Train/meningioma/Tr-me_0231.jpg,meningioma,1
/content/drive/MyDrive/Brain_Tumor_CNN_Project/dataset/Epic and CSCR hospital Dataset/Train/glioma/Te-gl_0137.jpg,glioma,1
/content/drive/MyDrive/Brain_Tumor_CNN_Project/dataset/Epic and CSCR hospital Dataset/Train/pituitary/Tr-pi_0269.jpg,pituitary,1
/content/drive/MyDrive/Brain_Tumor_CNN_Project/dataset/Epic and CSCR hospital Dataset/Train/pituitary/Tr-pi_0348.jpg,pituitary,1
/content/drive/MyDrive/Brain_Tumor_CNN_Project/dataset/Epic and CSCR hospital Dataset/Train/pituitary/P_728_DA_.jpg,pituitary,1
/content/drive/MyDrive/Brain_Tumor_CNN_Project/dataset/Epic and CSCR hospital Dataset/Train/glioma/Te-gl_0209.jpg,glioma,1
/content/drive/MyDrive/Brain_Tumor_CNN_Project/dataset/Epic and CSCR hospital Dataset/Train/pituitary/Te-pi_0074.jpg,pituitary,1
/content/drive/MyDrive/Brain_Tumor_CNN_Project/dataset/Epic and CSCR hospital Dataset/Train/meningioma/m3 (150).jpg,meningioma,1
/content/drive/MyDrive/Brain_Tumor_CNN_Project/dataset/Epic and CSCR hospital Dataset/Train/meningioma/M_837_BR_.jpg,meningioma,1
/content/drive/MyDrive/Brain_Tumor_CNN_Project/dataset/Epic and CSCR hospital Dataset/Train/meningioma/Tr-me_0031.jpg,meningioma,1
/content/drive/MyDrive/Brain_Tumor_CNN_Project/dataset/Epic and CSCR hospital Dataset/Train/meningioma/M_874_VF_.jpg,meningioma,1
/content/drive/MyDrive/Brain_Tumor_CNN_Project/dataset/Epic and CSCR hospital Dataset/Train/glioma/Tr-gl_0519.jpg,glioma,1
/content/drive/MyDrive/Brain_Tumor_CNN_Project/dataset/Epic and CSCR hospital Dataset/Train/glioma/Tr-gl_0505.jpg,glioma,1
/content/drive/MyDrive/Brain_Tumor_CNN_Project/dataset/Epic and CSCR hospital Dataset/Train/meningioma/M_870_HF_.jpg,meningioma,1
/content/drive/MyDrive/Brain_Tumor_CNN_Project/dataset/Epic and CSCR hospital Dataset/Train/glioma/Tr-gl_0576.jpg,glioma,1
/content/drive/MyDrive/Brain_Tumor_CNN_Project/dataset/Epic and CSCR hospital Dataset/Train/glioma/G_785_RO_.jpg,glioma,1
/content/drive/MyDrive/Brain_Tumor_CNN_Project/dataset/Epic and CSCR hospital Dataset/Train/pituitary/Tr-pi_1061.jpg,pituitary,1
/content/drive/MyDrive/Brain_Tumor_CNN_Project/dataset/Epic and CSCR hospital Dataset/Train/notumor/Tr-no_0110.jpg,notumor,0
/content/drive/MyDrive/Brain_Tumor_CNN_Project/dataset/Epic and CSCR hospital Dataset/Train/pituitary/Tr-pi_0102.jpg,pituitary,1
/content/drive/MyDrive/Brain_Tumor_CNN_Project/dataset/Epic and CSCR hospital Dataset/Train/meningioma/Tr-me_0235.jpg,meningioma,1
/content/drive/MyDrive/Brain_Tumor_CNN_Project/dataset/Epic and CSCR hospital Dataset/Train/glioma/Tr-gl_0997.jpg,glioma,1
/content/drive/MyDrive/Brain_Tumor_CNN_Project/dataset/Epic and CSCR hospital Dataset/Train/meningioma/Tr-me_0313.jpg,meningioma,1
/content/drive/MyDrive/Brain_Tumor_CNN_Project/dataset/Epic and CSCR hospital Dataset/Train/notumor/Tr-no_0481.jpg,notumor,0
/content/drive/MyDrive/Brain_Tumor_CNN_Project/dataset/Epic and CSCR hospital Dataset/Train/glioma/Tr-gl_0353.jpg,glioma,1
/content/drive/MyDrive/Brain_Tumor_CNN_Project/dataset/Epic and CSCR hospital Dataset/Train/notumor/No22.jpg,notumor,0
/content/drive/MyDrive/Brain_Tumor_CNN_Project/dataset/Epic and CSCR hospital Dataset/Train/pituitary/Te-pi_0107.jpg,pituitary,1
/content/drive/MyDrive/Brain_Tumor_CNN_Project/dataset/Epic and CSCR hospital Dataset/Train/meningioma/Tr-me_1160.jpg,meningioma,1
/content/drive/MyDrive/Brain_Tumor_CNN_Project/dataset/Epic and CSCR hospital Dataset/Train/meningioma/Te-me_0232.jpg,meningioma,1
/content/drive/MyDrive/Brain_Tumor_CNN_Project/dataset/Epic and CSCR hospital Dataset/Train/pituitary/Tr-pi_1101.jpg,pituitary,1
/content/drive/MyDrive/Brain_Tumor_CNN_Project/dataset/Epic and CSCR hospital Dataset/Train/pituitary/P_75_VF_.jpg,pituitary,1
/content/drive/MyDrive/Brain_Tumor_CNN_Project/dataset/Epic and CSCR hospital Dataset/Train/meningioma/Tr-me_0929.jpg,meningioma,1
/content/drive/MyDrive/Brain_Tumor_CNN_Project/dataset/Epic and CSCR hospital Dataset/Train/glioma/Tr-gl_0475.jpg,glioma,1
/content/drive/MyDrive/Brain_Tumor_CNN_Project/dataset/Epic and CSCR hospital Dataset/Train/notumor/Tr-no_0497.jpg,notumor,0
/content/drive/MyDrive/Brain_Tumor_CNN_Project/dataset/Epic and CSCR hospital Dataset/Train/pituitary/Te-pi_0036.jpg,pituitary,1
/content/drive/MyDrive/Brain_Tumor_CNN_Project/dataset/Epic and CSCR hospital Dataset/Train/pituitary/P_751_DA_.jpg,pituitary,1
/content/drive/MyDrive/Brain_Tumor_CNN_Project/dataset/Epic and CSCR hospital Dataset/Train/meningioma/Tr-me_1052.jpg,meningioma,1
/content/drive/MyDrive/Brain_Tumor_CNN_Project/dataset/Epic and CSCR hospital Dataset/Train/glioma/Tr-gl_1237.jpg,glioma,1
/content/drive/MyDrive/Brain_Tumor_CNN_Project/dataset/Epic and CSCR hospital Dataset/Train/meningioma/1339.jpg,meningioma,1
/content/drive/MyDrive/Brain_Tumor_CNN_Project/dataset/Epic and CSCR hospital Dataset/Train/meningioma/Tr-me_0181.jpg,meningioma,1
/content/drive/MyDrive/Brain_Tumor_CNN_Project/dataset/Epic and CSCR hospital Dataset/Train/pituitary/Tr-pi_0679.jpg,pituitary,1
/content/drive/MyDrive/Brain_Tumor_CNN_Project/dataset/Epic and CSCR hospital Dataset/Train/glioma/gg (615).jpg,glioma,1
/content/drive/MyDrive/Brain_Tumor_CNN_Project/dataset/Epic and CSCR hospital Dataset/Train/glioma/gg (416).jpg,glioma,1
/content/drive/MyDrive/Brain_Tumor_CNN_Project/dataset/Epic and CSCR hospital Dataset/Train/pituitary/p (563).jpg,pituitary,1
/content/drive/MyDrive/Brain_Tumor_CNN_Project/dataset/Epic and CSCR hospital Dataset/Train/meningioma/Tr-me_0453.jpg,meningioma,1
/content/drive/MyDrive/Brain_Tumor_CNN_Project/dataset/Epic and CSCR hospital Dataset/Train/pituitary/Tr-pi_1022.jpg,pituitary,1
/content/drive/MyDrive/Brain_Tumor_CNN_Project/dataset/Epic and CSCR hospital Dataset/Train/glioma/Te-gl_0125.jpg,glioma,1
/content/drive/MyDrive/Brain_Tumor_CNN_Project/dataset/Epic and CSCR hospital Dataset/Train/notumor/N_44.jpg,notumor,0
/content/drive/MyDrive/Brain_Tumor_CNN_Project/dataset/Epic and CSCR hospital Dataset/Train/pituitary/P_767.jpg,pituitary,1
/content/drive/MyDrive/Brain_Tumor_CNN_Project/dataset/Epic and CSCR hospital Dataset/Train/meningioma/M_822.jpg,meningioma,1
/content/drive/MyDrive/Brain_Tumor_CNN_Project/dataset/Epic and CSCR hospital Dataset/Train/glioma/gg (433).jpg,glioma,1
/content/drive/MyDrive/Brain_Tumor_CNN_Project/dataset/Epic and CSCR hospital Dataset/Train/glioma/gg (337).jpg,glioma,1
/content/drive/MyDrive/Brain_Tumor_CNN_Project/dataset/Epic and CSCR hospital Dataset/Train/notumor/N_430_BR_.jpg,notumor,0
/content/drive/MyDrive/Brain_Tumor_CNN_Project/dataset/Epic and CSCR hospital Dataset/Train/glioma/Tr-gl_1118.jpg,glioma,1
/content/drive/MyDrive/Brain_Tumor_CNN_Project/dataset/Epic and CSCR hospital Dataset/Train/glioma/gg (671).jpg,glioma,1
/content/drive/MyDrive/Brain_Tumor_CNN_Project/dataset/Epic and CSCR hospital Dataset/Train/notumor/Te-no_0313.jpg,notumor,0
/content/drive/MyDrive/Brain_Tumor_CNN_Project/dataset/Epic and CSCR hospital Dataset/Train/glioma/Tr-gl_0981.jpg,glioma,1
/content/drive/MyDrive/Brain_Tumor_CNN_Project/dataset/Epic and CSCR hospital Dataset/Train/meningioma/Te-me_0193.jpg,meningioma,1
/content/drive/MyDrive/Brain_Tumor_CNN_Project/dataset/Epic and CSCR hospital Dataset/Train/notumor/N_47_SP_.jpg,notumor,0
/content/drive/MyDrive/Brain_Tumor_CNN_Project/dataset/Epic and CSCR hospital Dataset/Train/notumor/1696.jpg,notumor,0
/content/drive/MyDrive/Brain_Tumor_CNN_Project/dataset/Epic and CSCR hospital Dataset/Train/notumor/N_48_SP_.jpg,notumor,0
/content/drive/MyDrive/Brain_Tumor_CNN_Project/dataset/Epic and CSCR hospital Dataset/Train/meningioma/m2 (106).jpg,meningioma,1
/content/drive/MyDrive/Brain_Tumor_CNN_Project/dataset/Epic and CSCR hospital Dataset/Train/notumor/Te-no_0149.jpg,notumor,0
/content/drive/MyDrive/Brain_Tumor_CNN_Project/dataset/Epic and CSCR hospital Dataset/Train/notumor/N_381_BR_.jpg,notumor,0
/content/drive/MyDrive/Brain_Tumor_CNN_Project/dataset/Epic and CSCR hospital Dataset/Train/meningioma/M_844_SP_.jpg,meningioma,1
/content/drive/MyDrive/Brain_Tumor_CNN_Project/dataset/Epic and CSCR hospital Dataset/Train/meningioma/Tr-me_1065.jpg,meningioma,1
/content/drive/MyDrive/Brain_Tumor_CNN_Project/dataset/Epic and CSCR hospital Dataset/Train/meningioma/M_860_SP_.jpg,meningioma,1
/content/drive/MyDrive/Brain_Tumor_CNN_Project/dataset/Epic and CSCR hospital Dataset/Train/notumor/No21.jpg,notumor,0
/content/drive/MyDrive/Brain_Tumor_CNN_Project/dataset/Epic and CSCR hospital Dataset/Train/glioma/Tr-gl_1098.jpg,glioma,1
/content/drive/MyDrive/Brain_Tumor_CNN_Project/dataset/Epic and CSCR hospital Dataset/Train/pituitary/Tr-pi_0315.jpg,pituitary,1
/content/drive/MyDrive/Brain_Tumor_CNN_Project/dataset/Epic and CSCR hospital Dataset/Train/meningioma/Tr-me_0092.jpg,meningioma,1
/content/drive/MyDrive/Brain_Tumor_CNN_Project/dataset/Epic and CSCR hospital Dataset/Train/meningioma/m1(80).jpg,meningioma,1
/content/drive/MyDrive/Brain_Tumor_CNN_Project/dataset/Epic and CSCR hospital Dataset/Train/glioma/Te-gl_0239.jpg,glioma,1
/content/drive/MyDrive/Brain_Tumor_CNN_Project/dataset/Epic and CSCR hospital Dataset/Train/glioma/G_720_SP_.jpg,glioma,1
/content/drive/MyDrive/Brain_Tumor_CNN_Project/dataset/Epic and CSCR hospital Dataset/Train/notumor/N_375_SP_.jpg,notumor,0
/content/drive/MyDrive/Brain_Tumor_CNN_Project/dataset/Epic and CSCR hospital Dataset/Train/notumor/N_369_BR_.jpg,notumor,0
/content/drive/MyDrive/Brain_Tumor_CNN_Project/dataset/Epic and CSCR hospital Dataset/Train/pituitary/P_825_HF_.jpg,pituitary,1
/content/drive/MyDrive/Brain_Tumor_CNN_Project/dataset/Epic and CSCR hospital Dataset/Train/meningioma/Tr-me_0197.jpg,meningioma,1
/content/drive/MyDrive/Brain_Tumor_CNN_Project/dataset/Epic and CSCR hospital Dataset/Train/notumor/1780.jpg,notumor,0
/content/drive/MyDrive/Brain_Tumor_CNN_Project/dataset/Epic and CSCR hospital Dataset/Train/notumor/N_428_RO_.jpg,notumor,0
/content/drive/MyDrive/Brain_Tumor_CNN_Project/dataset/Epic and CSCR hospital Dataset/Train/glioma/G_731_RO_.jpg,glioma,1
/content/drive/MyDrive/Brain_Tumor_CNN_Project/dataset/Epic and CSCR hospital Dataset/Train/pituitary/P_756_DA_.jpg,pituitary,1
/content/drive/MyDrive/Brain_Tumor_CNN_Project/dataset/Epic and CSCR hospital Dataset/Train/pituitary/P_799.jpg,pituitary,1
/content/drive/MyDrive/Brain_Tumor_CNN_Project/dataset/Epic and CSCR hospital Dataset/Train/glioma/G_760.jpg,glioma,1
/content/drive/MyDrive/Brain_Tumor_CNN_Project/dataset/Epic and CSCR hospital Dataset/Train/notumor/Tr-no_0580.jpg,notumor,0
/content/drive/MyDrive/Brain_Tumor_CNN_Project/dataset/Epic and CSCR hospital Dataset/Train/pituitary/Tr-pi_1350.jpg,pituitary,1
/content/drive/MyDrive/Brain_Tumor_CNN_Project/dataset/Epic and CSCR hospital Dataset/Train/meningioma/Te-me_0305.jpg,meningioma,1
/content/drive/MyDrive/Brain_Tumor_CNN_Project/dataset/Epic and CSCR hospital Dataset/Train/meningioma/Tr-me_0154.jpg,meningioma,1
/content/drive/MyDrive/Brain_Tumor_CNN_Project/dataset/Epic and CSCR hospital Dataset/Train/notumor/Tr-no_0382.jpg,notumor,0
/content/drive/MyDrive/Brain_Tumor_CNN_Project/dataset/Epic and CSCR hospital Dataset/Train/glioma/G_821_SP_.jpg,glioma,1
/content/drive/MyDrive/Brain_Tumor_CNN_Project/dataset/Epic and CSCR hospital Dataset/Train/meningioma/Te-me_0203.jpg,meningioma,1
/content/drive/MyDrive/Brain_Tumor_CNN_Project/dataset/Epic and CSCR hospital Dataset/Train/meningioma/Tr-me_1034.jpg,meningioma,1
/content/drive/MyDrive/Brain_Tumor_CNN_Project/dataset/Epic and CSCR hospital Dataset/Train/meningioma/m2 (17).jpg,meningioma,1
/content/drive/MyDrive/Brain_Tumor_CNN_Project/dataset/Epic and CSCR hospital Dataset/Train/pituitary/P_785_DA_.jpg,pituitary,1
/content/drive/MyDrive/Brain_Tumor_CNN_Project/dataset/Epic and CSCR hospital Dataset/Train/meningioma/M_875_RO_.jpg,meningioma,1
/content/drive/MyDrive/Brain_Tumor_CNN_Project/dataset/Epic and CSCR hospital Dataset/Train/notumor/image(192).jpg,notumor,0
/content/drive/MyDrive/Brain_Tumor_CNN_Project/dataset/Epic and CSCR hospital Dataset/Train/glioma/G_834_RO_.jpg,glioma,1
/content/drive/MyDrive/Brain_Tumor_CNN_Project/dataset/Epic and CSCR hospital Dataset/Train/glioma/G_820_BR_.jpg,glioma,1
/content/drive/MyDrive/Brain_Tumor_CNN_Project/dataset/Epic and CSCR hospital Dataset/Train/notumor/Tr-no_0404.jpg,notumor,0
/content/drive/MyDrive/Brain_Tumor_CNN_Project/dataset/Epic and CSCR hospital Dataset/Train/glioma/Tr-gl_0863.jpg,glioma,1
/content/drive/MyDrive/Brain_Tumor_CNN_Project/dataset/Epic and CSCR hospital Dataset/Train/meningioma/Tr-me_0617.jpg,meningioma,1
/content/drive/MyDrive/Brain_Tumor_CNN_Project/dataset/Epic and CSCR hospital Dataset/Train/glioma/Te-gl_0058.jpg,glioma,1
/content/drive/MyDrive/Brain_Tumor_CNN_Project/dataset/Epic and CSCR hospital Dataset/Train/notumor/Tr-no_0148.jpg,notumor,0
/content/drive/MyDrive/Brain_Tumor_CNN_Project/dataset/Epic and CSCR hospital Dataset/Train/glioma/Tr-gl_0436.jpg,glioma,1
/content/drive/MyDrive/Brain_Tumor_CNN_Project/dataset/Epic and CSCR hospital Dataset/Train/notumor/N_369_HF_.jpg,notumor,0
/content/drive/MyDrive/Brain_Tumor_CNN_Project/dataset/Epic and CSCR hospital Dataset/Train/notumor/N_371_VF_.jpg,notumor,0
/content/drive/MyDrive/Brain_Tumor_CNN_Project/dataset/Epic and CSCR hospital Dataset/Train/notumor/Tr-no_0362.jpg,notumor,0
/content/drive/MyDrive/Brain_Tumor_CNN_Project/dataset/Epic and CSCR hospital Dataset/Train/notumor/N_378_HF_.jpg,notumor,0
/content/drive/MyDrive/Brain_Tumor_CNN_Project/dataset/Epic and CSCR hospital Dataset/Train/meningioma/M_875.jpg,meningioma,1
/content/drive/MyDrive/Brain_Tumor_CNN_Project/dataset/Epic and CSCR hospital Dataset/Train/pituitary/P_840_RO_.jpg,pituitary,1
/content/drive/MyDrive/Brain_Tumor_CNN_Project/dataset/Epic and CSCR hospital Dataset/Train/glioma/G_863_HF_.jpg,glioma,1
/content/drive/MyDrive/Brain_Tumor_CNN_Project/dataset/Epic and CSCR hospital Dataset/Train/glioma/G_795_DA_.jpg,glioma,1
/content/drive/MyDrive/Brain_Tumor_CNN_Project/dataset/Epic and CSCR hospital Dataset/Train/pituitary/Tr-pi_0672.jpg,pituitary,1
/content/drive/MyDrive/Brain_Tumor_CNN_Project/dataset/Epic and CSCR hospital Dataset/Train/notumor/Tr-no_0360.jpg,notumor,0
/content/drive/MyDrive/Brain_Tumor_CNN_Project/dataset/Epic and CSCR hospital Dataset/Train/notumor/image(142).jpg,notumor,0
/content/drive/MyDrive/Brain_Tumor_CNN_Project/dataset/Epic and CSCR hospital Dataset/Train/glioma/G_86_SP_.jpg,glioma,1
/content/drive/MyDrive/Brain_Tumor_CNN_Project/dataset/Epic and CSCR hospital Dataset/Train/glioma/G_813_SP_.jpg,glioma,1
/content/drive/MyDrive/Brain_Tumor_CNN_Project/dataset/Epic and CSCR hospital Dataset/Train/meningioma/m2 (33).jpg,meningioma,1
/content/drive/MyDrive/Brain_Tumor_CNN_Project/dataset/Epic and CSCR hospital Dataset/Train/pituitary/Tr-pi_0219.jpg,pituitary,1
/content/drive/MyDrive/Brain_Tumor_CNN_Project/dataset/Epic and CSCR hospital Dataset/Train/glioma/G_86_BR_.jpg,glioma,1
/content/drive/MyDrive/Brain_Tumor_CNN_Project/dataset/Epic and CSCR hospital Dataset/Train/notumor/Tr-no_0489.jpg,notumor,0
/content/drive/MyDrive/Brain_Tumor_CNN_Project/dataset/Epic and CSCR hospital Dataset/Train/notumor/Te-no_0179.jpg,notumor,0
/content/drive/MyDrive/Brain_Tumor_CNN_Project/dataset/Epic and CSCR hospital Dataset/Train/glioma/G_851_VF_.jpg,glioma,1
/content/drive/MyDrive/Brain_Tumor_CNN_Project/dataset/Epic and CSCR hospital Dataset/Train/pituitary/Tr-pi_1173.jpg,pituitary,1
/content/drive/MyDrive/Brain_Tumor_CNN_Project/dataset/Epic and CSCR hospital Dataset/Train/glioma/gg (421).jpg,glioma,1
/content/drive/MyDrive/Brain_Tumor_CNN_Project/dataset/Epic and CSCR hospital Dataset/Train/meningioma/Tr-me_0603.jpg,meningioma,1
/content/drive/MyDrive/Brain_Tumor_CNN_Project/dataset/Epic and CSCR hospital Dataset/Train/notumor/N_428_DA_.jpg,notumor,0
/content/drive/MyDrive/Brain_Tumor_CNN_Project/dataset/Epic and CSCR hospital Dataset/Train/pituitary/Tr-pi_0800.jpg,pituitary,1
/content/drive/MyDrive/Brain_Tumor_CNN_Project/dataset/Epic and CSCR hospital Dataset/Train/glioma/Tr-gl_0223.jpg,glioma,1
/content/drive/MyDrive/Brain_Tumor_CNN_Project/dataset/Epic and CSCR hospital Dataset/Train/meningioma/1394.jpg,meningioma,1
/content/drive/MyDrive/Brain_Tumor_CNN_Project/dataset/Epic and CSCR hospital Dataset/Train/meningioma/Tr-me_0126.jpg,meningioma,1
/content/drive/MyDrive/Brain_Tumor_CNN_Project/dataset/Epic and CSCR hospital Dataset/Train/meningioma/M_840_VF_.jpg,meningioma,1
/content/drive/MyDrive/Brain_Tumor_CNN_Project/dataset/Epic and CSCR hospital Dataset/Train/pituitary/P_84.jpg,pituitary,1
/content/drive/MyDrive/Brain_Tumor_CNN_Project/dataset/Epic and CSCR hospital Dataset/Train/glioma/Tr-gl_0822.jpg,glioma,1
/content/drive/MyDrive/Brain_Tumor_CNN_Project/dataset/Epic and CSCR hospital Dataset/Train/notumor/Tr-no_0180.jpg,notumor,0
/content/drive/MyDrive/Brain_Tumor_CNN_Project/dataset/Epic and CSCR hospital Dataset/Train/meningioma/Tr-me_0324.jpg,meningioma,1
/content/drive/MyDrive/Brain_Tumor_CNN_Project/dataset/Epic and CSCR hospital Dataset/Train/glioma/Tr-gl_1000.jpg,glioma,1
/content/drive/MyDrive/Brain_Tumor_CNN_Project/dataset/Epic and CSCR hospital Dataset/Train/pituitary/Tr-pi_0365.jpg,pituitary,1
/content/drive/MyDrive/Brain_Tumor_CNN_Project/dataset/Epic and CSCR hospital Dataset/Train/pituitary/Tr-pi_1245.jpg,pituitary,1
/content/drive/MyDrive/Brain_Tumor_CNN_Project/dataset/Epic and CSCR hospital Dataset/Train/pituitary/P_716_DA_.jpg,pituitary,1
/content/drive/MyDrive/Brain_Tumor_CNN_Project/dataset/Epic and CSCR hospital Dataset/Train/glioma/gg (623).jpg,glioma,1
/content/drive/MyDrive/Brain_Tumor_CNN_Project/dataset/Epic and CSCR hospital Dataset/Train/pituitary/P_76_BR_.jpg,pituitary,1
/content/drive/MyDrive/Brain_Tumor_CNN_Project/dataset/Epic and CSCR hospital Dataset/Train/notumor/Tr-no_0561.jpg,notumor,0
/content/drive/MyDrive/Brain_Tumor_CNN_Project/dataset/Epic and CSCR hospital Dataset/Train/meningioma/Te-me_0076.jpg,meningioma,1
/content/drive/MyDrive/Brain_Tumor_CNN_Project/dataset/Epic and CSCR hospital Dataset/Train/glioma/Te-gl_0174.jpg,glioma,1
/content/drive/MyDrive/Brain_Tumor_CNN_Project/dataset/Epic and CSCR hospital Dataset/Train/notumor/Tr-no_0182.jpg,notumor,0
/content/drive/MyDrive/Brain_Tumor_CNN_Project/dataset/Epic and CSCR hospital Dataset/Train/meningioma/Tr-me_0419.jpg,meningioma,1
/content/drive/MyDrive/Brain_Tumor_CNN_Project/dataset/Epic and CSCR hospital Dataset/Train/meningioma/m2 (31).jpg,meningioma,1
/content/drive/MyDrive/Brain_Tumor_CNN_Project/dataset/Epic and CSCR hospital Dataset/Train/glioma/gg (666).jpg,glioma,1
/content/drive/MyDrive/Brain_Tumor_CNN_Project/dataset/Epic and CSCR hospital Dataset/Train/notumor/image(145).jpg,notumor,0
/content/drive/MyDrive/Brain_Tumor_CNN_Project/dataset/Epic and CSCR hospital Dataset/Train/meningioma/M_873_BR_.jpg,meningioma,1
/content/drive/MyDrive/Brain_Tumor_CNN_Project/dataset/Epic and CSCR hospital Dataset/Train/meningioma/Tr-me_0951.jpg,meningioma,1
/content/drive/MyDrive/Brain_Tumor_CNN_Project/dataset/Epic and CSCR hospital Dataset/Train/glioma/G_810.jpg,glioma,1
/content/drive/MyDrive/Brain_Tumor_CNN_Project/dataset/Epic and CSCR hospital Dataset/Train/pituitary/P_831_DA_.jpg,pituitary,1
/content/drive/MyDrive/Brain_Tumor_CNN_Project/dataset/Epic and CSCR hospital Dataset/Train/pituitary/Tr-pi_0777.jpg,pituitary,1
/content/drive/MyDrive/Brain_Tumor_CNN_Project/dataset/Epic and CSCR hospital Dataset/Train/glioma/Tr-gl_1041.jpg,glioma,1
/content/drive/MyDrive/Brain_Tumor_CNN_Project/dataset/Epic and CSCR hospital Dataset/Train/glioma/G_847.jpg,glioma,1
/content/drive/MyDrive/Brain_Tumor_CNN_Project/dataset/Epic and CSCR hospital Dataset/Train/meningioma/Tr-me_0041.jpg,meningioma,1
/content/drive/MyDrive/Brain_Tumor_CNN_Project/dataset/Epic and CSCR hospital Dataset/Train/glioma/G_809_HF_.jpg,glioma,1
/content/drive/MyDrive/Brain_Tumor_CNN_Project/dataset/Epic and CSCR hospital Dataset/Train/meningioma/m3 (125).jpg,meningioma,1
/content/drive/MyDrive/Brain_Tumor_CNN_Project/dataset/Epic and CSCR hospital Dataset/Train/notumor/1811.jpg,notumor,0
/content/drive/MyDrive/Brain_Tumor_CNN_Project/dataset/Epic and CSCR hospital Dataset/Train/glioma/Tr-gl_1236.jpg,glioma,1
/content/drive/MyDrive/Brain_Tumor_CNN_Project/dataset/Epic and CSCR hospital Dataset/Train/notumor/N_406_HF_.jpg,notumor,0
/content/drive/MyDrive/Brain_Tumor_CNN_Project/dataset/Epic and CSCR hospital Dataset/Train/glioma/Tr-gl_0408.jpg,glioma,1
/content/drive/MyDrive/Brain_Tumor_CNN_Project/dataset/Epic and CSCR hospital Dataset/Train/meningioma/M_843_SP_.jpg,meningioma,1
/content/drive/MyDrive/Brain_Tumor_CNN_Project/dataset/Epic and CSCR hospital Dataset/Train/glioma/G_878_HF_.jpg,glioma,1
/content/drive/MyDrive/Brain_Tumor_CNN_Project/dataset/Epic and CSCR hospital Dataset/Train/glioma/Tr-gl_0541.jpg,glioma,1
/content/drive/MyDrive/Brain_Tumor_CNN_Project/dataset/Epic and CSCR hospital Dataset/Train/glioma/Tr-gl_0131.jpg,glioma,1
/content/drive/MyDrive/Brain_Tumor_CNN_Project/dataset/Epic and CSCR hospital Dataset/Train/meningioma/M_868_SP_.jpg,meningioma,1
/content/drive/MyDrive/Brain_Tumor_CNN_Project/dataset/Epic and CSCR hospital Dataset/Train/glioma/Tr-gl_0385.jpg,glioma,1
/content/drive/MyDrive/Brain_Tumor_CNN_Project/dataset/Epic and CSCR hospital Dataset/Train/meningioma/M_852_HF_.jpg,meningioma,1
/content/drive/MyDrive/Brain_Tumor_CNN_Project/dataset/Epic and CSCR hospital Dataset/Train/pituitary/P_751_RO_.jpg,pituitary,1
/content/drive/MyDrive/Brain_Tumor_CNN_Project/dataset/Epic and CSCR hospital Dataset/Train/glioma/Te-gl_0094.jpg,glioma,1
/content/drive/MyDrive/Brain_Tumor_CNN_Project/dataset/Epic and CSCR hospital Dataset/Train/meningioma/Tr-me_1046.jpg,meningioma,1
/content/drive/MyDrive/Brain_Tumor_CNN_Project/dataset/Epic and CSCR hospital Dataset/Train/notumor/N_376_HF_.jpg,notumor,0
/content/drive/MyDrive/Brain_Tumor_CNN_Project/dataset/Epic and CSCR hospital Dataset/Train/glioma/G_846.jpg,glioma,1
/content/drive/MyDrive/Brain_Tumor_CNN_Project/dataset/Epic and CSCR hospital Dataset/Train/glioma/Tr-gl_0549.jpg,glioma,1
/content/drive/MyDrive/Brain_Tumor_CNN_Project/dataset/Epic and CSCR hospital Dataset/Train/glioma/Te-gl_0216.jpg,glioma,1
/content/drive/MyDrive/Brain_Tumor_CNN_Project/dataset/Epic and CSCR hospital Dataset/Train/glioma/G_839.jpg,glioma,1
/content/drive/MyDrive/Brain_Tumor_CNN_Project/dataset/Epic and CSCR hospital Dataset/Train/meningioma/m3 (103).jpg,meningioma,1
/content/drive/MyDrive/Brain_Tumor_CNN_Project/dataset/Epic and CSCR hospital Dataset/Train/pituitary/P_817_HF_.jpg,pituitary,1
/content/drive/MyDrive/Brain_Tumor_CNN_Project/dataset/Epic and CSCR hospital Dataset/Train/pituitary/P_792_SP_.jpg,pituitary,1
/content/drive/MyDrive/Brain_Tumor_CNN_Project/dataset/Epic and CSCR hospital Dataset/Train/glioma/Te-gl_0134.jpg,glioma,1
/content/drive/MyDrive/Brain_Tumor_CNN_Project/dataset/Epic and CSCR hospital Dataset/Train/meningioma/Tr-me_0548.jpg,meningioma,1
/content/drive/MyDrive/Brain_Tumor_CNN_Project/dataset/Epic and CSCR hospital Dataset/Train/glioma/G_828_BR_.jpg,glioma,1
/content/drive/MyDrive/Brain_Tumor_CNN_Project/dataset/Epic and CSCR hospital Dataset/Train/meningioma/Tr-me_0408.jpg,meningioma,1
/content/drive/MyDrive/Brain_Tumor_CNN_Project/dataset/Epic and CSCR hospital Dataset/Train/meningioma/Tr-me_1231.jpg,meningioma,1
/content/drive/MyDrive/Brain_Tumor_CNN_Project/dataset/Epic and CSCR hospital Dataset/Train/glioma/G_828_VF_.jpg,glioma,1
/content/drive/MyDrive/Brain_Tumor_CNN_Project/dataset/Epic and CSCR hospital Dataset/Train/pituitary/p (522).jpg,pituitary,1
/content/drive/MyDrive/Brain_Tumor_CNN_Project/dataset/Epic and CSCR hospital Dataset/Train/glioma/gg (328).jpg,glioma,1
/content/drive/MyDrive/Brain_Tumor_CNN_Project/dataset/Epic and CSCR hospital Dataset/Train/pituitary/Tr-pi_1306.jpg,pituitary,1
/content/drive/MyDrive/Brain_Tumor_CNN_Project/dataset/Epic and CSCR hospital Dataset/Train/meningioma/Tr-me_0513.jpg,meningioma,1
/content/drive/MyDrive/Brain_Tumor_CNN_Project/dataset/Epic and CSCR hospital Dataset/Train/pituitary/p (595).jpg,pituitary,1
/content/drive/MyDrive/Brain_Tumor_CNN_Project/dataset/Epic and CSCR hospital Dataset/Train/pituitary/Tr-pi_1067.jpg,pituitary,1
/content/drive/MyDrive/Brain_Tumor_CNN_Project/dataset/Epic and CSCR hospital Dataset/Train/glioma/gg (640).jpg,glioma,1
/content/drive/MyDrive/Brain_Tumor_CNN_Project/dataset/Epic and CSCR hospital Dataset/Train/notumor/N_426_DA_.jpg,notumor,0
/content/drive/MyDrive/Brain_Tumor_CNN_Project/dataset/Epic and CSCR hospital Dataset/Train/pituitary/Te-pi_0050.jpg,pituitary,1
/content/drive/MyDrive/Brain_Tumor_CNN_Project/dataset/Epic and CSCR hospital Dataset/Train/glioma/G_809_RO_.jpg,glioma,1
/content/drive/MyDrive/Brain_Tumor_CNN_Project/dataset/Epic and CSCR hospital Dataset/Train/glioma/image(75).jpg,glioma,1
/content/drive/MyDrive/Brain_Tumor_CNN_Project/dataset/Epic and CSCR hospital Dataset/Train/pituitary/P_843_BR_.jpg,pituitary,1
/content/drive/MyDrive/Brain_Tumor_CNN_Project/dataset/Epic and CSCR hospital Dataset/Train/glioma/Tr-gl_0313.jpg,glioma,1
/content/drive/MyDrive/Brain_Tumor_CNN_Project/dataset/Epic and CSCR hospital Dataset/Train/pituitary/P_753_DA_.jpg,pituitary,1
/content/drive/MyDrive/Brain_Tumor_CNN_Project/dataset/Epic and CSCR hospital Dataset/Train/glioma/Tr-gl_0487.jpg,glioma,1
/content/drive/MyDrive/Brain_Tumor_CNN_Project/dataset/Epic and CSCR hospital Dataset/Train/glioma/gg (578).jpg,glioma,1
/content/drive/MyDrive/Brain_Tumor_CNN_Project/dataset/Epic and CSCR hospital Dataset/Train/meningioma/M_868_VF_.jpg,meningioma,1
/content/drive/MyDrive/Brain_Tumor_CNN_Project/dataset/Epic and CSCR hospital Dataset/Train/pituitary/1197.jpg,pituitary,1
/content/drive/MyDrive/Brain_Tumor_CNN_Project/dataset/Epic and CSCR hospital Dataset/Train/notumor/1602.jpg,notumor,0
/content/drive/MyDrive/Brain_Tumor_CNN_Project/dataset/Epic and CSCR hospital Dataset/Train/pituitary/P_74_SP_.jpg,pituitary,1
/content/drive/MyDrive/Brain_Tumor_CNN_Project/dataset/Epic and CSCR hospital Dataset/Train/pituitary/Tr-pi_0656.jpg,pituitary,1
/content/drive/MyDrive/Brain_Tumor_CNN_Project/dataset/Epic and CSCR hospital Dataset/Train/pituitary/Te-pi_0106.jpg,pituitary,1
/content/drive/MyDrive/Brain_Tumor_CNN_Project/dataset/Epic and CSCR hospital Dataset/Train/pituitary/1186.jpg,pituitary,1
/content/drive/MyDrive/Brain_Tumor_CNN_Project/dataset/Epic and CSCR hospital Dataset/Train/notumor/Te-no_0250.jpg,notumor,0
/content/drive/MyDrive/Brain_Tumor_CNN_Project/dataset/Epic and CSCR hospital Dataset/Train/meningioma/m2 (8).jpg,meningioma,1
/content/drive/MyDrive/Brain_Tumor_CNN_Project/dataset/Epic and CSCR hospital Dataset/Train/notumor/N_44_VF_.jpg,notumor,0
/content/drive/MyDrive/Brain_Tumor_CNN_Project/dataset/Epic and CSCR hospital Dataset/Train/glioma/G_779.jpg,glioma,1
/content/drive/MyDrive/Brain_Tumor_CNN_Project/dataset/Epic and CSCR hospital Dataset/Train/meningioma/M_852.jpg,meningioma,1
/content/drive/MyDrive/Brain_Tumor_CNN_Project/dataset/Epic and CSCR hospital Dataset/Train/meningioma/M_854_BR_.jpg,meningioma,1
/content/drive/MyDrive/Brain_Tumor_CNN_Project/dataset/Epic and CSCR hospital Dataset/Train/meningioma/m1(88).jpg,meningioma,1
/content/drive/MyDrive/Brain_Tumor_CNN_Project/dataset/Epic and CSCR hospital Dataset/Train/glioma/G_725_VF_.jpg,glioma,1
/content/drive/MyDrive/Brain_Tumor_CNN_Project/dataset/Epic and CSCR hospital Dataset/Train/glioma/G_879_HF_.jpg,glioma,1
/content/drive/MyDrive/Brain_Tumor_CNN_Project/dataset/Epic and CSCR hospital Dataset/Train/glioma/image(67).jpg,glioma,1
/content/drive/MyDrive/Brain_Tumor_CNN_Project/dataset/Epic and CSCR hospital Dataset/Train/notumor/Tr-no_0436.jpg,notumor,0
/content/drive/MyDrive/Brain_Tumor_CNN_Project/dataset/Epic and CSCR hospital Dataset/Train/meningioma/M_860.jpg,meningioma,1
/content/drive/MyDrive/Brain_Tumor_CNN_Project/dataset/Epic and CSCR hospital Dataset/Train/glioma/G_850_RO_.jpg,glioma,1
/content/drive/MyDrive/Brain_Tumor_CNN_Project/dataset/Epic and CSCR hospital Dataset/Train/pituitary/Tr-pi_0706.jpg,pituitary,1
/content/drive/MyDrive/Brain_Tumor_CNN_Project/dataset/Epic and CSCR hospital Dataset/Train/meningioma/M_844_HF_.jpg,meningioma,1
/content/drive/MyDrive/Brain_Tumor_CNN_Project/dataset/Epic and CSCR hospital Dataset/Train/pituitary/P_808_DA_.jpg,pituitary,1
/content/drive/MyDrive/Brain_Tumor_CNN_Project/dataset/Epic and CSCR hospital Dataset/Train/pituitary/Tr-pi_0307.jpg,pituitary,1
/content/drive/MyDrive/Brain_Tumor_CNN_Project/dataset/Epic and CSCR hospital Dataset/Train/pituitary/P_795_HF_.jpg,pituitary,1
/content/drive/MyDrive/Brain_Tumor_CNN_Project/dataset/Epic and CSCR hospital Dataset/Train/glioma/G_794_DA_.jpg,glioma,1
/content/drive/MyDrive/Brain_Tumor_CNN_Project/dataset/Epic and CSCR hospital Dataset/Train/notumor/Tr-no_0693.jpg,notumor,0
/content/drive/MyDrive/Brain_Tumor_CNN_Project/dataset/Epic and CSCR hospital Dataset/Train/glioma/G_887_BR_.jpg,glioma,1
/content/drive/MyDrive/Brain_Tumor_CNN_Project/dataset/Epic and CSCR hospital Dataset/Train/meningioma/M_827_SP_.jpg,meningioma,1
/content/drive/MyDrive/Brain_Tumor_CNN_Project/dataset/Epic and CSCR hospital Dataset/Train/notumor/N_42_RO_.jpg,notumor,0
/content/drive/MyDrive/Brain_Tumor_CNN_Project/dataset/Epic and CSCR hospital Dataset/Train/glioma/Tr-gl_0121.jpg,glioma,1
/content/drive/MyDrive/Brain_Tumor_CNN_Project/dataset/Epic and CSCR hospital Dataset/Train/notumor/1820.jpg,notumor,0
/content/drive/MyDrive/Brain_Tumor_CNN_Project/dataset/Epic and CSCR hospital Dataset/Train/pituitary/P_759_RO_.jpg,pituitary,1
/content/drive/MyDrive/Brain_Tumor_CNN_Project/dataset/Epic and CSCR hospital Dataset/Train/glioma/G_782_HF_.jpg,glioma,1
/content/drive/MyDrive/Brain_Tumor_CNN_Project/dataset/Epic and CSCR hospital Dataset/Train/glioma/image(14).jpg,glioma,1
/content/drive/MyDrive/Brain_Tumor_CNN_Project/dataset/Epic and CSCR hospital Dataset/Train/pituitary/Tr-pi_0184.jpg,pituitary,1
/content/drive/MyDrive/Brain_Tumor_CNN_Project/dataset/Epic and CSCR hospital Dataset/Train/glioma/G_763_SP_.jpg,glioma,1
/content/drive/MyDrive/Brain_Tumor_CNN_Project/dataset/Epic and CSCR hospital Dataset/Train/pituitary/Tr-pi_1238.jpg,pituitary,1
/content/drive/MyDrive/Brain_Tumor_CNN_Project/dataset/Epic and CSCR hospital Dataset/Train/notumor/1830.jpg,notumor,0
/content/drive/MyDrive/Brain_Tumor_CNN_Project/dataset/Epic and CSCR hospital Dataset/Train/meningioma/Tr-me_0074.jpg,meningioma,1
/content/drive/MyDrive/Brain_Tumor_CNN_Project/dataset/Epic and CSCR hospital Dataset/Train/notumor/1617.jpg,notumor,0
/content/drive/MyDrive/Brain_Tumor_CNN_Project/dataset/Epic and CSCR hospital Dataset/Train/glioma/Tr-gl_0622.jpg,glioma,1
/content/drive/MyDrive/Brain_Tumor_CNN_Project/dataset/Epic and CSCR hospital Dataset/Train/pituitary/Te-pi_0086.jpg,pituitary,1
/content/drive/MyDrive/Brain_Tumor_CNN_Project/dataset/Epic and CSCR hospital Dataset/Train/notumor/Tr-no_0340.jpg,notumor,0
/content/drive/MyDrive/Brain_Tumor_CNN_Project/dataset/Epic and CSCR hospital Dataset/Train/glioma/G_87_BR_.jpg,glioma,1
/content/drive/MyDrive/Brain_Tumor_CNN_Project/dataset/Epic and CSCR hospital Dataset/Train/pituitary/p (567).jpg,pituitary,1
/content/drive/MyDrive/Brain_Tumor_CNN_Project/dataset/Epic and CSCR hospital Dataset/Train/meningioma/Tr-me_0880.jpg,meningioma,1
/content/drive/MyDrive/Brain_Tumor_CNN_Project/dataset/Epic and CSCR hospital Dataset/Train/notumor/Tr-no_0100.jpg,notumor,0
/content/drive/MyDrive/Brain_Tumor_CNN_Project/dataset/Epic and CSCR hospital Dataset/Train/meningioma/Tr-me_0215.jpg,meningioma,1
/content/drive/MyDrive/Brain_Tumor_CNN_Project/dataset/Epic and CSCR hospital Dataset/Train/glioma/G_719_BR_.jpg,glioma,1
/content/drive/MyDrive/Brain_Tumor_CNN_Project/dataset/Epic and CSCR hospital Dataset/Train/glioma/Tr-gl_0338.jpg,glioma,1
/content/drive/MyDrive/Brain_Tumor_CNN_Project/dataset/Epic and CSCR hospital Dataset/Train/glioma/Tr-gl_0608.jpg,glioma,1
/content/drive/MyDrive/Brain_Tumor_CNN_Project/dataset/Epic and CSCR hospital Dataset/Train/notumor/N_434_SP_.jpg,notumor,0
/content/drive/MyDrive/Brain_Tumor_CNN_Project/dataset/Epic and CSCR hospital Dataset/Train/meningioma/Tr-me_0368.jpg,meningioma,1
/content/drive/MyDrive/Brain_Tumor_CNN_Project/dataset/Epic and CSCR hospital Dataset/Train/pituitary/Tr-pi_1184.jpg,pituitary,1
/content/drive/MyDrive/Brain_Tumor_CNN_Project/dataset/Epic and CSCR hospital Dataset/Train/glioma/G_759_VF_.jpg,glioma,1
/content/drive/MyDrive/Brain_Tumor_CNN_Project/dataset/Epic and CSCR hospital Dataset/Train/notumor/Tr-no_0381.jpg,notumor,0
/content/drive/MyDrive/Brain_Tumor_CNN_Project/dataset/Epic and CSCR hospital Dataset/Train/meningioma/m2 (83).jpg,meningioma,1
/content/drive/MyDrive/Brain_Tumor_CNN_Project/dataset/Epic and CSCR hospital Dataset/Train/pituitary/P_783_VF_.jpg,pituitary,1
/content/drive/MyDrive/Brain_Tumor_CNN_Project/dataset/Epic and CSCR hospital Dataset/Train/notumor/Te-no_0253.jpg,notumor,0
/content/drive/MyDrive/Brain_Tumor_CNN_Project/dataset/Epic and CSCR hospital Dataset/Train/notumor/Te-no_0126.jpg,notumor,0
/content/drive/MyDrive/Brain_Tumor_CNN_Project/dataset/Epic and CSCR hospital Dataset/Train/meningioma/m3 (111).jpg,meningioma,1
/content/drive/MyDrive/Brain_Tumor_CNN_Project/dataset/Epic and CSCR hospital Dataset/Train/meningioma/m1(5).jpg,meningioma,1
/content/drive/MyDrive/Brain_Tumor_CNN_Project/dataset/Epic and CSCR hospital Dataset/Train/glioma/Tr-gl_0270.jpg,glioma,1
/content/drive/MyDrive/Brain_Tumor_CNN_Project/dataset/Epic and CSCR hospital Dataset/Train/pituitary/P_783_SP_.jpg,pituitary,1
/content/drive/MyDrive/Brain_Tumor_CNN_Project/dataset/Epic and CSCR hospital Dataset/Train/pituitary/Tr-pi_0687.jpg,pituitary,1
/content/drive/MyDrive/Brain_Tumor_CNN_Project/dataset/Epic and CSCR hospital Dataset/Train/meningioma/Tr-me_0557.jpg,meningioma,1
/content/drive/MyDrive/Brain_Tumor_CNN_Project/dataset/Epic and CSCR hospital Dataset/Train/glioma/Tr-gl_0384.jpg,glioma,1
/content/drive/MyDrive/Brain_Tumor_CNN_Project/dataset/Epic and CSCR hospital Dataset/Train/meningioma/M_873_HF_.jpg,meningioma,1
/content/drive/MyDrive/Brain_Tumor_CNN_Project/dataset/Epic and CSCR hospital Dataset/Train/glioma/G_758_VF_.jpg,glioma,1
/content/drive/MyDrive/Brain_Tumor_CNN_Project/dataset/Epic and CSCR hospital Dataset/Train/pituitary/Tr-pi_0990.jpg,pituitary,1
/content/drive/MyDrive/Brain_Tumor_CNN_Project/dataset/Epic and CSCR hospital Dataset/Train/meningioma/Tr-me_0983.jpg,meningioma,1
/content/drive/MyDrive/Brain_Tumor_CNN_Project/dataset/Epic and CSCR hospital Dataset/Train/meningioma/M_831_HF_.jpg,meningioma,1
/content/drive/MyDrive/Brain_Tumor_CNN_Project/dataset/Epic and CSCR hospital Dataset/Train/meningioma/M_823_HF_.jpg,meningioma,1
/content/drive/MyDrive/Brain_Tumor_CNN_Project/dataset/Epic and CSCR hospital Dataset/Train/pituitary/Tr-pi_0218.jpg,pituitary,1
/content/drive/MyDrive/Brain_Tumor_CNN_Project/dataset/Epic and CSCR hospital Dataset/Train/pituitary/Te-pi_0146.jpg,pituitary,1
/content/drive/MyDrive/Brain_Tumor_CNN_Project/dataset/Epic and CSCR hospital Dataset/Train/pituitary/P_806_BR_.jpg,pituitary,1
/content/drive/MyDrive/Brain_Tumor_CNN_Project/dataset/Epic and CSCR hospital Dataset/Train/meningioma/m2 (56).jpg,meningioma,1
/content/drive/MyDrive/Brain_Tumor_CNN_Project/dataset/Epic and CSCR hospital Dataset/Train/notumor/Tr-no_0054.jpg,notumor,0
/content/drive/MyDrive/Brain_Tumor_CNN_Project/dataset/Epic and CSCR hospital Dataset/Train/notumor/Tr-no_0649.jpg,notumor,0
/content/drive/MyDrive/Brain_Tumor_CNN_Project/dataset/Epic and CSCR hospital Dataset/Train/notumor/1710.jpg,notumor,0
/content/drive/MyDrive/Brain_Tumor_CNN_Project/dataset/Epic and CSCR hospital Dataset/Train/glioma/Tr-gl_0631.jpg,glioma,1
/content/drive/MyDrive/Brain_Tumor_CNN_Project/dataset/Epic and CSCR hospital Dataset/Train/notumor/Te-no_0268.jpg,notumor,0
/content/drive/MyDrive/Brain_Tumor_CNN_Project/dataset/Epic and CSCR hospital Dataset/Train/glioma/G_843.jpg,glioma,1
/content/drive/MyDrive/Brain_Tumor_CNN_Project/dataset/Epic and CSCR hospital Dataset/Train/meningioma/M_880.jpg,meningioma,1
/content/drive/MyDrive/Brain_Tumor_CNN_Project/dataset/Epic and CSCR hospital Dataset/Train/glioma/Tr-gl_0298.jpg,glioma,1
/content/drive/MyDrive/Brain_Tumor_CNN_Project/dataset/Epic and CSCR hospital Dataset/Train/glioma/G_717.jpg,glioma,1
/content/drive/MyDrive/Brain_Tumor_CNN_Project/dataset/Epic and CSCR hospital Dataset/Train/glioma/G_738_VF_.jpg,glioma,1
/content/drive/MyDrive/Brain_Tumor_CNN_Project/dataset/Epic and CSCR hospital Dataset/Train/glioma/G_781_HF_.jpg,glioma,1
/content/drive/MyDrive/Brain_Tumor_CNN_Project/dataset/Epic and CSCR hospital Dataset/Train/pituitary/Tr-pi_0747.jpg,pituitary,1
/content/drive/MyDrive/Brain_Tumor_CNN_Project/dataset/Epic and CSCR hospital Dataset/Train/glioma/G_822_SP_.jpg,glioma,1
/content/drive/MyDrive/Brain_Tumor_CNN_Project/dataset/Epic and CSCR hospital Dataset/Train/pituitary/P_730_DA_.jpg,pituitary,1
/content/drive/MyDrive/Brain_Tumor_CNN_Project/dataset/Epic and CSCR hospital Dataset/Train/glioma/G_720_BR_.jpg,glioma,1
/content/drive/MyDrive/Brain_Tumor_CNN_Project/dataset/Epic and CSCR hospital Dataset/Train/glioma/G_725_SP_.jpg,glioma,1
/content/drive/MyDrive/Brain_Tumor_CNN_Project/dataset/Epic and CSCR hospital Dataset/Train/glioma/G_775_BR_.jpg,glioma,1
/content/drive/MyDrive/Brain_Tumor_CNN_Project/dataset/Epic and CSCR hospital Dataset/Train/meningioma/Tr-me_0931.jpg,meningioma,1
/content/drive/MyDrive/Brain_Tumor_CNN_Project/dataset/Epic and CSCR hospital Dataset/Train/pituitary/P_803_DA_.jpg,pituitary,1
/content/drive/MyDrive/Brain_Tumor_CNN_Project/dataset/Epic and CSCR hospital Dataset/Train/notumor/N_397_BR_.jpg,notumor,0
/content/drive/MyDrive/Brain_Tumor_CNN_Project/dataset/Epic and CSCR hospital Dataset/Train/glioma/Te-gl_0184.jpg,glioma,1
/content/drive/MyDrive/Brain_Tumor_CNN_Project/dataset/Epic and CSCR hospital Dataset/Train/glioma/Tr-gl_0623.jpg,glioma,1
/content/drive/MyDrive/Brain_Tumor_CNN_Project/dataset/Epic and CSCR hospital Dataset/Train/pituitary/P_774_DA_.jpg,pituitary,1
/content/drive/MyDrive/Brain_Tumor_CNN_Project/dataset/Epic and CSCR hospital Dataset/Train/meningioma/Tr-me_1251.jpg,meningioma,1
/content/drive/MyDrive/Brain_Tumor_CNN_Project/dataset/Epic and CSCR hospital Dataset/Train/glioma/G_740_HF_.jpg,glioma,1
/content/drive/MyDrive/Brain_Tumor_CNN_Project/dataset/Epic and CSCR hospital Dataset/Train/notumor/Te-no_0249.jpg,notumor,0
/content/drive/MyDrive/Brain_Tumor_CNN_Project/dataset/Epic and CSCR hospital Dataset/Train/glioma/Tr-gl_0097.jpg,glioma,1
/content/drive/MyDrive/Brain_Tumor_CNN_Project/dataset/Epic and CSCR hospital Dataset/Train/glioma/G_826_BR_.jpg,glioma,1
/content/drive/MyDrive/Brain_Tumor_CNN_Project/dataset/Epic and CSCR hospital Dataset/Train/pituitary/Te-pi_0108.jpg,pituitary,1
/content/drive/MyDrive/Brain_Tumor_CNN_Project/dataset/Epic and CSCR hospital Dataset/Train/pituitary/P_749_VF_.jpg,pituitary,1
/content/drive/MyDrive/Brain_Tumor_CNN_Project/dataset/Epic and CSCR hospital Dataset/Train/glioma/G_875_VF_.jpg,glioma,1
/content/drive/MyDrive/Brain_Tumor_CNN_Project/dataset/Epic and CSCR hospital Dataset/Train/meningioma/Tr-me_0851.jpg,meningioma,1
/content/drive/MyDrive/Brain_Tumor_CNN_Project/dataset/Epic and CSCR hospital Dataset/Train/pituitary/P_786_VF_.jpg,pituitary,1
/content/drive/MyDrive/Brain_Tumor_CNN_Project/dataset/Epic and CSCR hospital Dataset/Train/pituitary/Tr-pi_0148.jpg,pituitary,1
/content/drive/MyDrive/Brain_Tumor_CNN_Project/dataset/Epic and CSCR hospital Dataset/Train/notumor/N_425_SP_.jpg,notumor,0
/content/drive/MyDrive/Brain_Tumor_CNN_Project/dataset/Epic and CSCR hospital Dataset/Train/notumor/Te-no_0242.jpg,notumor,0
/content/drive/MyDrive/Brain_Tumor_CNN_Project/dataset/Epic and CSCR hospital Dataset/Train/glioma/G_714_VF_.jpg,glioma,1
/content/drive/MyDrive/Brain_Tumor_CNN_Project/dataset/Epic and CSCR hospital Dataset/Train/glioma/G_841_BR_.jpg,glioma,1
/content/drive/MyDrive/Brain_Tumor_CNN_Project/dataset/Epic and CSCR hospital Dataset/Train/meningioma/m3 (10).jpg,meningioma,1
/content/drive/MyDrive/Brain_Tumor_CNN_Project/dataset/Epic and CSCR hospital Dataset/Train/pituitary/Tr-pi_1047.jpg,pituitary,1
/content/drive/MyDrive/Brain_Tumor_CNN_Project/dataset/Epic and CSCR hospital Dataset/Train/notumor/1650.jpg,notumor,0
/content/drive/MyDrive/Brain_Tumor_CNN_Project/dataset/Epic and CSCR hospital Dataset/Train/pituitary/Tr-pi_0793.jpg,pituitary,1
/content/drive/MyDrive/Brain_Tumor_CNN_Project/dataset/Epic and CSCR hospital Dataset/Train/glioma/Tr-gl_1129.jpg,glioma,1
/content/drive/MyDrive/Brain_Tumor_CNN_Project/dataset/Epic and CSCR hospital Dataset/Train/notumor/N_430_DA_.jpg,notumor,0
/content/drive/MyDrive/Brain_Tumor_CNN_Project/dataset/Epic and CSCR hospital Dataset/Train/pituitary/Tr-pi_0146.jpg,pituitary,1
/content/drive/MyDrive/Brain_Tumor_CNN_Project/dataset/Epic and CSCR hospital Dataset/Train/meningioma/M_831_VF_.jpg,meningioma,1
/content/drive/MyDrive/Brain_Tumor_CNN_Project/dataset/Epic and CSCR hospital Dataset/Train/meningioma/1395.jpg,meningioma,1
/content/drive/MyDrive/Brain_Tumor_CNN_Project/dataset/Epic and CSCR hospital Dataset/Train/glioma/G_729.jpg,glioma,1
/content/drive/MyDrive/Brain_Tumor_CNN_Project/dataset/Epic and CSCR hospital Dataset/Train/glioma/Tr-gl_0249.jpg,glioma,1
/content/drive/MyDrive/Brain_Tumor_CNN_Project/dataset/Epic and CSCR hospital Dataset/Train/meningioma/M_841_VF_.jpg,meningioma,1
/content/drive/MyDrive/Brain_Tumor_CNN_Project/dataset/Epic and CSCR hospital Dataset/Train/glioma/G_830_HF_.jpg,glioma,1
/content/drive/MyDrive/Brain_Tumor_CNN_Project/dataset/Epic and CSCR hospital Dataset/Train/glioma/Te-gl_0154.jpg,glioma,1
/content/drive/MyDrive/Brain_Tumor_CNN_Project/dataset/Epic and CSCR hospital Dataset/Train/meningioma/Tr-me_0093.jpg,meningioma,1
/content/drive/MyDrive/Brain_Tumor_CNN_Project/dataset/Epic and CSCR hospital Dataset/Train/meningioma/Tr-me_0292.jpg,meningioma,1
/content/drive/MyDrive/Brain_Tumor_CNN_Project/dataset/Epic and CSCR hospital Dataset/Train/pituitary/Tr-pi_0674.jpg,pituitary,1
/content/drive/MyDrive/Brain_Tumor_CNN_Project/dataset/Epic and CSCR hospital Dataset/Train/notumor/N_420_VF_.jpg,notumor,0
/content/drive/MyDrive/Brain_Tumor_CNN_Project/dataset/Epic and CSCR hospital Dataset/Train/glioma/Tr-gl_0145.jpg,glioma,1
/content/drive/MyDrive/Brain_Tumor_CNN_Project/dataset/Epic and CSCR hospital Dataset/Train/pituitary/Tr-pi_0697.jpg,pituitary,1
/content/drive/MyDrive/Brain_Tumor_CNN_Project/dataset/Epic and CSCR hospital Dataset/Train/notumor/N_430_RO_.jpg,notumor,0
/content/drive/MyDrive/Brain_Tumor_CNN_Project/dataset/Epic and CSCR hospital Dataset/Train/notumor/Tr-no_0590.jpg,notumor,0
/content/drive/MyDrive/Brain_Tumor_CNN_Project/dataset/Epic and CSCR hospital Dataset/Train/notumor/N_409_DA_.jpg,notumor,0
/content/drive/MyDrive/Brain_Tumor_CNN_Project/dataset/Epic and CSCR hospital Dataset/Train/meningioma/1306.jpg,meningioma,1
/content/drive/MyDrive/Brain_Tumor_CNN_Project/dataset/Epic and CSCR hospital Dataset/Train/pituitary/P_771_VF_.jpg,pituitary,1
/content/drive/MyDrive/Brain_Tumor_CNN_Project/dataset/Epic and CSCR hospital Dataset/Train/glioma/G_831_VF_.jpg,glioma,1
/content/drive/MyDrive/Brain_Tumor_CNN_Project/dataset/Epic and CSCR hospital Dataset/Train/pituitary/Tr-pi_0414.jpg,pituitary,1
/content/drive/MyDrive/Brain_Tumor_CNN_Project/dataset/Epic and CSCR hospital Dataset/Train/meningioma/M_825_BR_.jpg,meningioma,1
/content/drive/MyDrive/Brain_Tumor_CNN_Project/dataset/Epic and CSCR hospital Dataset/Train/pituitary/P_834_DA_.jpg,pituitary,1
/content/drive/MyDrive/Brain_Tumor_CNN_Project/dataset/Epic and CSCR hospital Dataset/Train/glioma/Tr-gl_1126.jpg,glioma,1
/content/drive/MyDrive/Brain_Tumor_CNN_Project/dataset/Epic and CSCR hospital Dataset/Train/glioma/Tr-gl_0217.jpg,glioma,1
/content/drive/MyDrive/Brain_Tumor_CNN_Project/dataset/Epic and CSCR hospital Dataset/Train/glioma/gg (494).jpg,glioma,1
/content/drive/MyDrive/Brain_Tumor_CNN_Project/dataset/Epic and CSCR hospital Dataset/Train/notumor/N16.jpg,notumor,0
/content/drive/MyDrive/Brain_Tumor_CNN_Project/dataset/Epic and CSCR hospital Dataset/Train/glioma/Tr-gl_0302.jpg,glioma,1
/content/drive/MyDrive/Brain_Tumor_CNN_Project/dataset/Epic and CSCR hospital Dataset/Train/pituitary/P_81_HF_.jpg,pituitary,1
/content/drive/MyDrive/Brain_Tumor_CNN_Project/dataset/Epic and CSCR hospital Dataset/Train/pituitary/P_818.jpg,pituitary,1
/content/drive/MyDrive/Brain_Tumor_CNN_Project/dataset/Epic and CSCR hospital Dataset/Train/pituitary/Tr-pi_0532.jpg,pituitary,1
/content/drive/MyDrive/Brain_Tumor_CNN_Project/dataset/Epic and CSCR hospital Dataset/Train/notumor/1660.jpg,notumor,0
/content/drive/MyDrive/Brain_Tumor_CNN_Project/dataset/Epic and CSCR hospital Dataset/Train/pituitary/P_780_SP_.jpg,pituitary,1
/content/drive/MyDrive/Brain_Tumor_CNN_Project/dataset/Epic and CSCR hospital Dataset/Train/notumor/N_418_VF_.jpg,notumor,0
/content/drive/MyDrive/Brain_Tumor_CNN_Project/dataset/Epic and CSCR hospital Dataset/Train/pituitary/Te-pi_0156.jpg,pituitary,1
/content/drive/MyDrive/Brain_Tumor_CNN_Project/dataset/Epic and CSCR hospital Dataset/Train/pituitary/P_746_DA_.jpg,pituitary,1
/content/drive/MyDrive/Brain_Tumor_CNN_Project/dataset/Epic and CSCR hospital Dataset/Train/pituitary/Tr-pi_1364.jpg,pituitary,1
/content/drive/MyDrive/Brain_Tumor_CNN_Project/dataset/Epic and CSCR hospital Dataset/Train/pituitary/P_766_HF_.jpg,pituitary,1
/content/drive/MyDrive/Brain_Tumor_CNN_Project/dataset/Epic and CSCR hospital Dataset/Train/pituitary/Tr-pi_0407.jpg,pituitary,1
/content/drive/MyDrive/Brain_Tumor_CNN_Project/dataset/Epic and CSCR hospital Dataset/Train/notumor/Tr-no_0163.jpg,notumor,0
/content/drive/MyDrive/Brain_Tumor_CNN_Project/dataset/Epic and CSCR hospital Dataset/Train/glioma/G_861_SP_.jpg,glioma,1
/content/drive/MyDrive/Brain_Tumor_CNN_Project/dataset/Epic and CSCR hospital Dataset/Train/meningioma/1351.jpg,meningioma,1
/content/drive/MyDrive/Brain_Tumor_CNN_Project/dataset/Epic and CSCR hospital Dataset/Train/glioma/Te-gl_0097.jpg,glioma,1
/content/drive/MyDrive/Brain_Tumor_CNN_Project/dataset/Epic and CSCR hospital Dataset/Train/notumor/1803.jpg,notumor,0
/content/drive/MyDrive/Brain_Tumor_CNN_Project/dataset/Epic and CSCR hospital Dataset/Train/glioma/gg (469).jpg,glioma,1
/content/drive/MyDrive/Brain_Tumor_CNN_Project/dataset/Epic and CSCR hospital Dataset/Train/notumor/image(174).jpg,notumor,0
/content/drive/MyDrive/Brain_Tumor_CNN_Project/dataset/Epic and CSCR hospital Dataset/Train/glioma/G_865_DA_.jpg,glioma,1
/content/drive/MyDrive/Brain_Tumor_CNN_Project/dataset/Epic and CSCR hospital Dataset/Train/meningioma/Tr-me_0086.jpg,meningioma,1
/content/drive/MyDrive/Brain_Tumor_CNN_Project/dataset/Epic and CSCR hospital Dataset/Train/glioma/G_812_DA_.jpg,glioma,1
/content/drive/MyDrive/Brain_Tumor_CNN_Project/dataset/Epic and CSCR hospital Dataset/Train/pituitary/P_752_SP_.jpg,pituitary,1
/content/drive/MyDrive/Brain_Tumor_CNN_Project/dataset/Epic and CSCR hospital Dataset/Train/pituitary/Tr-pi_0125.jpg,pituitary,1
/content/drive/MyDrive/Brain_Tumor_CNN_Project/dataset/Epic and CSCR hospital Dataset/Train/glioma/G_887_HF_.jpg,glioma,1
/content/drive/MyDrive/Brain_Tumor_CNN_Project/dataset/Epic and CSCR hospital Dataset/Train/glioma/G_781_RO_.jpg,glioma,1
/content/drive/MyDrive/Brain_Tumor_CNN_Project/dataset/Epic and CSCR hospital Dataset/Train/glioma/Tr-gl_0816.jpg,glioma,1
/content/drive/MyDrive/Brain_Tumor_CNN_Project/dataset/Epic and CSCR hospital Dataset/Train/glioma/Te-gl_0098.jpg,glioma,1
/content/drive/MyDrive/Brain_Tumor_CNN_Project/dataset/Epic and CSCR hospital Dataset/Train/meningioma/Tr-me_1085.jpg,meningioma,1
/content/drive/MyDrive/Brain_Tumor_CNN_Project/dataset/Epic and CSCR hospital Dataset/Train/meningioma/Te-me_0297.jpg,meningioma,1
/content/drive/MyDrive/Brain_Tumor_CNN_Project/dataset/Epic and CSCR hospital Dataset/Train/meningioma/Tr-me_0343.jpg,meningioma,1
/content/drive/MyDrive/Brain_Tumor_CNN_Project/dataset/Epic and CSCR hospital Dataset/Train/notumor/N_426_BR_.jpg,notumor,0
/content/drive/MyDrive/Brain_Tumor_CNN_Project/dataset/Epic and CSCR hospital Dataset/Train/notumor/Tr-no_0647.jpg,notumor,0
/content/drive/MyDrive/Brain_Tumor_CNN_Project/dataset/Epic and CSCR hospital Dataset/Train/notumor/N_400_HF_.jpg,notumor,0
/content/drive/MyDrive/Brain_Tumor_CNN_Project/dataset/Epic and CSCR hospital Dataset/Train/glioma/G_860_HF_.jpg,glioma,1
/content/drive/MyDrive/Brain_Tumor_CNN_Project/dataset/Epic and CSCR hospital Dataset/Train/pituitary/P_814_VF_.jpg,pituitary,1
/content/drive/MyDrive/Brain_Tumor_CNN_Project/dataset/Epic and CSCR hospital Dataset/Train/notumor/Tr-no_0096.jpg,notumor,0
/content/drive/MyDrive/Brain_Tumor_CNN_Project/dataset/Epic and CSCR hospital Dataset/Train/notumor/Tr-no_0474.jpg,notumor,0
/content/drive/MyDrive/Brain_Tumor_CNN_Project/dataset/Epic and CSCR hospital Dataset/Train/pituitary/P_819.jpg,pituitary,1
/content/drive/MyDrive/Brain_Tumor_CNN_Project/dataset/Epic and CSCR hospital Dataset/Train/meningioma/Tr-me_0550.jpg,meningioma,1
/content/drive/MyDrive/Brain_Tumor_CNN_Project/dataset/Epic and CSCR hospital Dataset/Train/notumor/N_393_DA_.jpg,notumor,0
/content/drive/MyDrive/Brain_Tumor_CNN_Project/dataset/Epic and CSCR hospital Dataset/Train/notumor/1794.jpg,notumor,0
/content/drive/MyDrive/Brain_Tumor_CNN_Project/dataset/Epic and CSCR hospital Dataset/Train/meningioma/Tr-me_0437.jpg,meningioma,1
/content/drive/MyDrive/Brain_Tumor_CNN_Project/dataset/Epic and CSCR hospital Dataset/Train/pituitary/Tr-pi_0116.jpg,pituitary,1
/content/drive/MyDrive/Brain_Tumor_CNN_Project/dataset/Epic and CSCR hospital Dataset/Train/pituitary/Tr-pi_0488.jpg,pituitary,1
/content/drive/MyDrive/Brain_Tumor_CNN_Project/dataset/Epic and CSCR hospital Dataset/Train/glioma/Tr-gl_0880.jpg,glioma,1
/content/drive/MyDrive/Brain_Tumor_CNN_Project/dataset/Epic and CSCR hospital Dataset/Train/pituitary/P_780_RO_.jpg,pituitary,1
/content/drive/MyDrive/Brain_Tumor_CNN_Project/dataset/Epic and CSCR hospital Dataset/Train/meningioma/1416.jpg,meningioma,1
/content/drive/MyDrive/Brain_Tumor_CNN_Project/dataset/Epic and CSCR hospital Dataset/Train/notumor/Tr-no_0227.jpg,notumor,0
/content/drive/MyDrive/Brain_Tumor_CNN_Project/dataset/Epic and CSCR hospital Dataset/Train/pituitary/Tr-pi_0257.jpg,pituitary,1
/content/drive/MyDrive/Brain_Tumor_CNN_Project/dataset/Epic and CSCR hospital Dataset/Train/glioma/G_87_VF_.jpg,glioma,1
/content/drive/MyDrive/Brain_Tumor_CNN_Project/dataset/Epic and CSCR hospital Dataset/Train/pituitary/Tr-pi_0215.jpg,pituitary,1
/content/drive/MyDrive/Brain_Tumor_CNN_Project/dataset/Epic and CSCR hospital Dataset/Train/pituitary/Tr-pi_0393.jpg,pituitary,1
/content/drive/MyDrive/Brain_Tumor_CNN_Project/dataset/Epic and CSCR hospital Dataset/Train/meningioma/Tr-me_1048.jpg,meningioma,1
/content/drive/MyDrive/Brain_Tumor_CNN_Project/dataset/Epic and CSCR hospital Dataset/Train/pituitary/P_749_BR_.jpg,pituitary,1
/content/drive/MyDrive/Brain_Tumor_CNN_Project/dataset/Epic and CSCR hospital Dataset/Train/notumor/N_401_HF_.jpg,notumor,0
/content/drive/MyDrive/Brain_Tumor_CNN_Project/dataset/Epic and CSCR hospital Dataset/Train/notumor/Tr-no_0068.jpg,notumor,0
/content/drive/MyDrive/Brain_Tumor_CNN_Project/dataset/Epic and CSCR hospital Dataset/Train/glioma/Te-gl_0117.jpg,glioma,1
/content/drive/MyDrive/Brain_Tumor_CNN_Project/dataset/Epic and CSCR hospital Dataset/Train/pituitary/P_784.jpg,pituitary,1
/content/drive/MyDrive/Brain_Tumor_CNN_Project/dataset/Epic and CSCR hospital Dataset/Train/glioma/Tr-gl_1138.jpg,glioma,1
/content/drive/MyDrive/Brain_Tumor_CNN_Project/dataset/Epic and CSCR hospital Dataset/Train/glioma/G_846_VF_.jpg,glioma,1
/content/drive/MyDrive/Brain_Tumor_CNN_Project/dataset/Epic and CSCR hospital Dataset/Train/meningioma/Te-me_0240.jpg,meningioma,1
/content/drive/MyDrive/Brain_Tumor_CNN_Project/dataset/Epic and CSCR hospital Dataset/Train/glioma/gg (624).jpg,glioma,1
/content/drive/MyDrive/Brain_Tumor_CNN_Project/dataset/Epic and CSCR hospital Dataset/Train/glioma/G_769_HF_.jpg,glioma,1
/content/drive/MyDrive/Brain_Tumor_CNN_Project/dataset/Epic and CSCR hospital Dataset/Train/meningioma/Tr-me_0302.jpg,meningioma,1
/content/drive/MyDrive/Brain_Tumor_CNN_Project/dataset/Epic and CSCR hospital Dataset/Train/pituitary/Tr-pi_1168.jpg,pituitary,1
/content/drive/MyDrive/Brain_Tumor_CNN_Project/dataset/Epic and CSCR hospital Dataset/Train/meningioma/Te-me_0161.jpg,meningioma,1
/content/drive/MyDrive/Brain_Tumor_CNN_Project/dataset/Epic and CSCR hospital Dataset/Train/notumor/1760.jpg,notumor,0
/content/drive/MyDrive/Brain_Tumor_CNN_Project/dataset/Epic and CSCR hospital Dataset/Train/pituitary/P_809_VF_.jpg,pituitary,1
/content/drive/MyDrive/Brain_Tumor_CNN_Project/dataset/Epic and CSCR hospital Dataset/Train/notumor/Te-no_0139.jpg,notumor,0
/content/drive/MyDrive/Brain_Tumor_CNN_Project/dataset/Epic and CSCR hospital Dataset/Train/meningioma/Tr-me_0424.jpg,meningioma,1
/content/drive/MyDrive/Brain_Tumor_CNN_Project/dataset/Epic and CSCR hospital Dataset/Train/pituitary/Tr-pi_0318.jpg,pituitary,1
/content/drive/MyDrive/Brain_Tumor_CNN_Project/dataset/Epic and CSCR hospital Dataset/Train/pituitary/P_750_HF_.jpg,pituitary,1
/content/drive/MyDrive/Brain_Tumor_CNN_Project/dataset/Epic and CSCR hospital Dataset/Train/pituitary/P_817.jpg,pituitary,1
/content/drive/MyDrive/Brain_Tumor_CNN_Project/dataset/Epic and CSCR hospital Dataset/Train/glioma/G_754_HF_.jpg,glioma,1
/content/drive/MyDrive/Brain_Tumor_CNN_Project/dataset/Epic and CSCR hospital Dataset/Train/glioma/Tr-gl_0846.jpg,glioma,1
/content/drive/MyDrive/Brain_Tumor_CNN_Project/dataset/Epic and CSCR hospital Dataset/Train/meningioma/M_821_VF_.jpg,meningioma,1
/content/drive/MyDrive/Brain_Tumor_CNN_Project/dataset/Epic and CSCR hospital Dataset/Train/glioma/G_708_BR_.jpg,glioma,1
/content/drive/MyDrive/Brain_Tumor_CNN_Project/dataset/Epic and CSCR hospital Dataset/Train/pituitary/Tr-pi_0767.jpg,pituitary,1
/content/drive/MyDrive/Brain_Tumor_CNN_Project/dataset/Epic and CSCR hospital Dataset/Train/pituitary/Tr-pi_0484.jpg,pituitary,1
/content/drive/MyDrive/Brain_Tumor_CNN_Project/dataset/Epic and CSCR hospital Dataset/Train/meningioma/Tr-me_1205.jpg,meningioma,1
/content/drive/MyDrive/Brain_Tumor_CNN_Project/dataset/Epic and CSCR hospital Dataset/Train/meningioma/m3 (138).jpg,meningioma,1
/content/drive/MyDrive/Brain_Tumor_CNN_Project/dataset/Epic and CSCR hospital Dataset/Train/glioma/G_804_BR_.jpg,glioma,1
/content/drive/MyDrive/Brain_Tumor_CNN_Project/dataset/Epic and CSCR hospital Dataset/Train/glioma/G_876_SP_.jpg,glioma,1
/content/drive/MyDrive/Brain_Tumor_CNN_Project/dataset/Epic and CSCR hospital Dataset/Train/pituitary/Tr-pi_0409.jpg,pituitary,1
/content/drive/MyDrive/Brain_Tumor_CNN_Project/dataset/Epic and CSCR hospital Dataset/Train/pituitary/Tr-pi_0698.jpg,pituitary,1
/content/drive/MyDrive/Brain_Tumor_CNN_Project/dataset/Epic and CSCR hospital Dataset/Train/glioma/Tr-gl_0812.jpg,glioma,1
/content/drive/MyDrive/Brain_Tumor_CNN_Project/dataset/Epic and CSCR hospital Dataset/Train/meningioma/Te-me_0115.jpg,meningioma,1
/content/drive/MyDrive/Brain_Tumor_CNN_Project/dataset/Epic and CSCR hospital Dataset/Train/glioma/gg (453).jpg,glioma,1
/content/drive/MyDrive/Brain_Tumor_CNN_Project/dataset/Epic and CSCR hospital Dataset/Train/glioma/gg (57).jpg,glioma,1
/content/drive/MyDrive/Brain_Tumor_CNN_Project/dataset/Epic and CSCR hospital Dataset/Train/notumor/Tr-no_0646.jpg,notumor,0
/content/drive/MyDrive/Brain_Tumor_CNN_Project/dataset/Epic and CSCR hospital Dataset/Train/glioma/G_741_DA_.jpg,glioma,1
/content/drive/MyDrive/Brain_Tumor_CNN_Project/dataset/Epic and CSCR hospital Dataset/Train/pituitary/p (524).jpg,pituitary,1
/content/drive/MyDrive/Brain_Tumor_CNN_Project/dataset/Epic and CSCR hospital Dataset/Train/notumor/N_40_HF_.jpg,notumor,0
/content/drive/MyDrive/Brain_Tumor_CNN_Project/dataset/Epic and CSCR hospital Dataset/Train/meningioma/Te-me_0131.jpg,meningioma,1
/content/drive/MyDrive/Brain_Tumor_CNN_Project/dataset/Epic and CSCR hospital Dataset/Train/glioma/G_819_VF_.jpg,glioma,1
/content/drive/MyDrive/Brain_Tumor_CNN_Project/dataset/Epic and CSCR hospital Dataset/Train/meningioma/Tr-me_0156.jpg,meningioma,1
/content/drive/MyDrive/Brain_Tumor_CNN_Project/dataset/Epic and CSCR hospital Dataset/Train/glioma/G_742_SP_.jpg,glioma,1
/content/drive/MyDrive/Brain_Tumor_CNN_Project/dataset/Epic and CSCR hospital Dataset/Train/meningioma/m2 (91).jpg,meningioma,1
/content/drive/MyDrive/Brain_Tumor_CNN_Project/dataset/Epic and CSCR hospital Dataset/Train/pituitary/P_733_DA_.jpg,pituitary,1
/content/drive/MyDrive/Brain_Tumor_CNN_Project/dataset/Epic and CSCR hospital Dataset/Train/notumor/N_434.jpg,notumor,0
/content/drive/MyDrive/Brain_Tumor_CNN_Project/dataset/Epic and CSCR hospital Dataset/Train/meningioma/M_872_HF_.jpg,meningioma,1
/content/drive/MyDrive/Brain_Tumor_CNN_Project/dataset/Epic and CSCR hospital Dataset/Train/pituitary/Tr-pi_0507.jpg,pituitary,1
/content/drive/MyDrive/Brain_Tumor_CNN_Project/dataset/Epic and CSCR hospital Dataset/Train/glioma/G_890_SP_.jpg,glioma,1
/content/drive/MyDrive/Brain_Tumor_CNN_Project/dataset/Epic and CSCR hospital Dataset/Train/glioma/gg (381).jpg,glioma,1
/content/drive/MyDrive/Brain_Tumor_CNN_Project/dataset/Epic and CSCR hospital Dataset/Train/glioma/G_766_VF_.jpg,glioma,1
/content/drive/MyDrive/Brain_Tumor_CNN_Project/dataset/Epic and CSCR hospital Dataset/Train/glioma/G_866_VF_.jpg,glioma,1
/content/drive/MyDrive/Brain_Tumor_CNN_Project/dataset/Epic and CSCR hospital Dataset/Train/glioma/Tr-gl_0395.jpg,glioma,1
/content/drive/MyDrive/Brain_Tumor_CNN_Project/dataset/Epic and CSCR hospital Dataset/Train/glioma/G_860.jpg,glioma,1
/content/drive/MyDrive/Brain_Tumor_CNN_Project/dataset/Epic and CSCR hospital Dataset/Train/meningioma/Tr-me_1021.jpg,meningioma,1
/content/drive/MyDrive/Brain_Tumor_CNN_Project/dataset/Epic and CSCR hospital Dataset/Train/notumor/Tr-no_0463.jpg,notumor,0
/content/drive/MyDrive/Brain_Tumor_CNN_Project/dataset/Epic and CSCR hospital Dataset/Train/meningioma/M_866_VF_.jpg,meningioma,1
/content/drive/MyDrive/Brain_Tumor_CNN_Project/dataset/Epic and CSCR hospital Dataset/Train/glioma/Te-gl_0067.jpg,glioma,1
/content/drive/MyDrive/Brain_Tumor_CNN_Project/dataset/Epic and CSCR hospital Dataset/Train/glioma/G_807_HF_.jpg,glioma,1
/content/drive/MyDrive/Brain_Tumor_CNN_Project/dataset/Epic and CSCR hospital Dataset/Train/meningioma/1407.jpg,meningioma,1
/content/drive/MyDrive/Brain_Tumor_CNN_Project/dataset/Epic and CSCR hospital Dataset/Train/meningioma/M_876_SP_.jpg,meningioma,1
/content/drive/MyDrive/Brain_Tumor_CNN_Project/dataset/Epic and CSCR hospital Dataset/Train/meningioma/Te-me_0157.jpg,meningioma,1
/content/drive/MyDrive/Brain_Tumor_CNN_Project/dataset/Epic and CSCR hospital Dataset/Train/meningioma/M_845_SP_.jpg,meningioma,1
/content/drive/MyDrive/Brain_Tumor_CNN_Project/dataset/Epic and CSCR hospital Dataset/Train/meningioma/M_836_HF_.jpg,meningioma,1
/content/drive/MyDrive/Brain_Tumor_CNN_Project/dataset/Epic and CSCR hospital Dataset/Train/pituitary/Tr-pi_0751.jpg,pituitary,1
/content/drive/MyDrive/Brain_Tumor_CNN_Project/dataset/Epic and CSCR hospital Dataset/Train/glioma/Tr-gl_1007.jpg,glioma,1
/content/drive/MyDrive/Brain_Tumor_CNN_Project/dataset/Epic and CSCR hospital Dataset/Train/glioma/Tr-gl_0392.jpg,glioma,1
/content/drive/MyDrive/Brain_Tumor_CNN_Project/dataset/Epic and CSCR hospital Dataset/Train/glioma/gg (51).jpg,glioma,1
/content/drive/MyDrive/Brain_Tumor_CNN_Project/dataset/Epic and CSCR hospital Dataset/Train/notumor/N_3_SP_.jpg,notumor,0
/content/drive/MyDrive/Brain_Tumor_CNN_Project/dataset/Epic and CSCR hospital Dataset/Train/pituitary/p (541).jpg,pituitary,1
/content/drive/MyDrive/Brain_Tumor_CNN_Project/dataset/Epic and CSCR hospital Dataset/Train/pituitary/P_844_SP_.jpg,pituitary,1
/content/drive/MyDrive/Brain_Tumor_CNN_Project/dataset/Epic and CSCR hospital Dataset/Train/glioma/gg (619).jpg,glioma,1
/content/drive/MyDrive/Brain_Tumor_CNN_Project/dataset/Epic and CSCR hospital Dataset/Train/meningioma/m2 (30).jpg,meningioma,1
/content/drive/MyDrive/Brain_Tumor_CNN_Project/dataset/Epic and CSCR hospital Dataset/Train/meningioma/M_843_DA_.jpg,meningioma,1
/content/drive/MyDrive/Brain_Tumor_CNN_Project/dataset/Epic and CSCR hospital Dataset/Train/glioma/gg (341).jpg,glioma,1
/content/drive/MyDrive/Brain_Tumor_CNN_Project/dataset/Epic and CSCR hospital Dataset/Train/glioma/G_764_HF_.jpg,glioma,1
/content/drive/MyDrive/Brain_Tumor_CNN_Project/dataset/Epic and CSCR hospital Dataset/Train/pituitary/Tr-pi_1018.jpg,pituitary,1
/content/drive/MyDrive/Brain_Tumor_CNN_Project/dataset/Epic and CSCR hospital Dataset/Train/meningioma/M_879_BR_.jpg,meningioma,1
/content/drive/MyDrive/Brain_Tumor_CNN_Project/dataset/Epic and CSCR hospital Dataset/Train/glioma/G_888_SP_.jpg,glioma,1
/content/drive/MyDrive/Brain_Tumor_CNN_Project/dataset/Epic and CSCR hospital Dataset/Train/pituitary/Tr-pi_0629.jpg,pituitary,1
/content/drive/MyDrive/Brain_Tumor_CNN_Project/dataset/Epic and CSCR hospital Dataset/Train/notumor/N_417_HF_.jpg,notumor,0
/content/drive/MyDrive/Brain_Tumor_CNN_Project/dataset/Epic and CSCR hospital Dataset/Train/pituitary/P_804_HF_.jpg,pituitary,1
/content/drive/MyDrive/Brain_Tumor_CNN_Project/dataset/Epic and CSCR hospital Dataset/Train/glioma/Tr-gl_0873.jpg,glioma,1
/content/drive/MyDrive/Brain_Tumor_CNN_Project/dataset/Epic and CSCR hospital Dataset/Train/meningioma/Tr-me_0480.jpg,meningioma,1
/content/drive/MyDrive/Brain_Tumor_CNN_Project/dataset/Epic and CSCR hospital Dataset/Train/notumor/1621.jpg,notumor,0
/content/drive/MyDrive/Brain_Tumor_CNN_Project/dataset/Epic and CSCR hospital Dataset/Train/meningioma/Tr-me_0164.jpg,meningioma,1
/content/drive/MyDrive/Brain_Tumor_CNN_Project/dataset/Epic and CSCR hospital Dataset/Train/pituitary/Tr-pi_0297.jpg,pituitary,1
/content/drive/MyDrive/Brain_Tumor_CNN_Project/dataset/Epic and CSCR hospital Dataset/Train/meningioma/M_870_SP_.jpg,meningioma,1
/content/drive/MyDrive/Brain_Tumor_CNN_Project/dataset/Epic and CSCR hospital Dataset/Train/notumor/Tr-no_0286.jpg,notumor,0
/content/drive/MyDrive/Brain_Tumor_CNN_Project/dataset/Epic and CSCR hospital Dataset/Train/meningioma/M_875_VF_.jpg,meningioma,1
/content/drive/MyDrive/Brain_Tumor_CNN_Project/dataset/Epic and CSCR hospital Dataset/Train/glioma/G_877_RO_.jpg,glioma,1
/content/drive/MyDrive/Brain_Tumor_CNN_Project/dataset/Epic and CSCR hospital Dataset/Train/notumor/Tr-no_0365.jpg,notumor,0
/content/drive/MyDrive/Brain_Tumor_CNN_Project/dataset/Epic and CSCR hospital Dataset/Train/glioma/image(86).jpg,glioma,1
/content/drive/MyDrive/Brain_Tumor_CNN_Project/dataset/Epic and CSCR hospital Dataset/Train/notumor/image(14).jpg,notumor,0
/content/drive/MyDrive/Brain_Tumor_CNN_Project/dataset/Epic and CSCR hospital Dataset/Train/pituitary/P_713_DA_.jpg,pituitary,1
/content/drive/MyDrive/Brain_Tumor_CNN_Project/dataset/Epic and CSCR hospital Dataset/Train/meningioma/m2 (87).jpg,meningioma,1
/content/drive/MyDrive/Brain_Tumor_CNN_Project/dataset/Epic and CSCR hospital Dataset/Train/meningioma/Te-me_0132.jpg,meningioma,1
/content/drive/MyDrive/Brain_Tumor_CNN_Project/dataset/Epic and CSCR hospital Dataset/Train/pituitary/Tr-pi_1057.jpg,pituitary,1
/content/drive/MyDrive/Brain_Tumor_CNN_Project/dataset/Epic and CSCR hospital Dataset/Train/glioma/Tr-gl_0919.jpg,glioma,1
/content/drive/MyDrive/Brain_Tumor_CNN_Project/dataset/Epic and CSCR hospital Dataset/Train/glioma/Tr-gl_0936.jpg,glioma,1
/content/drive/MyDrive/Brain_Tumor_CNN_Project/dataset/Epic and CSCR hospital Dataset/Train/meningioma/Te-me_0233.jpg,meningioma,1
/content/drive/MyDrive/Brain_Tumor_CNN_Project/dataset/Epic and CSCR hospital Dataset/Train/pituitary/Tr-pi_0797.jpg,pituitary,1
/content/drive/MyDrive/Brain_Tumor_CNN_Project/dataset/Epic and CSCR hospital Dataset/Train/glioma/Tr-gl_0965.jpg,glioma,1
/content/drive/MyDrive/Brain_Tumor_CNN_Project/dataset/Epic and CSCR hospital Dataset/Train/glioma/Tr-gl_0390.jpg,glioma,1
/content/drive/MyDrive/Brain_Tumor_CNN_Project/dataset/Epic and CSCR hospital Dataset/Train/pituitary/P_789_SP_.jpg,pituitary,1
/content/drive/MyDrive/Brain_Tumor_CNN_Project/dataset/Epic and CSCR hospital Dataset/Train/pituitary/Tr-pi_1220.jpg,pituitary,1
/content/drive/MyDrive/Brain_Tumor_CNN_Project/dataset/Epic and CSCR hospital Dataset/Train/meningioma/Tr-me_0077.jpg,meningioma,1
/content/drive/MyDrive/Brain_Tumor_CNN_Project/dataset/Epic and CSCR hospital Dataset/Train/notumor/1775.jpg,notumor,0
/content/drive/MyDrive/Brain_Tumor_CNN_Project/dataset/Epic and CSCR hospital Dataset/Train/glioma/Tr-gl_1165.jpg,glioma,1
/content/drive/MyDrive/Brain_Tumor_CNN_Project/dataset/Epic and CSCR hospital Dataset/Train/glioma/G_792.jpg,glioma,1
/content/drive/MyDrive/Brain_Tumor_CNN_Project/dataset/Epic and CSCR hospital Dataset/Train/meningioma/Tr-me_0221.jpg,meningioma,1
/content/drive/MyDrive/Brain_Tumor_CNN_Project/dataset/Epic and CSCR hospital Dataset/Train/pituitary/P_837_VF_.jpg,pituitary,1
/content/drive/MyDrive/Brain_Tumor_CNN_Project/dataset/Epic and CSCR hospital Dataset/Train/meningioma/Te-me_0299.jpg,meningioma,1
/content/drive/MyDrive/Brain_Tumor_CNN_Project/dataset/Epic and CSCR hospital Dataset/Train/glioma/G_728_HF_.jpg,glioma,1
/content/drive/MyDrive/Brain_Tumor_CNN_Project/dataset/Epic and CSCR hospital Dataset/Train/notumor/Tr-no_0408.jpg,notumor,0
/content/drive/MyDrive/Brain_Tumor_CNN_Project/dataset/Epic and CSCR hospital Dataset/Train/glioma/Tr-gl_0300.jpg,glioma,1
/content/drive/MyDrive/Brain_Tumor_CNN_Project/dataset/Epic and CSCR hospital Dataset/Train/pituitary/P_726.jpg,pituitary,1
/content/drive/MyDrive/Brain_Tumor_CNN_Project/dataset/Epic and CSCR hospital Dataset/Train/pituitary/P_769_RO_.jpg,pituitary,1
/content/drive/MyDrive/Brain_Tumor_CNN_Project/dataset/Epic and CSCR hospital Dataset/Train/pituitary/Tr-pi_1069.jpg,pituitary,1
/content/drive/MyDrive/Brain_Tumor_CNN_Project/dataset/Epic and CSCR hospital Dataset/Train/glioma/Te-gl_0196.jpg,glioma,1
/content/drive/MyDrive/Brain_Tumor_CNN_Project/dataset/Epic and CSCR hospital Dataset/Train/notumor/N_45_DA_.jpg,notumor,0
/content/drive/MyDrive/Brain_Tumor_CNN_Project/dataset/Epic and CSCR hospital Dataset/Train/notumor/Te-no_0160.jpg,notumor,0
/content/drive/MyDrive/Brain_Tumor_CNN_Project/dataset/Epic and CSCR hospital Dataset/Train/pituitary/Tr-pi_1356.jpg,pituitary,1
/content/drive/MyDrive/Brain_Tumor_CNN_Project/dataset/Epic and CSCR hospital Dataset/Train/glioma/G_868_RO_.jpg,glioma,1
/content/drive/MyDrive/Brain_Tumor_CNN_Project/dataset/Epic and CSCR hospital Dataset/Train/meningioma/Tr-me_0619.jpg,meningioma,1
/content/drive/MyDrive/Brain_Tumor_CNN_Project/dataset/Epic and CSCR hospital Dataset/Train/notumor/N_401_RO_.jpg,notumor,0
/content/drive/MyDrive/Brain_Tumor_CNN_Project/dataset/Epic and CSCR hospital Dataset/Train/glioma/gg (577).jpg,glioma,1
/content/drive/MyDrive/Brain_Tumor_CNN_Project/dataset/Epic and CSCR hospital Dataset/Train/pituitary/Tr-pi_0530.jpg,pituitary,1
/content/drive/MyDrive/Brain_Tumor_CNN_Project/dataset/Epic and CSCR hospital Dataset/Train/notumor/N_388_VF_.jpg,notumor,0
/content/drive/MyDrive/Brain_Tumor_CNN_Project/dataset/Epic and CSCR hospital Dataset/Train/notumor/Tr-no_0477.jpg,notumor,0
/content/drive/MyDrive/Brain_Tumor_CNN_Project/dataset/Epic and CSCR hospital Dataset/Train/meningioma/m2 (73).jpg,meningioma,1
/content/drive/MyDrive/Brain_Tumor_CNN_Project/dataset/Epic and CSCR hospital Dataset/Train/pituitary/Tr-pi_1148.jpg,pituitary,1
/content/drive/MyDrive/Brain_Tumor_CNN_Project/dataset/Epic and CSCR hospital Dataset/Train/glioma/gg (589).jpg,glioma,1
/content/drive/MyDrive/Brain_Tumor_CNN_Project/dataset/Epic and CSCR hospital Dataset/Train/glioma/G_881_DA_.jpg,glioma,1
/content/drive/MyDrive/Brain_Tumor_CNN_Project/dataset/Epic and CSCR hospital Dataset/Train/meningioma/Tr-me_0999.jpg,meningioma,1
/content/drive/MyDrive/Brain_Tumor_CNN_Project/dataset/Epic and CSCR hospital Dataset/Train/notumor/N_57_SP_.jpg,notumor,0
/content/drive/MyDrive/Brain_Tumor_CNN_Project/dataset/Epic and CSCR hospital Dataset/Train/meningioma/M_855_SP_.jpg,meningioma,1
/content/drive/MyDrive/Brain_Tumor_CNN_Project/dataset/Epic and CSCR hospital Dataset/Train/pituitary/Tr-pi_0782.jpg,pituitary,1
/content/drive/MyDrive/Brain_Tumor_CNN_Project/dataset/Epic and CSCR hospital Dataset/Train/glioma/G_819_DA_.jpg,glioma,1
/content/drive/MyDrive/Brain_Tumor_CNN_Project/dataset/Epic and CSCR hospital Dataset/Train/glioma/Tr-gl_1115.jpg,glioma,1
/content/drive/MyDrive/Brain_Tumor_CNN_Project/dataset/Epic and CSCR hospital Dataset/Train/pituitary/P_835_SP_.jpg,pituitary,1
/content/drive/MyDrive/Brain_Tumor_CNN_Project/dataset/Epic and CSCR hospital Dataset/Train/pituitary/P_759_HF_.jpg,pituitary,1
/content/drive/MyDrive/Brain_Tumor_CNN_Project/dataset/Epic and CSCR hospital Dataset/Train/glioma/Tr-gl_0799.jpg,glioma,1
/content/drive/MyDrive/Brain_Tumor_CNN_Project/dataset/Epic and CSCR hospital Dataset/Train/meningioma/m2 (130).jpg,meningioma,1
/content/drive/MyDrive/Brain_Tumor_CNN_Project/dataset/Epic and CSCR hospital Dataset/Train/notumor/N_58_DA_.jpg,notumor,0
/content/drive/MyDrive/Brain_Tumor_CNN_Project/dataset/Epic and CSCR hospital Dataset/Train/meningioma/Tr-me_0769.jpg,meningioma,1
/content/drive/MyDrive/Brain_Tumor_CNN_Project/dataset/Epic and CSCR hospital Dataset/Train/glioma/Tr-gl_0034.jpg,glioma,1
/content/drive/MyDrive/Brain_Tumor_CNN_Project/dataset/Epic and CSCR hospital Dataset/Train/glioma/G_796_SP_.jpg,glioma,1
/content/drive/MyDrive/Brain_Tumor_CNN_Project/dataset/Epic and CSCR hospital Dataset/Train/glioma/Tr-gl_0312.jpg,glioma,1
/content/drive/MyDrive/Brain_Tumor_CNN_Project/dataset/Epic and CSCR hospital Dataset/Train/glioma/Tr-gl_0451.jpg,glioma,1
/content/drive/MyDrive/Brain_Tumor_CNN_Project/dataset/Epic and CSCR hospital Dataset/Train/glioma/gg (55).jpg,glioma,1
/content/drive/MyDrive/Brain_Tumor_CNN_Project/dataset/Epic and CSCR hospital Dataset/Train/pituitary/P_727_VF_.jpg,pituitary,1
/content/drive/MyDrive/Brain_Tumor_CNN_Project/dataset/Epic and CSCR hospital Dataset/Train/pituitary/1200.jpg,pituitary,1
/content/drive/MyDrive/Brain_Tumor_CNN_Project/dataset/Epic and CSCR hospital Dataset/Train/meningioma/Tr-me_1182.jpg,meningioma,1
/content/drive/MyDrive/Brain_Tumor_CNN_Project/dataset/Epic and CSCR hospital Dataset/Train/meningioma/M_859_BR_.jpg,meningioma,1
/content/drive/MyDrive/Brain_Tumor_CNN_Project/dataset/Epic and CSCR hospital Dataset/Train/pituitary/P_803.jpg,pituitary,1
/content/drive/MyDrive/Brain_Tumor_CNN_Project/dataset/Epic and CSCR hospital Dataset/Train/meningioma/Tr-me_1263.jpg,meningioma,1
/content/drive/MyDrive/Brain_Tumor_CNN_Project/dataset/Epic and CSCR hospital Dataset/Train/meningioma/Te-me_0195.jpg,meningioma,1
/content/drive/MyDrive/Brain_Tumor_CNN_Project/dataset/Epic and CSCR hospital Dataset/Train/meningioma/M_885_BR_.jpg,meningioma,1
/content/drive/MyDrive/Brain_Tumor_CNN_Project/dataset/Epic and CSCR hospital Dataset/Train/glioma/G_711_DA_.jpg,glioma,1
/content/drive/MyDrive/Brain_Tumor_CNN_Project/dataset/Epic and CSCR hospital Dataset/Train/meningioma/1347.jpg,meningioma,1
/content/drive/MyDrive/Brain_Tumor_CNN_Project/dataset/Epic and CSCR hospital Dataset/Train/pituitary/P_7_HF_.jpg,pituitary,1
/content/drive/MyDrive/Brain_Tumor_CNN_Project/dataset/Epic and CSCR hospital Dataset/Train/glioma/G_876_HF_.jpg,glioma,1
/content/drive/MyDrive/Brain_Tumor_CNN_Project/dataset/Epic and CSCR hospital Dataset/Train/pituitary/Tr-pi_1222.jpg,pituitary,1
/content/drive/MyDrive/Brain_Tumor_CNN_Project/dataset/Epic and CSCR hospital Dataset/Train/meningioma/Tr-me_0410.jpg,meningioma,1
/content/drive/MyDrive/Brain_Tumor_CNN_Project/dataset/Epic and CSCR hospital Dataset/Train/glioma/G_831_BR_.jpg,glioma,1
/content/drive/MyDrive/Brain_Tumor_CNN_Project/dataset/Epic and CSCR hospital Dataset/Train/glioma/G_858_VF_.jpg,glioma,1
/content/drive/MyDrive/Brain_Tumor_CNN_Project/dataset/Epic and CSCR hospital Dataset/Train/notumor/Tr-no_0613.jpg,notumor,0
/content/drive/MyDrive/Brain_Tumor_CNN_Project/dataset/Epic and CSCR hospital Dataset/Train/notumor/N_432_SP_.jpg,notumor,0
/content/drive/MyDrive/Brain_Tumor_CNN_Project/dataset/Epic and CSCR hospital Dataset/Train/glioma/Tr-gl_0155.jpg,glioma,1
/content/drive/MyDrive/Brain_Tumor_CNN_Project/dataset/Epic and CSCR hospital Dataset/Train/pituitary/Tr-pi_0523.jpg,pituitary,1
/content/drive/MyDrive/Brain_Tumor_CNN_Project/dataset/Epic and CSCR hospital Dataset/Train/pituitary/Tr-pi_1199.jpg,pituitary,1
/content/drive/MyDrive/Brain_Tumor_CNN_Project/dataset/Epic and CSCR hospital Dataset/Train/pituitary/Tr-pi_0693.jpg,pituitary,1
/content/drive/MyDrive/Brain_Tumor_CNN_Project/dataset/Epic and CSCR hospital Dataset/Train/meningioma/Tr-me_0551.jpg,meningioma,1
/content/drive/MyDrive/Brain_Tumor_CNN_Project/dataset/Epic and CSCR hospital Dataset/Train/meningioma/M_870_BR_.jpg,meningioma,1
/content/drive/MyDrive/Brain_Tumor_CNN_Project/dataset/Epic and CSCR hospital Dataset/Train/meningioma/M_886_RO_.jpg,meningioma,1
/content/drive/MyDrive/Brain_Tumor_CNN_Project/dataset/Epic and CSCR hospital Dataset/Train/notumor/1787.jpg,notumor,0
/content/drive/MyDrive/Brain_Tumor_CNN_Project/dataset/Epic and CSCR hospital Dataset/Train/glioma/G_883_VF_.jpg,glioma,1
/content/drive/MyDrive/Brain_Tumor_CNN_Project/dataset/Epic and CSCR hospital Dataset/Train/glioma/Tr-gl_0819.jpg,glioma,1
/content/drive/MyDrive/Brain_Tumor_CNN_Project/dataset/Epic and CSCR hospital Dataset/Train/pituitary/Tr-pi_0105.jpg,pituitary,1
/content/drive/MyDrive/Brain_Tumor_CNN_Project/dataset/Epic and CSCR hospital Dataset/Train/notumor/1620.jpg,notumor,0
/content/drive/MyDrive/Brain_Tumor_CNN_Project/dataset/Epic and CSCR hospital Dataset/Train/glioma/Tr-gl_0153.jpg,glioma,1
/content/drive/MyDrive/Brain_Tumor_CNN_Project/dataset/Epic and CSCR hospital Dataset/Train/pituitary/P_717_BR_.jpg,pituitary,1
/content/drive/MyDrive/Brain_Tumor_CNN_Project/dataset/Epic and CSCR hospital Dataset/Train/pituitary/Tr-pi_1043.jpg,pituitary,1
/content/drive/MyDrive/Brain_Tumor_CNN_Project/dataset/Epic and CSCR hospital Dataset/Train/glioma/G_765_BR_.jpg,glioma,1
/content/drive/MyDrive/Brain_Tumor_CNN_Project/dataset/Epic and CSCR hospital Dataset/Train/pituitary/Tr-pi_0501.jpg,pituitary,1
/content/drive/MyDrive/Brain_Tumor_CNN_Project/dataset/Epic and CSCR hospital Dataset/Train/meningioma/m3 (104).jpg,meningioma,1
/content/drive/MyDrive/Brain_Tumor_CNN_Project/dataset/Epic and CSCR hospital Dataset/Train/glioma/G_838_SP_.jpg,glioma,1
/content/drive/MyDrive/Brain_Tumor_CNN_Project/dataset/Epic and CSCR hospital Dataset/Train/glioma/gg (502).jpg,glioma,1
/content/drive/MyDrive/Brain_Tumor_CNN_Project/dataset/Epic and CSCR hospital Dataset/Train/pituitary/Tr-pi_0416.jpg,pituitary,1
/content/drive/MyDrive/Brain_Tumor_CNN_Project/dataset/Epic and CSCR hospital Dataset/Train/glioma/Tr-gl_0629.jpg,glioma,1
/content/drive/MyDrive/Brain_Tumor_CNN_Project/dataset/Epic and CSCR hospital Dataset/Train/meningioma/Tr-me_0458.jpg,meningioma,1
/content/drive/MyDrive/Brain_Tumor_CNN_Project/dataset/Epic and CSCR hospital Dataset/Train/meningioma/Tr-me_0238.jpg,meningioma,1
/content/drive/MyDrive/Brain_Tumor_CNN_Project/dataset/Epic and CSCR hospital Dataset/Train/pituitary/Tr-pi_0730.jpg,pituitary,1
/content/drive/MyDrive/Brain_Tumor_CNN_Project/dataset/Epic and CSCR hospital Dataset/Train/glioma/Tr-gl_0979.jpg,glioma,1
/content/drive/MyDrive/Brain_Tumor_CNN_Project/dataset/Epic and CSCR hospital Dataset/Train/meningioma/Tr-me_0498.jpg,meningioma,1
/content/drive/MyDrive/Brain_Tumor_CNN_Project/dataset/Epic and CSCR hospital Dataset/Train/pituitary/Tr-pi_0466.jpg,pituitary,1
/content/drive/MyDrive/Brain_Tumor_CNN_Project/dataset/Epic and CSCR hospital Dataset/Train/meningioma/1402.jpg,meningioma,1
/content/drive/MyDrive/Brain_Tumor_CNN_Project/dataset/Epic and CSCR hospital Dataset/Train/notumor/Te-no_0213.jpg,notumor,0
/content/drive/MyDrive/Brain_Tumor_CNN_Project/dataset/Epic and CSCR hospital Dataset/Train/glioma/Tr-gl_1214.jpg,glioma,1
/content/drive/MyDrive/Brain_Tumor_CNN_Project/dataset/Epic and CSCR hospital Dataset/Train/pituitary/P_720_RO_.jpg,pituitary,1
/content/drive/MyDrive/Brain_Tumor_CNN_Project/dataset/Epic and CSCR hospital Dataset/Train/meningioma/Tr-me_0772.jpg,meningioma,1
/content/drive/MyDrive/Brain_Tumor_CNN_Project/dataset/Epic and CSCR hospital Dataset/Train/meningioma/Tr-me_0287.jpg,meningioma,1
/content/drive/MyDrive/Brain_Tumor_CNN_Project/dataset/Epic and CSCR hospital Dataset/Train/notumor/Tr-no_0426.jpg,notumor,0
/content/drive/MyDrive/Brain_Tumor_CNN_Project/dataset/Epic and CSCR hospital Dataset/Train/pituitary/Te-pi_0173.jpg,pituitary,1
/content/drive/MyDrive/Brain_Tumor_CNN_Project/dataset/Epic and CSCR hospital Dataset/Train/meningioma/M_884_RO_.jpg,meningioma,1
/content/drive/MyDrive/Brain_Tumor_CNN_Project/dataset/Epic and CSCR hospital Dataset/Train/glioma/Tr-gl_1101.jpg,glioma,1
/content/drive/MyDrive/Brain_Tumor_CNN_Project/dataset/Epic and CSCR hospital Dataset/Train/notumor/N_407.jpg,notumor,0
/content/drive/MyDrive/Brain_Tumor_CNN_Project/dataset/Epic and CSCR hospital Dataset/Train/meningioma/Tr-me_1287.jpg,meningioma,1
/content/drive/MyDrive/Brain_Tumor_CNN_Project/dataset/Epic and CSCR hospital Dataset/Train/glioma/gg (372).jpg,glioma,1
/content/drive/MyDrive/Brain_Tumor_CNN_Project/dataset/Epic and CSCR hospital Dataset/Train/pituitary/Tr-pi_0707.jpg,pituitary,1
/content/drive/MyDrive/Brain_Tumor_CNN_Project/dataset/Epic and CSCR hospital Dataset/Train/meningioma/Tr-me_1104.jpg,meningioma,1
/content/drive/MyDrive/Brain_Tumor_CNN_Project/dataset/Epic and CSCR hospital Dataset/Train/pituitary/p (498).jpg,pituitary,1
/content/drive/MyDrive/Brain_Tumor_CNN_Project/dataset/Epic and CSCR hospital Dataset/Train/glioma/Te-gl_0299.jpg,glioma,1
/content/drive/MyDrive/Brain_Tumor_CNN_Project/dataset/Epic and CSCR hospital Dataset/Train/meningioma/m2 (58).jpg,meningioma,1
/content/drive/MyDrive/Brain_Tumor_CNN_Project/dataset/Epic and CSCR hospital Dataset/Train/glioma/Tr-gl_1179.jpg,glioma,1
/content/drive/MyDrive/Brain_Tumor_CNN_Project/dataset/Epic and CSCR hospital Dataset/Train/pituitary/Tr-pi_0341.jpg,pituitary,1
/content/drive/MyDrive/Brain_Tumor_CNN_Project/dataset/Epic and CSCR hospital Dataset/Train/notumor/1821.jpg,notumor,0
/content/drive/MyDrive/Brain_Tumor_CNN_Project/dataset/Epic and CSCR hospital Dataset/Train/glioma/Tr-gl_1070.jpg,glioma,1
/content/drive/MyDrive/Brain_Tumor_CNN_Project/dataset/Epic and CSCR hospital Dataset/Train/pituitary/Te-pi_0199.jpg,pituitary,1
/content/drive/MyDrive/Brain_Tumor_CNN_Project/dataset/Epic and CSCR hospital Dataset/Train/pituitary/Tr-pi_0467.jpg,pituitary,1
/content/drive/MyDrive/Brain_Tumor_CNN_Project/dataset/Epic and CSCR hospital Dataset/Train/glioma/G_873_RO_.jpg,glioma,1
/content/drive/MyDrive/Brain_Tumor_CNN_Project/dataset/Epic and CSCR hospital Dataset/Train/meningioma/M_826_VF_.jpg,meningioma,1
/content/drive/MyDrive/Brain_Tumor_CNN_Project/dataset/Epic and CSCR hospital Dataset/Train/notumor/11 no.jpg,notumor,0
/content/drive/MyDrive/Brain_Tumor_CNN_Project/dataset/Epic and CSCR hospital Dataset/Train/pituitary/1199.jpg,pituitary,1
/content/drive/MyDrive/Brain_Tumor_CNN_Project/dataset/Epic and CSCR hospital Dataset/Train/glioma/Tr-gl_1097.jpg,glioma,1
/content/drive/MyDrive/Brain_Tumor_CNN_Project/dataset/Epic and CSCR hospital Dataset/Train/glioma/Tr-gl_0141.jpg,glioma,1
/content/drive/MyDrive/Brain_Tumor_CNN_Project/dataset/Epic and CSCR hospital Dataset/Train/pituitary/Tr-pi_1315.jpg,pituitary,1
/content/drive/MyDrive/Brain_Tumor_CNN_Project/dataset/Epic and CSCR hospital Dataset/Train/meningioma/Tr-me_0248.jpg,meningioma,1
/content/drive/MyDrive/Brain_Tumor_CNN_Project/dataset/Epic and CSCR hospital Dataset/Train/meningioma/Tr-me_0237.jpg,meningioma,1
/content/drive/MyDrive/Brain_Tumor_CNN_Project/dataset/Epic and CSCR hospital Dataset/Train/pituitary/p (519).jpg,pituitary,1
/content/drive/MyDrive/Brain_Tumor_CNN_Project/dataset/Epic and CSCR hospital Dataset/Train/glioma/G_761_RO_.jpg,glioma,1
/content/drive/MyDrive/Brain_Tumor_CNN_Project/dataset/Epic and CSCR hospital Dataset/Train/pituitary/Tr-pi_1373.jpg,pituitary,1
/content/drive/MyDrive/Brain_Tumor_CNN_Project/dataset/Epic and CSCR hospital Dataset/Train/pituitary/P_771_RO_.jpg,pituitary,1
/content/drive/MyDrive/Brain_Tumor_CNN_Project/dataset/Epic and CSCR hospital Dataset/Train/meningioma/Tr-me_0500.jpg,meningioma,1
/content/drive/MyDrive/Brain_Tumor_CNN_Project/dataset/Epic and CSCR hospital Dataset/Train/meningioma/Tr-me_1297.jpg,meningioma,1
/content/drive/MyDrive/Brain_Tumor_CNN_Project/dataset/Epic and CSCR hospital Dataset/Train/pituitary/Tr-pi_0474.jpg,pituitary,1
/content/drive/MyDrive/Brain_Tumor_CNN_Project/dataset/Epic and CSCR hospital Dataset/Train/meningioma/1378.jpg,meningioma,1
/content/drive/MyDrive/Brain_Tumor_CNN_Project/dataset/Epic and CSCR hospital Dataset/Train/notumor/Tr-no_0026.jpg,notumor,0
